id_commande,date,id_client,canal,categorie,produit,taille,quantite,prix_unitaire,remise_pct,montant
10001,2025-01-01,C0029,En ligne,Chaussures,Sneakers running,39,1,99.9,30,69.93
10002,2025-01-01,C0030,Boutique,Pulls & sweats,Sweat col rond,M,1,39.9,30,27.93
10003,2025-01-01,C0112,En ligne,Chaussures,Bottines,41,1,109.9,30,76.93
10003,2025-01-01,C0112,En ligne,T-shirts,T-shirt imprimé,M,1,24.9,0,24.9
10004,2025-01-01,C0748,Boutique,Accessoires,Casquette,Unique,1,19.9,0,19.9
10005,2025-01-01,C0883,Boutique,T-shirts,T-shirt oversize,XS,1,29.9,30,20.93
10006,2025-01-01,C0013,Boutique,Accessoires,Bonnet,Unique,1,17.9,30,12.53
10007,2025-01-01,C0120,Boutique,Vestes,Coupe-vent,M,1,64.9,30,45.43
10008,2025-01-01,C0656,Boutique,Pulls & sweats,Sweat à capuche,M,1,49.9,30,34.93
10009,2025-01-01,C0028,Boutique,Chaussures,Baskets blanches,44,1,89.9,30,62.93
10010,2025-01-01,C0272,En ligne,Vestes,Coupe-vent,M,1,64.9,0,64.9
10010,2025-01-01,C0272,En ligne,Pulls & sweats,Sweat à capuche,XS,1,49.9,30,34.93
10011,2025-01-01,C0081,En ligne,Vestes,Veste en jean,M,1,79.9,0,79.9
10011,2025-01-01,C0081,En ligne,Accessoires,Casquette,Unique,1,19.9,30,13.93
10012,2025-01-02,C0769,En ligne,Pulls & sweats,Pull en laine,L,1,59.9,30,41.93
10012,2025-01-02,C0769,En ligne,Chaussures,Sneakers running,39,1,99.9,30,69.93
10013,2025-01-02,C0306,Boutique,Pulls & sweats,Pull en laine,L,1,59.9,30,41.93
10014,2025-01-02,C0001,Boutique,Pulls & sweats,Pull en laine,M,2,59.9,0,119.8
10015,2025-01-02,C0113,Boutique,Chaussures,Baskets blanches,40,2,89.9,30,125.86
10016,2025-01-02,C0061,Boutique,Vestes,Coupe-vent,M,1,64.9,30,45.43
10017,2025-01-02,C0206,Boutique,Chaussures,Bottines,39,1,109.9,30,76.93
10018,2025-01-02,C0009,Boutique,Pulls & sweats,Sweat à capuche,XS,1,49.9,0,49.9
10019,2025-01-02,C0005,Boutique,Pulls & sweats,Sweat col rond,L,1,39.9,30,27.93
10020,2025-01-02,C0591,Boutique,Accessoires,Bonnet,Unique,1,17.9,0,17.9
10020,2025-01-02,C0591,Boutique,Pantalons,Jogging,L,1,34.9,0,34.9
10021,2025-01-02,C0101,En ligne,Accessoires,Casquette,Unique,1,19.9,30,13.93
10021,2025-01-02,C0101,En ligne,Pantalons,Jogging,XL,1,34.9,30,24.43
10022,2025-01-02,C0104,Boutique,T-shirts,T-shirt oversize,XL,1,29.9,0,29.9
10023,2025-01-03,C0219,Boutique,Pulls & sweats,Sweat à capuche,L,2,49.9,30,69.86
10023,2025-01-03,C0219,Boutique,Pantalons,Jogging,L,1,34.9,0,34.9
10023,2025-01-03,C0219,Boutique,Chaussures,Bottines,39,1,109.9,30,76.93
10024,2025-01-03,C0556,En ligne,T-shirts,T-shirt imprimé,S,1,24.9,0,24.9
10025,2025-01-03,C0083,Boutique,T-shirts,T-shirt basique,M,1,19.9,0,19.9
10026,2025-01-03,C0041,Boutique,Vestes,Coupe-vent,L,1,64.9,30,45.43
10027,2025-01-03,C0034,Boutique,Pulls & sweats,Pull en laine,XS,2,59.9,0,119.8
10027,2025-01-03,C0034,Boutique,Vestes,Coupe-vent,S,2,64.9,30,90.86
10028,2025-01-03,C0120,Boutique,Pulls & sweats,Pull en laine,L,1,59.9,0,59.9
10029,2025-01-03,C0827,Boutique,Accessoires,Écharpe,Unique,2,24.9,30,34.86
10030,2025-01-03,C0271,En ligne,Vestes,Veste en jean,M,1,79.9,30,55.93
10031,2025-01-03,C0874,En ligne,Accessoires,Casquette,Unique,1,19.9,30,13.93
10032,2025-01-03,C0001,Boutique,Accessoires,Bonnet,Unique,1,17.9,30,12.53
10033,2025-01-03,C0010,En ligne,Chaussures,Baskets blanches,43,1,89.9,0,89.9
10033,2025-01-03,C0010,En ligne,Vestes,Veste en jean,XL,1,79.9,30,55.93
10033,2025-01-03,C0010,En ligne,Accessoires,Casquette,Unique,2,19.9,30,27.86
10034,2025-01-03,C0014,Boutique,Accessoires,Sac banane,Unique,1,34.9,0,34.9
10035,2025-01-03,C0021,Boutique,Accessoires,Casquette,Unique,1,19.9,0,19.9
10035,2025-01-03,C0021,Boutique,Accessoires,Ceinture,Unique,1,29.9,0,29.9
10036,2025-01-04,C0274,En ligne,Pantalons,Jean slim,L,2,54.9,30,76.86
10036,2025-01-04,C0274,En ligne,Pantalons,Pantalon cargo,S,1,49.9,0,49.9
10037,2025-01-04,C0409,Boutique,Accessoires,Écharpe,Unique,1,24.9,30,17.43
10037,2025-01-04,C0409,Boutique,Chaussures,Sneakers running,41,1,99.9,30,69.93
10038,2025-01-04,C0034,En ligne,Pantalons,Pantalon cargo,S,1,49.9,0,49.9
10039,2025-01-04,C0195,En ligne,T-shirts,T-shirt oversize,L,1,29.9,0,29.9
10039,2025-01-04,C0195,En ligne,Pulls & sweats,Pull en laine,M,1,59.9,0,59.9
10040,2025-01-04,C0109,En ligne,Pantalons,Jogging,M,1,34.9,0,34.9
10040,2025-01-04,C0109,En ligne,Pulls & sweats,Sweat col rond,XL,2,39.9,0,79.8
10040,2025-01-04,C0109,En ligne,Vestes,Veste en jean,M,1,79.9,0,79.9
10041,2025-01-04,C0101,Boutique,Pantalons,Jogging,L,1,34.9,30,24.43
10041,2025-01-04,C0101,Boutique,Accessoires,Bonnet,Unique,1,17.9,30,12.53
10042,2025-01-04,C0635,Boutique,Chaussures,Sneakers running,40,1,99.9,0,99.9
10042,2025-01-04,C0635,Boutique,T-shirts,T-shirt basique,L,2,19.9,0,39.8
10043,2025-01-04,C0645,Boutique,Pantalons,Jogging,XS,1,34.9,0,34.9
10043,2025-01-04,C0645,Boutique,Chaussures,Baskets blanches,44,1,89.9,30,62.93
10044,2025-01-04,C0052,Boutique,Pulls & sweats,Sweat à capuche,XL,1,49.9,0,49.9
10044,2025-01-04,C0052,Boutique,Vestes,Veste en jean,M,1,79.9,0,79.9
10044,2025-01-04,C0052,Boutique,Accessoires,Sac banane,Unique,1,34.9,30,24.43
10045,2025-01-04,C0461,En ligne,Vestes,Coupe-vent,M,1,64.9,30,45.43
10046,2025-01-04,C0241,En ligne,Vestes,Doudoune,S,1,119.9,30,83.93
10047,2025-01-04,C0054,Boutique,Pantalons,Jean droit,L,1,59.9,30,41.93
10048,2025-01-04,C0021,Boutique,Pantalons,Jean slim,M,2,54.9,30,76.86
10048,2025-01-04,C0021,Boutique,Accessoires,Ceinture,Unique,1,29.9,0,29.9
10049,2025-01-04,C0226,Boutique,Pantalons,Jogging,M,1,34.9,0,34.9
10050,2025-01-04,C0060,Boutique,Vestes,Veste en jean,S,1,79.9,0,79.9
10050,2025-01-04,C0060,Boutique,Pantalons,Jogging,M,1,34.9,30,24.43
10050,2025-01-04,C0060,Boutique,Pantalons,Pantalon cargo,L,1,49.9,30,34.93
10051,2025-01-06,C0003,Boutique,Accessoires,Bonnet,Unique,1,17.9,0,17.9
10052,2025-01-06,C0773,En ligne,Accessoires,Sac banane,Unique,1,34.9,30,24.43
10053,2025-01-06,C0578,Boutique,Pulls & sweats,Pull en laine,L,1,59.9,0,59.9
10054,2025-01-06,C0105,En ligne,Vestes,Veste en jean,M,1,79.9,0,79.9
10055,2025-01-06,C0204,En ligne,Vestes,Doudoune,L,1,119.9,30,83.93
10055,2025-01-06,C0204,En ligne,Accessoires,Sac banane,Unique,1,34.9,30,24.43
10056,2025-01-06,C0380,En ligne,T-shirts,T-shirt imprimé,XL,1,24.9,30,17.43
10056,2025-01-06,C0380,En ligne,Vestes,Veste en jean,L,1,79.9,30,55.93
10057,2025-01-06,C0277,Boutique,Chaussures,Bottines,41,1,109.9,0,109.9
10057,2025-01-06,C0277,Boutique,Pulls & sweats,Sweat à capuche,XL,1,49.9,30,34.93
10057,2025-01-06,C0277,Boutique,Pulls & sweats,Pull en laine,M,1,59.9,0,59.9
10058,2025-01-06,C0333,En ligne,Accessoires,Écharpe,Unique,1,24.9,30,17.43
10059,2025-01-06,C0570,En ligne,T-shirts,T-shirt oversize,S,1,29.9,30,20.93
10059,2025-01-06,C0570,En ligne,Pantalons,Jogging,S,1,34.9,30,24.43
10059,2025-01-06,C0570,En ligne,Pantalons,Jean droit,M,1,59.9,30,41.93
10060,2025-01-07,C0339,Boutique,Pulls & sweats,Sweat à capuche,S,1,49.9,30,34.93
10061,2025-01-07,C0781,Boutique,Chaussures,Bottines,43,1,109.9,0,109.9
10062,2025-01-07,C0103,Boutique,Pantalons,Pantalon cargo,S,1,49.9,30,34.93
10063,2025-01-07,C0567,En ligne,Vestes,Veste en jean,S,1,79.9,30,55.93
10063,2025-01-07,C0567,En ligne,Pantalons,Pantalon cargo,XL,1,49.9,30,34.93
10063,2025-01-07,C0567,En ligne,Pantalons,Jean slim,L,1,54.9,30,38.43
10064,2025-01-07,C0020,Boutique,T-shirts,T-shirt basique,M,1,19.9,0,19.9
10064,2025-01-07,C0020,Boutique,Accessoires,Bonnet,Unique,1,17.9,30,12.53
10064,2025-01-07,C0020,Boutique,Accessoires,Écharpe,Unique,2,24.9,0,49.8
10065,2025-01-07,C0080,En ligne,T-shirts,T-shirt basique,S,1,19.9,30,13.93
10065,2025-01-07,C0080,En ligne,Pulls & sweats,Sweat col rond,M,1,39.9,30,27.93
10065,2025-01-07,C0080,En ligne,Vestes,Veste en jean,S,1,79.9,30,55.93
10066,2025-01-07,C0073,Boutique,Accessoires,Sac banane,Unique,1,34.9,0,34.9
10066,2025-01-07,C0073,Boutique,Pantalons,Jean droit,L,1,59.9,0,59.9
10066,2025-01-07,C0073,Boutique,T-shirts,T-shirt basique,L,1,19.9,30,13.93
10067,2025-01-07,C0450,En ligne,Chaussures,Bottines,39,1,109.9,30,76.93
10067,2025-01-07,C0450,En ligne,Vestes,Veste en jean,XS,1,79.9,0,79.9
10068,2025-01-08,C0087,Boutique,Accessoires,Écharpe,Unique,1,24.9,0,24.9
10069,2025-01-08,C0067,Boutique,Pulls & sweats,Sweat col rond,XL,1,39.9,0,39.9
10069,2025-01-08,C0067,Boutique,Pantalons,Jogging,L,1,34.9,0,34.9
10069,2025-01-08,C0067,Boutique,Pulls & sweats,Sweat col rond,M,1,39.9,0,39.9
10070,2025-01-08,C0038,Boutique,Pulls & sweats,Pull en laine,XS,2,59.9,0,119.8
10071,2025-01-08,C0474,Boutique,Pantalons,Jogging,S,1,34.9,0,34.9
10072,2025-01-08,C0295,Boutique,Pulls & sweats,Sweat col rond,S,1,39.9,30,27.93
10072,2025-01-08,C0295,Boutique,Vestes,Coupe-vent,L,1,64.9,30,45.43
10073,2025-01-08,C0016,Boutique,Accessoires,Écharpe,Unique,1,24.9,30,17.43
10074,2025-01-08,C0484,En ligne,Pantalons,Jean droit,L,2,59.9,30,83.86
10075,2025-01-08,C0807,Boutique,Pulls & sweats,Pull en laine,L,1,59.9,30,41.93
10075,2025-01-08,C0807,Boutique,Accessoires,Ceinture,Unique,1,29.9,30,20.93
10076,2025-01-08,C0557,Boutique,Accessoires,Bonnet,Unique,1,17.9,30,12.53
10076,2025-01-08,C0557,Boutique,Accessoires,Casquette,Unique,1,19.9,30,13.93
10076,2025-01-08,C0557,Boutique,Accessoires,Ceinture,Unique,1,29.9,0,29.9
10077,2025-01-08,C0156,Boutique,Pantalons,Pantalon cargo,M,2,49.9,0,99.8
10078,2025-01-08,C0468,En ligne,Accessoires,Bonnet,Unique,1,17.9,0,17.9
10079,2025-01-09,C0011,Boutique,Accessoires,Ceinture,Unique,2,29.9,0,59.8
10079,2025-01-09,C0011,Boutique,Accessoires,Ceinture,Unique,2,29.9,30,41.86
10080,2025-01-09,C0081,Boutique,Pulls & sweats,Sweat à capuche,L,1,49.9,30,34.93
10081,2025-01-09,C0455,En ligne,T-shirts,T-shirt imprimé,M,1,24.9,30,17.43
10082,2025-01-09,C0068,Boutique,Pulls & sweats,Sweat à capuche,M,1,49.9,0,49.9
10082,2025-01-09,C0068,Boutique,Pulls & sweats,Sweat col rond,S,1,39.9,30,27.93
10083,2025-01-09,C0002,Boutique,Pulls & sweats,Sweat col rond,M,1,39.9,30,27.93
10084,2025-01-09,C0655,Boutique,Pantalons,Pantalon cargo,M,1,49.9,30,34.93
10084,2025-01-09,C0655,Boutique,Pulls & sweats,Sweat col rond,L,1,39.9,30,27.93
10085,2025-01-09,C0107,Boutique,Vestes,Coupe-vent,XL,1,64.9,0,64.9
10086,2025-01-09,C0853,Boutique,Accessoires,Sac banane,Unique,1,34.9,30,24.43
10087,2025-01-09,C0033,Boutique,Chaussures,Baskets blanches,44,1,89.9,0,89.9
10087,2025-01-09,C0033,Boutique,T-shirts,T-shirt imprimé,S,1,24.9,30,17.43
10088,2025-01-09,C0335,Boutique,Pulls & sweats,Sweat col rond,M,2,39.9,30,55.86
10089,2025-01-09,C0022,En ligne,Pantalons,Pantalon cargo,S,1,49.9,30,34.93
10089,2025-01-09,C0022,En ligne,Accessoires,Bonnet,Unique,1,17.9,30,12.53
10090,2025-01-10,C0691,Boutique,Accessoires,Écharpe,Unique,1,24.9,30,17.43
10090,2025-01-10,C0691,Boutique,Pulls & sweats,Sweat à capuche,L,1,49.9,0,49.9
10090,2025-01-10,C0691,Boutique,Vestes,Coupe-vent,S,2,64.9,30,90.86
10091,2025-01-10,C0114,Boutique,Vestes,Coupe-vent,XL,1,64.9,0,64.9
10092,2025-01-10,C0053,En ligne,T-shirts,T-shirt imprimé,M,1,24.9,30,17.43
10093,2025-01-10,C0048,Boutique,Accessoires,Ceinture,Unique,1,29.9,0,29.9
10093,2025-01-10,C0048,Boutique,Accessoires,Casquette,Unique,1,19.9,0,19.9
10094,2025-01-10,C0287,En ligne,Pantalons,Jean droit,L,2,59.9,30,83.86
10095,2025-01-10,C0661,Boutique,Pulls & sweats,Sweat à capuche,S,2,49.9,0,99.8
10096,2025-01-10,C0082,Boutique,Accessoires,Bonnet,Unique,2,17.9,0,35.8
10097,2025-01-10,C0107,Boutique,Pulls & sweats,Sweat à capuche,XL,1,49.9,30,34.93
10098,2025-01-10,C0110,Boutique,Vestes,Doudoune,S,1,119.9,0,119.9
10098,2025-01-10,C0110,Boutique,Pantalons,Jean droit,S,1,59.9,30,41.93
10098,2025-01-10,C0110,Boutique,Pulls & sweats,Pull en laine,M,1,59.9,0,59.9
10099,2025-01-10,C0526,Boutique,Pulls & sweats,Sweat col rond,L,1,39.9,0,39.9
10100,2025-01-10,C0470,Boutique,Accessoires,Ceinture,Unique,1,29.9,30,20.93
10101,2025-01-10,C0455,En ligne,Vestes,Doudoune,M,1,119.9,0,119.9
10102,2025-01-10,C0391,Boutique,Pantalons,Jogging,L,1,34.9,0,34.9
10103,2025-01-10,C0788,Boutique,Pantalons,Jean droit,M,1,59.9,0,59.9
10103,2025-01-10,C0788,Boutique,Chaussures,Bottines,41,1,109.9,0,109.9
10104,2025-01-10,C0704,Boutique,Accessoires,Casquette,Unique,1,19.9,0,19.9
10105,2025-01-10,C0017,Boutique,Vestes,Veste en jean,XL,1,79.9,30,55.93
10106,2025-01-11,C0053,Boutique,Pantalons,Jean droit,L,1,59.9,30,41.93
10106,2025-01-11,C0053,Boutique,Pantalons,Pantalon cargo,S,1,49.9,30,34.93
10107,2025-01-11,C0575,Boutique,Vestes,Coupe-vent,L,1,64.9,0,64.9
10107,2025-01-11,C0575,Boutique,Chaussures,Baskets blanches,41,1,89.9,0,89.9
10108,2025-01-11,C0360,En ligne,Vestes,Veste en jean,XL,1,79.9,0,79.9
10108,2025-01-11,C0360,En ligne,T-shirts,T-shirt oversize,M,1,29.9,30,20.93
10109,2025-01-11,C0093,Boutique,Vestes,Doudoune,XS,1,119.9,0,119.9
10109,2025-01-11,C0093,Boutique,T-shirts,T-shirt imprimé,M,1,24.9,30,17.43
10109,2025-01-11,C0093,Boutique,Pulls & sweats,Sweat col rond,S,1,39.9,30,27.93
10110,2025-01-11,C0499,Boutique,Pulls & sweats,Sweat col rond,XL,1,39.9,30,27.93
10111,2025-01-11,C0783,En ligne,T-shirts,T-shirt oversize,M,1,29.9,30,20.93
10112,2025-01-11,C0072,Boutique,T-shirts,T-shirt oversize,XL,1,29.9,30,20.93
10112,2025-01-11,C0072,Boutique,Accessoires,Sac banane,Unique,1,34.9,30,24.43
10113,2025-01-11,C0297,En ligne,Pulls & sweats,Sweat col rond,M,1,39.9,0,39.9
10114,2025-01-11,C0109,En ligne,Vestes,Veste en jean,S,2,79.9,0,159.8
10115,2025-01-11,C0079,Boutique,Pantalons,Pantalon cargo,L,1,49.9,0,49.9
10116,2025-01-11,C0014,En ligne,Vestes,Coupe-vent,L,1,64.9,0,64.9
10117,2025-01-11,C0578,Boutique,Accessoires,Sac banane,Unique,1,34.9,0,34.9
10118,2025-01-11,C0081,Boutique,Pantalons,Pantalon cargo,M,1,49.9,30,34.93
10119,2025-01-11,C0060,Boutique,Accessoires,Casquette,Unique,1,19.9,0,19.9
10120,2025-01-11,C0077,Boutique,Vestes,Coupe-vent,L,2,64.9,30,90.86
10121,2025-01-11,C0330,Boutique,Accessoires,Ceinture,Unique,1,29.9,0,29.9
10122,2025-01-11,C0092,En ligne,T-shirts,T-shirt oversize,M,1,29.9,30,20.93
10122,2025-01-11,C0092,En ligne,Pulls & sweats,Pull en laine,L,2,59.9,30,83.86
10123,2025-01-11,C0054,Boutique,T-shirts,T-shirt basique,S,1,19.9,30,13.93
10123,2025-01-11,C0054,Boutique,Accessoires,Sac banane,Unique,2,34.9,30,48.86
10124,2025-01-11,C0145,Boutique,Vestes,Coupe-vent,XL,1,64.9,30,45.43
10125,2025-01-11,C0049,Boutique,Pulls & sweats,Sweat col rond,L,1,39.9,0,39.9
10126,2025-01-11,C0662,Boutique,T-shirts,T-shirt imprimé,XL,1,24.9,30,17.43
10127,2025-01-11,C0232,Boutique,Pulls & sweats,Sweat à capuche,L,1,49.9,30,34.93
10128,2025-01-13,C0633,En ligne,Pulls & sweats,Sweat col rond,S,1,39.9,0,39.9
10129,2025-01-13,C0421,Boutique,Accessoires,Sac banane,Unique,1,34.9,0,34.9
10129,2025-01-13,C0421,Boutique,Pantalons,Jean droit,M,1,59.9,0,59.9
10130,2025-01-13,C0377,Boutique,Pantalons,Pantalon cargo,M,1,49.9,30,34.93
10131,2025-01-13,C0026,Boutique,Pulls & sweats,Sweat col rond,XL,1,39.9,30,27.93
10132,2025-01-13,C0529,Boutique,Chaussures,Bottines,42,1,109.9,30,76.93
10133,2025-01-13,C0117,En ligne,Pantalons,Jean slim,M,1,54.9,30,38.43
10134,2025-01-14,C0011,Boutique,Accessoires,Écharpe,Unique,1,24.9,30,17.43
10135,2025-01-14,C0107,Boutique,Chaussures,Bottines,39,1,109.9,30,76.93
10135,2025-01-14,C0107,Boutique,T-shirts,T-shirt basique,L,1,19.9,30,13.93
10136,2025-01-14,C0114,Boutique,Pulls & sweats,Sweat à capuche,M,1,49.9,0,49.9
10137,2025-01-14,C0116,Boutique,Vestes,Coupe-vent,M,1,64.9,30,45.43
10138,2025-01-14,C0247,Boutique,Chaussures,Sneakers running,43,2,99.9,30,139.86
10139,2025-01-14,C0806,Boutique,Pantalons,Jogging,M,1,34.9,30,24.43
10140,2025-01-14,C0366,Boutique,Chaussures,Sneakers running,41,1,99.9,30,69.93
10141,2025-01-14,C0046,Boutique,Pulls & sweats,Sweat col rond,L,1,39.9,0,39.9
10141,2025-01-14,C0046,Boutique,Accessoires,Casquette,Unique,1,19.9,0,19.9
10142,2025-01-14,C0026,En ligne,T-shirts,T-shirt imprimé,M,1,24.9,0,24.9
10143,2025-01-14,C0097,Boutique,Accessoires,Casquette,Unique,2,19.9,30,27.86
10144,2025-01-14,C0048,Boutique,Pantalons,Jogging,L,1,34.9,30,24.43
10145,2025-01-15,C0011,Boutique,Vestes,Doudoune,S,1,119.9,30,83.93
10146,2025-01-15,C0314,Boutique,Pulls & sweats,Pull en laine,XL,1,59.9,30,41.93
10146,2025-01-15,C0314,Boutique,Pantalons,Jogging,XL,1,34.9,0,34.9
10147,2025-01-15,C0082,Boutique,Chaussures,Baskets blanches,43,2,89.9,30,125.86
10148,2025-01-15,C0449,En ligne,Accessoires,Écharpe,Unique,1,24.9,0,24.9
10149,2025-01-15,C0020,Boutique,Pantalons,Jean slim,M,1,54.9,30,38.43
10149,2025-01-15,C0020,Boutique,Vestes,Doudoune,S,2,119.9,30,167.86
10149,2025-01-15,C0020,Boutique,Vestes,Coupe-vent,L,1,64.9,0,64.9
10150,2025-01-15,C0079,En ligne,Pantalons,Jean slim,S,1,54.9,30,38.43
10150,2025-01-15,C0079,En ligne,Chaussures,Baskets blanches,41,1,89.9,0,89.9
10150,2025-01-15,C0079,En ligne,Chaussures,Sneakers running,41,1,99.9,30,69.93
10151,2025-01-15,C0729,Boutique,Pulls & sweats,Pull en laine,S,1,59.9,30,41.93
10151,2025-01-15,C0729,Boutique,Pulls & sweats,Pull en laine,M,1,59.9,30,41.93
10152,2025-01-16,C0565,En ligne,T-shirts,T-shirt imprimé,M,2,24.9,0,49.8
10152,2025-01-16,C0565,En ligne,Chaussures,Sneakers running,44,1,99.9,0,99.9
10153,2025-01-16,C0060,Boutique,Accessoires,Sac banane,Unique,1,34.9,30,24.43
10154,2025-01-16,C0444,Boutique,Accessoires,Sac banane,Unique,1,34.9,30,24.43
10154,2025-01-16,C0444,Boutique,Pulls & sweats,Sweat col rond,M,1,39.9,0,39.9
10155,2025-01-16,C0011,En ligne,Vestes,Doudoune,S,1,119.9,0,119.9
10155,2025-01-16,C0011,En ligne,Vestes,Coupe-vent,L,2,64.9,30,90.86
10156,2025-01-16,C0620,Boutique,T-shirts,T-shirt basique,L,1,19.9,0,19.9
10156,2025-01-16,C0620,Boutique,Pulls & sweats,Sweat à capuche,L,1,49.9,30,34.93
10156,2025-01-16,C0620,Boutique,Pantalons,Pantalon cargo,S,1,49.9,30,34.93
10157,2025-01-16,C0416,En ligne,T-shirts,T-shirt imprimé,M,1,24.9,30,17.43
10158,2025-01-16,C0111,Boutique,Accessoires,Ceinture,Unique,1,29.9,30,20.93
10158,2025-01-16,C0111,Boutique,Vestes,Veste en jean,M,1,79.9,30,55.93
10159,2025-01-16,C0007,En ligne,Vestes,Doudoune,L,2,119.9,0,239.8
10160,2025-01-16,C0739,Boutique,Pantalons,Jogging,XS,1,34.9,30,24.43
10160,2025-01-16,C0739,Boutique,Accessoires,Sac banane,Unique,1,34.9,30,24.43
10161,2025-01-16,C0050,En ligne,Accessoires,Ceinture,Unique,1,29.9,30,20.93
10162,2025-01-16,C0018,Boutique,Chaussures,Bottines,43,1,109.9,30,76.93
10162,2025-01-16,C0018,Boutique,Pulls & sweats,Sweat col rond,M,1,39.9,30,27.93
10163,2025-01-16,C0846,Boutique,Pulls & sweats,Sweat à capuche,M,1,49.9,0,49.9
10163,2025-01-16,C0846,Boutique,Accessoires,Bonnet,Unique,1,17.9,30,12.53
10164,2025-01-16,C0047,En ligne,Accessoires,Sac banane,Unique,1,34.9,0,34.9
10164,2025-01-16,C0047,En ligne,Pantalons,Pantalon cargo,M,2,49.9,30,69.86
10165,2025-01-16,C0863,En ligne,Accessoires,Sac banane,Unique,1,34.9,30,24.43
10166,2025-01-16,C0018,Boutique,Accessoires,Sac banane,Unique,1,34.9,0,34.9
10166,2025-01-16,C0018,Boutique,Accessoires,Casquette,Unique,1,19.9,30,13.93
10167,2025-01-16,C0795,Boutique,T-shirts,T-shirt imprimé,M,1,24.9,0,24.9
10168,2025-01-17,C0033,Boutique,Pulls & sweats,Pull en laine,L,1,59.9,30,41.93
10168,2025-01-17,C0033,Boutique,Pantalons,Jogging,XS,2,34.9,0,69.8
10169,2025-01-17,C0027,Boutique,Pantalons,Jogging,XL,1,34.9,30,24.43
10169,2025-01-17,C0027,Boutique,Pantalons,Pantalon cargo,L,1,49.9,0,49.9
10169,2025-01-17,C0027,Boutique,Accessoires,Écharpe,Unique,1,24.9,30,17.43
10170,2025-01-17,C0072,En ligne,Accessoires,Écharpe,Unique,1,24.9,0,24.9
10170,2025-01-17,C0072,En ligne,Pantalons,Jogging,L,1,34.9,0,34.9
10170,2025-01-17,C0072,En ligne,Pulls & sweats,Sweat à capuche,XL,1,49.9,30,34.93
10171,2025-01-17,C0045,Boutique,Pulls & sweats,Pull en laine,XL,2,59.9,30,83.86
10171,2025-01-17,C0045,Boutique,Vestes,Coupe-vent,M,1,64.9,30,45.43
10172,2025-01-17,C0713,En ligne,Chaussures,Baskets blanches,43,1,89.9,0,89.9
10173,2025-01-17,C0030,En ligne,Chaussures,Baskets blanches,43,1,89.9,30,62.93
10174,2025-01-17,C0162,Boutique,Accessoires,Ceinture,Unique,1,29.9,0,29.9
10174,2025-01-17,C0162,Boutique,Pulls & sweats,Pull en laine,S,1,59.9,0,59.9
10174,2025-01-17,C0162,Boutique,Vestes,Coupe-vent,XS,1,64.9,0,64.9
10175,2025-01-17,C0428,Boutique,Accessoires,Ceinture,Unique,1,29.9,30,20.93
10176,2025-01-17,C0894,Boutique,T-shirts,T-shirt oversize,M,1,29.9,0,29.9
10176,2025-01-17,C0894,Boutique,Pantalons,Jogging,M,2,34.9,30,48.86
10177,2025-01-17,C0104,En ligne,Pantalons,Pantalon cargo,M,1,49.9,30,34.93
10178,2025-01-17,C0087,Boutique,Accessoires,Ceinture,Unique,1,29.9,30,20.93
10179,2025-01-17,C0086,En ligne,Pantalons,Jean droit,M,1,59.9,30,41.93
10179,2025-01-17,C0086,En ligne,Pulls & sweats,Pull en laine,XS,1,59.9,0,59.9
10179,2025-01-17,C0086,En ligne,Vestes,Coupe-vent,M,1,64.9,0,64.9
10180,2025-01-17,C0088,Boutique,Chaussures,Bottines,41,1,109.9,0,109.9
10180,2025-01-17,C0088,Boutique,Pantalons,Jean droit,S,1,59.9,30,41.93
10181,2025-01-18,C0621,Boutique,Accessoires,Sac banane,Unique,1,34.9,0,34.9
10181,2025-01-18,C0621,Boutique,Chaussures,Sneakers running,39,1,99.9,0,99.9
10182,2025-01-18,C0541,Boutique,Vestes,Doudoune,S,1,119.9,0,119.9
10183,2025-01-18,C0169,Boutique,Pulls & sweats,Sweat à capuche,XL,1,49.9,30,34.93
10184,2025-01-18,C0057,Boutique,Pantalons,Jean slim,M,1,54.9,0,54.9
10185,2025-01-18,C0033,Boutique,Vestes,Doudoune,M,1,119.9,0,119.9
10185,2025-01-18,C0033,Boutique,T-shirts,T-shirt basique,S,2,19.9,30,27.86
10186,2025-01-18,C0018,Boutique,Vestes,Veste en jean,M,1,79.9,0,79.9
10186,2025-01-18,C0018,Boutique,Accessoires,Ceinture,Unique,1,29.9,0,29.9
10186,2025-01-18,C0018,Boutique,Chaussures,Sneakers running,39,1,99.9,0,99.9
10187,2025-01-18,C0069,Boutique,Accessoires,Casquette,Unique,1,19.9,0,19.9
10188,2025-01-18,C0737,Boutique,Accessoires,Bonnet,Unique,1,17.9,30,12.53
10189,2025-01-18,C0113,Boutique,Accessoires,Ceinture,Unique,1,29.9,0,29.9
10190,2025-01-18,C0247,En ligne,T-shirts,T-shirt oversize,S,1,29.9,0,29.9
10191,2025-01-18,C0057,En ligne,Accessoires,Casquette,Unique,1,19.9,0,19.9
10192,2025-01-18,C0118,Boutique,Vestes,Coupe-vent,XL,1,64.9,30,45.43
10193,2025-01-18,C0534,En ligne,T-shirts,T-shirt oversize,L,2,29.9,0,59.8
10194,2025-01-18,C0508,En ligne,Vestes,Veste en jean,M,1,79.9,30,55.93
10195,2025-01-18,C0049,En ligne,Pulls & sweats,Sweat à capuche,L,1,49.9,0,49.9
10196,2025-01-20,C0571,Boutique,Pulls & sweats,Pull en laine,L,1,59.9,0,59.9
10197,2025-01-20,C0093,Boutique,Pantalons,Jean slim,L,2,54.9,30,76.86
10198,2025-01-20,C0573,En ligne,Accessoires,Écharpe,Unique,2,24.9,30,34.86
10199,2025-01-20,C0760,En ligne,Pantalons,Jean droit,M,1,59.9,0,59.9
10199,2025-01-20,C0760,En ligne,Pulls & sweats,Pull en laine,M,1,59.9,30,41.93
10199,2025-01-20,C0760,En ligne,Pantalons,Pantalon cargo,M,1,49.9,0,49.9
10200,2025-01-20,C0740,Boutique,Accessoires,Écharpe,Unique,1,24.9,30,17.43
10200,2025-01-20,C0740,Boutique,Accessoires,Bonnet,Unique,1,17.9,30,12.53
10201,2025-01-20,C0738,Boutique,Pulls & sweats,Pull en laine,M,1,59.9,30,41.93
10202,2025-01-20,C0346,En ligne,Accessoires,Ceinture,Unique,1,29.9,0,29.9
10202,2025-01-20,C0346,En ligne,Pantalons,Jean droit,XL,1,59.9,30,41.93
10203,2025-01-20,C0658,Boutique,Accessoires,Casquette,Unique,2,19.9,0,39.8
10204,2025-01-20,C0423,En ligne,T-shirts,T-shirt basique,M,1,19.9,30,13.93
10204,2025-01-20,C0423,En ligne,Vestes,Coupe-vent,L,2,64.9,0,129.8
10205,2025-01-21,C0018,Boutique,Accessoires,Casquette,Unique,1,19.9,0,19.9
10206,2025-01-21,C0184,En ligne,Pulls & sweats,Sweat à capuche,M,1,49.9,30,34.93
10207,2025-01-21,C0081,Boutique,Vestes,Coupe-vent,L,1,64.9,0,64.9
10208,2025-01-21,C0879,Boutique,Pantalons,Jogging,XS,1,34.9,30,24.43
10209,2025-01-21,C0064,Boutique,Pulls & sweats,Sweat à capuche,S,2,49.9,0,99.8
10209,2025-01-21,C0064,Boutique,Accessoires,Sac banane,Unique,1,34.9,30,24.43
10210,2025-01-21,C0119,En ligne,Vestes,Doudoune,XL,2,119.9,30,167.86
10211,2025-01-21,C0771,Boutique,Accessoires,Écharpe,Unique,1,24.9,30,17.43
10211,2025-01-21,C0771,Boutique,Accessoires,Ceinture,Unique,1,29.9,30,20.93
10212,2025-01-21,C0095,En ligne,Chaussures,Sneakers running,39,1,99.9,30,69.93
10212,2025-01-21,C0095,En ligne,Pantalons,Jean slim,XL,1,54.9,0,54.9
10212,2025-01-21,C0095,En ligne,Pantalons,Pantalon cargo,XL,1,49.9,30,34.93
10213,2025-01-21,C0365,Boutique,Pulls & sweats,Sweat col rond,M,1,39.9,30,27.93
10214,2025-01-21,C0731,En ligne,Pantalons,Jean droit,S,1,59.9,30,41.93
10215,2025-01-21,C0040,Boutique,T-shirts,T-shirt basique,M,1,19.9,30,13.93
10215,2025-01-21,C0040,Boutique,Pantalons,Jean slim,M,1,54.9,30,38.43
10216,2025-01-21,C0885,Boutique,Pantalons,Jean slim,XL,1,54.9,30,38.43
10217,2025-01-21,C0067,En ligne,Pulls & sweats,Pull en laine,S,1,59.9,30,41.93
10218,2025-01-21,C0039,Boutique,Pulls & sweats,Sweat à capuche,M,1,49.9,30,34.93
10219,2025-01-21,C0139,Boutique,Pulls & sweats,Sweat col rond,M,1,39.9,0,39.9
10219,2025-01-21,C0139,Boutique,Pantalons,Jean droit,L,1,59.9,0,59.9
10219,2025-01-21,C0139,Boutique,Pantalons,Jean droit,S,2,59.9,0,119.8
10220,2025-01-21,C0503,Boutique,Pulls & sweats,Pull en laine,S,1,59.9,30,41.93
10220,2025-01-21,C0503,Boutique,Vestes,Coupe-vent,L,2,64.9,30,90.86
10221,2025-01-22,C0094,Boutique,Pantalons,Pantalon cargo,L,1,49.9,30,34.93
10221,2025-01-22,C0094,Boutique,Accessoires,Ceinture,Unique,1,29.9,30,20.93
10222,2025-01-22,C0020,Boutique,T-shirts,T-shirt oversize,M,1,29.9,30,20.93
10222,2025-01-22,C0020,Boutique,Accessoires,Ceinture,Unique,1,29.9,0,29.9
10223,2025-01-22,C0115,Boutique,Accessoires,Casquette,Unique,1,19.9,0,19.9
10224,2025-01-22,C0083,Boutique,Vestes,Coupe-vent,XL,1,64.9,0,64.9
10225,2025-01-22,C0011,En ligne,Chaussures,Sneakers running,42,1,99.9,30,69.93
10226,2025-01-22,C0060,Boutique,Pantalons,Pantalon cargo,S,2,49.9,30,69.86
10227,2025-01-22,C0088,En ligne,Pulls & sweats,Pull en laine,M,1,59.9,0,59.9
10227,2025-01-22,C0088,En ligne,Pantalons,Jean slim,M,1,54.9,0,54.9
10227,2025-01-22,C0088,En ligne,Pulls & sweats,Sweat col rond,L,1,39.9,0,39.9
10228,2025-01-22,C0169,Boutique,Pantalons,Jean droit,M,1,59.9,30,41.93
10228,2025-01-22,C0169,Boutique,Accessoires,Bonnet,Unique,1,17.9,0,17.9
10229,2025-01-22,C0095,Boutique,Vestes,Veste en jean,S,1,79.9,30,55.93
10230,2025-01-22,C0816,En ligne,Accessoires,Bonnet,Unique,1,17.9,30,12.53
10231,2025-01-22,C0086,Boutique,Vestes,Coupe-vent,S,1,64.9,30,45.43
10232,2025-01-22,C0059,Boutique,Chaussures,Bottines,44,2,109.9,30,153.86
10232,2025-01-22,C0059,Boutique,Pulls & sweats,Sweat à capuche,M,1,49.9,30,34.93
10233,2025-01-23,C0589,Boutique,Vestes,Coupe-vent,S,2,64.9,0,129.8
10234,2025-01-23,C0037,En ligne,Pantalons,Jean slim,M,2,54.9,0,109.8
10235,2025-01-23,C0050,Boutique,Pantalons,Jogging,M,1,34.9,0,34.9
10236,2025-01-23,C0004,Boutique,T-shirts,T-shirt basique,M,1,19.9,30,13.93
10237,2025-01-23,C0785,Boutique,Vestes,Veste en jean,M,1,79.9,0,79.9
10238,2025-01-23,C0043,Boutique,Pulls & sweats,Pull en laine,L,1,59.9,0,59.9
10239,2025-01-23,C0005,Boutique,Accessoires,Ceinture,Unique,2,29.9,30,41.86
10240,2025-01-23,C0215,Boutique,Pantalons,Jogging,S,1,34.9,30,24.43
10241,2025-01-23,C0008,Boutique,Vestes,Doudoune,S,1,119.9,0,119.9
10242,2025-01-23,C0110,Boutique,Accessoires,Bonnet,Unique,2,17.9,0,35.8
10242,2025-01-23,C0110,Boutique,Accessoires,Écharpe,Unique,2,24.9,30,34.86
10242,2025-01-23,C0110,Boutique,Accessoires,Bonnet,Unique,1,17.9,30,12.53
10243,2025-01-23,C0108,Boutique,Vestes,Veste en jean,XS,1,79.9,30,55.93
10244,2025-01-23,C0788,En ligne,Pulls & sweats,Pull en laine,M,1,59.9,30,41.93
10245,2025-01-23,C0868,Boutique,Pantalons,Pantalon cargo,M,2,49.9,0,99.8
10245,2025-01-23,C0868,Boutique,Accessoires,Bonnet,Unique,1,17.9,30,12.53
10246,2025-01-23,C0071,Boutique,Pantalons,Pantalon cargo,XS,2,49.9,0,99.8
10247,2025-01-24,C0857,Boutique,Accessoires,Ceinture,Unique,1,29.9,0,29.9
10248,2025-01-24,C0706,Boutique,Pulls & sweats,Pull en laine,S,1,59.9,30,41.93
10248,2025-01-24,C0706,Boutique,Chaussures,Sneakers running,41,1,99.9,30,69.93
10249,2025-01-24,C0774,En ligne,Chaussures,Baskets blanches,43,1,89.9,30,62.93
10249,2025-01-24,C0774,En ligne,Pulls & sweats,Sweat col rond,M,1,39.9,30,27.93
10250,2025-01-24,C0111,Boutique,T-shirts,T-shirt imprimé,S,1,24.9,0,24.9
10251,2025-01-24,C0039,En ligne,Chaussures,Baskets blanches,39,1,89.9,0,89.9
10251,2025-01-24,C0039,En ligne,Vestes,Doudoune,M,1,119.9,30,83.93
10252,2025-01-24,C0096,En ligne,Chaussures,Baskets blanches,39,1,89.9,30,62.93
10253,2025-01-24,C0394,Boutique,Accessoires,Bonnet,Unique,1,17.9,30,12.53
10254,2025-01-24,C0615,Boutique,Accessoires,Casquette,Unique,1,19.9,0,19.9
10255,2025-01-24,C0067,Boutique,Pantalons,Jean slim,S,1,54.9,0,54.9
10256,2025-01-24,C0031,Boutique,Vestes,Doudoune,S,2,119.9,0,239.8
10257,2025-01-24,C0583,Boutique,Pulls & sweats,Pull en laine,XS,2,59.9,0,119.8
10258,2025-01-24,C0034,En ligne,Accessoires,Ceinture,Unique,1,29.9,0,29.9
10258,2025-01-24,C0034,En ligne,Pantalons,Jogging,L,1,34.9,30,24.43
10258,2025-01-24,C0034,En ligne,Vestes,Doudoune,M,1,119.9,30,83.93
10259,2025-01-24,C0104,En ligne,Vestes,Coupe-vent,L,1,64.9,30,45.43
10260,2025-01-24,C0867,En ligne,Accessoires,Casquette,Unique,1,19.9,0,19.9
10261,2025-01-25,C0123,En ligne,T-shirts,T-shirt imprimé,L,2,24.9,30,34.86
10262,2025-01-25,C0171,Boutique,Accessoires,Casquette,Unique,1,19.9,30,13.93
10262,2025-01-25,C0171,Boutique,Accessoires,Écharpe,Unique,1,24.9,30,17.43
10263,2025-01-25,C0643,En ligne,Pantalons,Jogging,S,2,34.9,30,48.86
10264,2025-01-25,C0588,Boutique,Chaussures,Baskets blanches,40,1,89.9,0,89.9
10265,2025-01-25,C0047,Boutique,Accessoires,Casquette,Unique,1,19.9,0,19.9
10266,2025-01-25,C0430,En ligne,Accessoires,Écharpe,Unique,1,24.9,30,17.43
10267,2025-01-25,C0065,Boutique,Pulls & sweats,Sweat col rond,XS,2,39.9,0,79.8
10268,2025-01-25,C0290,Boutique,T-shirts,T-shirt imprimé,M,1,24.9,30,17.43
10269,2025-01-25,C0080,En ligne,Accessoires,Bonnet,Unique,1,17.9,30,12.53
10270,2025-01-25,C0155,En ligne,Pulls & sweats,Pull en laine,XS,1,59.9,0,59.9
10271,2025-01-25,C0098,Boutique,Chaussures,Baskets blanches,42,1,89.9,0,89.9
10271,2025-01-25,C0098,Boutique,Pantalons,Jean slim,S,2,54.9,30,76.86
10272,2025-01-25,C0030,Boutique,Chaussures,Bottines,43,1,109.9,0,109.9
10273,2025-01-25,C0018,Boutique,Vestes,Doudoune,S,1,119.9,0,119.9
10274,2025-01-25,C0041,Boutique,Accessoires,Écharpe,Unique,1,24.9,30,17.43
10275,2025-01-27,C0599,En ligne,Pantalons,Pantalon cargo,XL,1,49.9,30,34.93
10276,2025-01-27,C0040,Boutique,T-shirts,T-shirt oversize,M,1,29.9,0,29.9
10276,2025-01-27,C0040,Boutique,Pulls & sweats,Pull en laine,XL,1,59.9,0,59.9
10277,2025-01-27,C0007,Boutique,Accessoires,Casquette,Unique,2,19.9,0,39.8
10278,2025-01-27,C0564,En ligne,Accessoires,Bonnet,Unique,1,17.9,30,12.53
10279,2025-01-27,C0228,En ligne,Pantalons,Jean slim,L,1,54.9,30,38.43
10279,2025-01-27,C0228,En ligne,T-shirts,T-shirt basique,L,1,19.9,0,19.9
10280,2025-01-27,C0109,Boutique,T-shirts,T-shirt imprimé,M,1,24.9,0,24.9
10281,2025-01-27,C0509,En ligne,Pulls & sweats,Sweat à capuche,M,2,49.9,30,69.86
10281,2025-01-27,C0509,En ligne,Pulls & sweats,Sweat col rond,S,1,39.9,30,27.93
10282,2025-01-27,C0564,Boutique,Pantalons,Jogging,M,1,34.9,0,34.9
10283,2025-01-27,C0822,Boutique,Pantalons,Pantalon cargo,M,1,49.9,0,49.9
10284,2025-01-27,C0330,Boutique,Pulls & sweats,Sweat à capuche,S,1,49.9,0,49.9
10285,2025-01-27,C0484,Boutique,Accessoires,Bonnet,Unique,1,17.9,0,17.9
10285,2025-01-27,C0484,Boutique,Pulls & sweats,Sweat col rond,S,1,39.9,0,39.9
10286,2025-01-27,C0817,Boutique,Accessoires,Bonnet,Unique,1,17.9,30,12.53
10286,2025-01-27,C0817,Boutique,Accessoires,Écharpe,Unique,2,24.9,30,34.86
10286,2025-01-27,C0817,Boutique,Chaussures,Sneakers running,40,1,99.9,30,69.93
10287,2025-01-27,C0830,Boutique,Pulls & sweats,Pull en laine,M,1,59.9,30,41.93
10288,2025-01-27,C0062,En ligne,Pulls & sweats,Sweat à capuche,L,1,49.9,30,34.93
10288,2025-01-27,C0062,En ligne,Accessoires,Casquette,Unique,1,19.9,30,13.93
10288,2025-01-27,C0062,En ligne,Accessoires,Casquette,Unique,1,19.9,0,19.9
10289,2025-01-28,C0383,Boutique,Vestes,Veste en jean,S,1,79.9,30,55.93
10289,2025-01-28,C0383,Boutique,Accessoires,Ceinture,Unique,1,29.9,30,20.93
10290,2025-01-28,C0711,Boutique,Pantalons,Jean droit,S,1,59.9,0,59.9
10290,2025-01-28,C0711,Boutique,Pulls & sweats,Sweat à capuche,M,2,49.9,0,99.8
10291,2025-01-28,C0582,En ligne,Accessoires,Sac banane,Unique,1,34.9,30,24.43
10291,2025-01-28,C0582,En ligne,Accessoires,Bonnet,Unique,1,17.9,30,12.53
10292,2025-01-28,C0041,En ligne,T-shirts,T-shirt oversize,M,1,29.9,0,29.9
10292,2025-01-28,C0041,En ligne,T-shirts,T-shirt basique,S,1,19.9,30,13.93
10293,2025-01-28,C0001,En ligne,Pantalons,Jean droit,M,2,59.9,30,83.86
10294,2025-01-28,C0104,Boutique,Vestes,Coupe-vent,L,1,64.9,30,45.43
10294,2025-01-28,C0104,Boutique,T-shirts,T-shirt basique,XS,1,19.9,0,19.9
10295,2025-01-28,C0049,En ligne,Accessoires,Casquette,Unique,1,19.9,0,19.9
10296,2025-01-28,C0722,En ligne,Pulls & sweats,Pull en laine,S,1,59.9,30,41.93
10296,2025-01-28,C0722,En ligne,Pulls & sweats,Sweat col rond,M,1,39.9,0,39.9
10296,2025-01-28,C0722,En ligne,Chaussures,Bottines,43,1,109.9,30,76.93
10297,2025-01-28,C0503,En ligne,Pantalons,Pantalon cargo,M,1,49.9,0,49.9
10298,2025-01-28,C0027,En ligne,T-shirts,T-shirt basique,M,1,19.9,30,13.93
10299,2025-01-28,C0094,Boutique,Pantalons,Jogging,S,1,34.9,30,24.43
10300,2025-01-28,C0232,Boutique,Pulls & sweats,Sweat col rond,M,1,39.9,30,27.93
10301,2025-01-28,C0775,Boutique,Accessoires,Sac banane,Unique,1,34.9,30,24.43
10302,2025-01-29,C0488,En ligne,Accessoires,Casquette,Unique,1,19.9,0,19.9
10303,2025-01-29,C0694,Boutique,Accessoires,Ceinture,Unique,1,29.9,0,29.9
10304,2025-01-29,C0828,En ligne,T-shirts,T-shirt oversize,L,1,29.9,0,29.9
10305,2025-01-29,C0265,Boutique,Accessoires,Casquette,Unique,1,19.9,30,13.93
10305,2025-01-29,C0265,Boutique,Pulls & sweats,Pull en laine,XS,1,59.9,0,59.9
10306,2025-01-29,C0602,Boutique,Pantalons,Jean droit,XL,1,59.9,30,41.93
10307,2025-01-29,C0014,Boutique,Pulls & sweats,Sweat col rond,S,2,39.9,0,79.8
10308,2025-01-29,C0586,Boutique,Pulls & sweats,Sweat à capuche,M,1,49.9,0,49.9
10309,2025-01-29,C0113,Boutique,Chaussures,Bottines,41,2,109.9,30,153.86
10310,2025-01-29,C0108,Boutique,T-shirts,T-shirt basique,M,1,19.9,0,19.9
10310,2025-01-29,C0108,Boutique,Accessoires,Écharpe,Unique,1,24.9,0,24.9
10311,2025-01-29,C0057,En ligne,Chaussures,Sneakers running,43,2,99.9,0,199.8
10311,2025-01-29,C0057,En ligne,Accessoires,Casquette,Unique,1,19.9,30,13.93
10312,2025-01-29,C0109,Boutique,Pulls & sweats,Sweat à capuche,M,1,49.9,30,34.93
10313,2025-01-29,C0722,En ligne,Pantalons,Jogging,XS,1,34.9,30,24.43
10314,2025-01-29,C0077,Boutique,Pantalons,Pantalon cargo,S,1,49.9,0,49.9
10314,2025-01-29,C0077,Boutique,Accessoires,Casquette,Unique,1,19.9,30,13.93
10314,2025-01-29,C0077,Boutique,Pulls & sweats,Sweat col rond,S,1,39.9,30,27.93
10315,2025-01-29,C0027,En ligne,T-shirts,T-shirt oversize,L,1,29.9,0,29.9
10316,2025-01-30,C0009,En ligne,Accessoires,Écharpe,Unique,1,24.9,30,17.43
10316,2025-01-30,C0009,En ligne,Pantalons,Pantalon cargo,M,1,49.9,30,34.93
10317,2025-01-30,C0599,En ligne,Chaussures,Bottines,41,1,109.9,30,76.93
10318,2025-01-30,C0014,Boutique,Pulls & sweats,Pull en laine,L,2,59.9,30,83.86
10319,2025-01-30,C0306,En ligne,Pulls & sweats,Sweat à capuche,M,1,49.9,0,49.9
10320,2025-01-30,C0698,En ligne,Pantalons,Pantalon cargo,M,1,49.9,30,34.93
10321,2025-01-30,C0091,Boutique,Pantalons,Jean droit,M,1,59.9,0,59.9
10321,2025-01-30,C0091,Boutique,Accessoires,Écharpe,Unique,1,24.9,0,24.9
10322,2025-01-30,C0898,Boutique,Pantalons,Pantalon cargo,XL,1,49.9,30,34.93
10323,2025-01-30,C0344,Boutique,Pulls & sweats,Pull en laine,M,1,59.9,0,59.9
10324,2025-01-30,C0475,Boutique,Accessoires,Sac banane,Unique,1,34.9,0,34.9
10325,2025-01-31,C0088,Boutique,T-shirts,T-shirt basique,M,1,19.9,30,13.93
10326,2025-01-31,C0469,En ligne,Pulls & sweats,Sweat à capuche,S,1,49.9,0,49.9
10326,2025-01-31,C0469,En ligne,Vestes,Doudoune,L,1,119.9,30,83.93
10327,2025-01-31,C0163,Boutique,T-shirts,T-shirt oversize,M,1,29.9,30,20.93
10327,2025-01-31,C0163,Boutique,Pantalons,Jean slim,M,1,54.9,30,38.43
10328,2025-01-31,C0042,Boutique,T-shirts,T-shirt basique,L,1,19.9,30,13.93
10329,2025-01-31,C0017,En ligne,Pulls & sweats,Sweat à capuche,S,1,49.9,30,34.93
10330,2025-01-31,C0611,Boutique,Chaussures,Baskets blanches,41,1,89.9,0,89.9
10331,2025-01-31,C0169,Boutique,Pantalons,Jean droit,S,1,59.9,0,59.9
10331,2025-01-31,C0169,Boutique,T-shirts,T-shirt oversize,L,1,29.9,30,20.93
10331,2025-01-31,C0169,Boutique,T-shirts,T-shirt oversize,XS,1,29.9,30,20.93
10332,2025-01-31,C0678,En ligne,T-shirts,T-shirt basique,M,1,19.9,30,13.93
10332,2025-01-31,C0678,En ligne,Pantalons,Jean droit,XS,1,59.9,0,59.9
10333,2025-01-31,C0104,Boutique,Vestes,Doudoune,M,1,119.9,0,119.9
10334,2025-02-01,C0290,En ligne,Pulls & sweats,Sweat à capuche,L,1,49.9,0,49.9
10335,2025-02-01,C0367,Boutique,T-shirts,T-shirt imprimé,L,2,24.9,0,49.8
10336,2025-02-01,C0241,En ligne,Accessoires,Sac banane,Unique,1,34.9,0,34.9
10336,2025-02-01,C0241,En ligne,Pulls & sweats,Sweat à capuche,XS,1,49.9,0,49.9
10337,2025-02-01,C0263,Boutique,Accessoires,Écharpe,Unique,1,24.9,0,24.9
10338,2025-02-01,C0023,Boutique,Pantalons,Pantalon cargo,S,1,49.9,0,49.9
10338,2025-02-01,C0023,Boutique,Accessoires,Casquette,Unique,1,19.9,0,19.9
10339,2025-02-01,C0083,En ligne,Pantalons,Pantalon cargo,S,2,49.9,0,99.8
10340,2025-02-01,C0188,En ligne,Pantalons,Jogging,M,1,34.9,0,34.9
10341,2025-02-01,C0817,En ligne,Chaussures,Baskets blanches,43,1,89.9,0,89.9
10342,2025-02-01,C0583,Boutique,Pantalons,Pantalon cargo,L,1,49.9,0,49.9
10343,2025-02-01,C0745,Boutique,Accessoires,Casquette,Unique,2,19.9,0,39.8
10344,2025-02-01,C0065,En ligne,Chaussures,Sneakers running,44,1,99.9,0,99.9
10345,2025-02-01,C0579,En ligne,Accessoires,Sac banane,Unique,1,34.9,0,34.9
10345,2025-02-01,C0579,En ligne,Chaussures,Baskets blanches,44,1,89.9,0,89.9
10345,2025-02-01,C0579,En ligne,Pulls & sweats,Pull en laine,L,1,59.9,0,59.9
10346,2025-02-01,C0106,Boutique,T-shirts,T-shirt oversize,M,2,29.9,0,59.8
10346,2025-02-01,C0106,Boutique,Pantalons,Jogging,XS,2,34.9,0,69.8
10346,2025-02-01,C0106,Boutique,Pantalons,Jean droit,S,1,59.9,0,59.9
10347,2025-02-01,C0564,Boutique,Pulls & sweats,Pull en laine,M,1,59.9,0,59.9
10348,2025-02-01,C0064,Boutique,Pantalons,Jean slim,M,1,54.9,0,54.9
10349,2025-02-01,C0001,Boutique,Accessoires,Écharpe,Unique,2,24.9,0,49.8
10349,2025-02-01,C0001,Boutique,Vestes,Coupe-vent,XL,1,64.9,0,64.9
10350,2025-02-03,C0059,Boutique,Vestes,Coupe-vent,L,1,64.9,0,64.9
10350,2025-02-03,C0059,Boutique,Pulls & sweats,Sweat col rond,M,1,39.9,0,39.9
10351,2025-02-03,C0820,En ligne,Chaussures,Baskets blanches,42,2,89.9,0,179.8
10352,2025-02-03,C0092,Boutique,Pulls & sweats,Sweat à capuche,XL,1,49.9,0,49.9
10353,2025-02-03,C0059,Boutique,Pantalons,Jogging,L,1,34.9,0,34.9
10354,2025-02-03,C0127,Boutique,Chaussures,Sneakers running,42,1,99.9,0,99.9
10355,2025-02-03,C0095,En ligne,Accessoires,Ceinture,Unique,2,29.9,0,59.8
10355,2025-02-03,C0095,En ligne,Accessoires,Bonnet,Unique,1,17.9,0,17.9
10355,2025-02-03,C0095,En ligne,Pulls & sweats,Sweat à capuche,L,1,49.9,0,49.9
10356,2025-02-03,C0330,Boutique,Accessoires,Bonnet,Unique,1,17.9,0,17.9
10357,2025-02-03,C0302,Boutique,Pantalons,Pantalon cargo,M,1,49.9,0,49.9
10358,2025-02-03,C0095,Boutique,Pulls & sweats,Sweat col rond,L,1,39.9,0,39.9
10358,2025-02-03,C0095,Boutique,Accessoires,Bonnet,Unique,2,17.9,0,35.8
10359,2025-02-03,C0183,Boutique,Pulls & sweats,Sweat à capuche,M,1,49.9,0,49.9
10359,2025-02-03,C0183,Boutique,Vestes,Coupe-vent,L,1,64.9,0,64.9
10360,2025-02-03,C0547,En ligne,Accessoires,Sac banane,Unique,1,34.9,0,34.9
10360,2025-02-03,C0547,En ligne,Pantalons,Jean slim,S,1,54.9,0,54.9
10361,2025-02-04,C0033,En ligne,Accessoires,Bonnet,Unique,1,17.9,0,17.9
10362,2025-02-04,C0105,Boutique,Chaussures,Sneakers running,44,2,99.9,0,199.8
10362,2025-02-04,C0105,Boutique,Chaussures,Bottines,44,1,109.9,0,109.9
10363,2025-02-04,C0086,En ligne,Pantalons,Pantalon cargo,XS,2,49.9,0,99.8
10364,2025-02-04,C0208,Boutique,Accessoires,Bonnet,Unique,2,17.9,0,35.8
10364,2025-02-04,C0208,Boutique,Chaussures,Sneakers running,43,1,99.9,0,99.9
10365,2025-02-04,C0618,En ligne,Pulls & sweats,Pull en laine,L,1,59.9,0,59.9
10365,2025-02-04,C0618,En ligne,Pulls & sweats,Sweat à capuche,S,1,49.9,0,49.9
10366,2025-02-04,C0036,Boutique,Vestes,Veste en jean,M,1,79.9,0,79.9
10367,2025-02-04,C0041,En ligne,T-shirts,T-shirt oversize,L,1,29.9,0,29.9
10368,2025-02-04,C0587,Boutique,Chaussures,Sneakers running,40,1,99.9,0,99.9
10369,2025-02-04,C0806,Boutique,Vestes,Doudoune,XL,1,119.9,0,119.9
10370,2025-02-04,C0340,Boutique,Chaussures,Sneakers running,43,1,99.9,0,99.9
10371,2025-02-05,C0665,En ligne,Pantalons,Jean droit,L,2,59.9,0,119.8
10371,2025-02-05,C0665,En ligne,Pulls & sweats,Sweat à capuche,M,1,49.9,0,49.9
10372,2025-02-05,C0117,Boutique,Vestes,Coupe-vent,XS,1,64.9,0,64.9
10372,2025-02-05,C0117,Boutique,Accessoires,Bonnet,Unique,1,17.9,0,17.9
10373,2025-02-05,C0013,En ligne,Vestes,Doudoune,S,1,119.9,0,119.9
10373,2025-02-05,C0013,En ligne,Vestes,Doudoune,M,2,119.9,0,239.8
10373,2025-02-05,C0013,En ligne,T-shirts,T-shirt oversize,XL,1,29.9,0,29.9
10374,2025-02-05,C0446,Boutique,Chaussures,Baskets blanches,44,1,89.9,0,89.9
10374,2025-02-05,C0446,Boutique,Pantalons,Jean slim,S,1,54.9,0,54.9
10374,2025-02-05,C0446,Boutique,Pulls & sweats,Sweat à capuche,S,1,49.9,0,49.9
10375,2025-02-05,C0050,Boutique,Pulls & sweats,Pull en laine,M,1,59.9,0,59.9
10376,2025-02-05,C0634,En ligne,T-shirts,T-shirt basique,M,1,19.9,0,19.9
10376,2025-02-05,C0634,En ligne,Pulls & sweats,Sweat col rond,S,1,39.9,0,39.9
10377,2025-02-05,C0449,Boutique,T-shirts,T-shirt basique,S,1,19.9,0,19.9
10377,2025-02-05,C0449,Boutique,Pantalons,Pantalon cargo,S,2,49.9,0,99.8
10378,2025-02-05,C0815,Boutique,Accessoires,Casquette,Unique,1,19.9,0,19.9
10378,2025-02-05,C0815,Boutique,Vestes,Doudoune,M,1,119.9,0,119.9
10379,2025-02-06,C0027,Boutique,Pantalons,Jogging,L,2,34.9,0,69.8
10379,2025-02-06,C0027,Boutique,Pulls & sweats,Sweat à capuche,L,1,49.9,0,49.9
10379,2025-02-06,C0027,Boutique,Pulls & sweats,Sweat à capuche,M,1,49.9,0,49.9
10380,2025-02-06,C0097,Boutique,Pantalons,Jean slim,XS,1,54.9,0,54.9
10380,2025-02-06,C0097,Boutique,T-shirts,T-shirt oversize,XL,1,29.9,0,29.9
10380,2025-02-06,C0097,Boutique,Pantalons,Jean droit,M,1,59.9,0,59.9
10381,2025-02-06,C0326,Boutique,Chaussures,Sneakers running,43,1,99.9,0,99.9
10382,2025-02-06,C0828,Boutique,T-shirts,T-shirt basique,L,1,19.9,0,19.9
10383,2025-02-06,C0284,Boutique,Chaussures,Bottines,41,1,109.9,0,109.9
10384,2025-02-06,C0499,Boutique,Vestes,Veste en jean,S,2,79.9,0,159.8
10385,2025-02-06,C0270,Boutique,Chaussures,Baskets blanches,44,1,89.9,0,89.9
10385,2025-02-06,C0270,Boutique,T-shirts,T-shirt oversize,L,1,29.9,0,29.9
10386,2025-02-07,C0005,Boutique,Accessoires,Ceinture,Unique,1,29.9,0,29.9
10387,2025-02-07,C0051,En ligne,Chaussures,Bottines,43,1,109.9,0,109.9
10387,2025-02-07,C0051,En ligne,Pantalons,Jogging,XS,1,34.9,0,34.9
10388,2025-02-07,C0104,Boutique,Chaussures,Baskets blanches,40,1,89.9,0,89.9
10388,2025-02-07,C0104,Boutique,Vestes,Coupe-vent,XL,1,64.9,0,64.9
10389,2025-02-07,C0496,Boutique,Chaussures,Baskets blanches,41,1,89.9,0,89.9
10390,2025-02-07,C0086,En ligne,Pantalons,Jogging,XL,2,34.9,0,69.8
10390,2025-02-07,C0086,En ligne,T-shirts,T-shirt oversize,L,1,29.9,0,29.9
10390,2025-02-07,C0086,En ligne,Vestes,Veste en jean,S,1,79.9,0,79.9
10391,2025-02-07,C0179,Boutique,Vestes,Doudoune,M,1,119.9,0,119.9
10392,2025-02-07,C0529,Boutique,Pantalons,Jogging,XS,2,34.9,0,69.8
10392,2025-02-07,C0529,Boutique,Accessoires,Ceinture,Unique,1,29.9,0,29.9
10393,2025-02-07,C0083,En ligne,Pulls & sweats,Sweat col rond,S,1,39.9,0,39.9
10394,2025-02-07,C0104,Boutique,Chaussures,Bottines,40,1,109.9,0,109.9
10395,2025-02-07,C0421,En ligne,Vestes,Doudoune,M,1,119.9,0,119.9
10396,2025-02-07,C0151,En ligne,Pulls & sweats,Pull en laine,M,1,59.9,0,59.9
10397,2025-02-07,C0093,Boutique,Accessoires,Bonnet,Unique,1,17.9,0,17.9
10397,2025-02-07,C0093,Boutique,Accessoires,Ceinture,Unique,1,29.9,0,29.9
10398,2025-02-07,C0616,En ligne,Accessoires,Sac banane,Unique,1,34.9,0,34.9
10399,2025-02-08,C0059,Boutique,Pantalons,Jean droit,S,1,59.9,0,59.9
10400,2025-02-08,C0517,Boutique,Vestes,Doudoune,M,1,119.9,0,119.9
10400,2025-02-08,C0517,Boutique,T-shirts,T-shirt oversize,S,1,29.9,0,29.9
10401,2025-02-08,C0134,Boutique,T-shirts,T-shirt oversize,M,1,29.9,0,29.9
10402,2025-02-08,C0006,Boutique,Accessoires,Ceinture,Unique,1,29.9,0,29.9
10403,2025-02-08,C0076,Boutique,Accessoires,Sac banane,Unique,1,34.9,0,34.9
10403,2025-02-08,C0076,Boutique,Pulls & sweats,Pull en laine,XL,1,59.9,0,59.9
10403,2025-02-08,C0076,Boutique,T-shirts,T-shirt oversize,M,2,29.9,0,59.8
10404,2025-02-08,C0091,Boutique,Vestes,Coupe-vent,L,1,64.9,0,64.9
10405,2025-02-08,C0324,Boutique,Pantalons,Pantalon cargo,M,1,49.9,0,49.9
10406,2025-02-08,C0627,En ligne,Chaussures,Bottines,43,1,109.9,0,109.9
10406,2025-02-08,C0627,En ligne,Pantalons,Pantalon cargo,M,1,49.9,0,49.9
10407,2025-02-08,C0592,Boutique,Chaussures,Sneakers running,40,1,99.9,0,99.9
10407,2025-02-08,C0592,Boutique,Pantalons,Jean droit,M,1,59.9,0,59.9
10408,2025-02-08,C0821,Boutique,Chaussures,Baskets blanches,44,1,89.9,0,89.9
10408,2025-02-08,C0821,Boutique,T-shirts,T-shirt basique,M,1,19.9,0,19.9
10409,2025-02-08,C0091,En ligne,T-shirts,T-shirt basique,XL,1,19.9,0,19.9
10410,2025-02-08,C0672,Boutique,Vestes,Doudoune,M,1,119.9,0,119.9
10410,2025-02-08,C0672,Boutique,Pulls & sweats,Sweat col rond,M,2,39.9,0,79.8
10411,2025-02-08,C0101,Boutique,Pulls & sweats,Sweat à capuche,M,1,49.9,0,49.9
10412,2025-02-08,C0162,En ligne,Pantalons,Jogging,S,1,34.9,0,34.9
10413,2025-02-08,C0091,En ligne,Pulls & sweats,Sweat col rond,M,2,39.9,0,79.8
10414,2025-02-10,C0200,Boutique,T-shirts,T-shirt basique,S,1,19.9,0,19.9
10415,2025-02-10,C0038,Boutique,Vestes,Veste en jean,L,2,79.9,0,159.8
10416,2025-02-10,C0711,Boutique,Pantalons,Jean droit,XL,1,59.9,0,59.9
10417,2025-02-10,C0472,Boutique,Pantalons,Pantalon cargo,L,1,49.9,0,49.9
10417,2025-02-10,C0472,Boutique,Accessoires,Bonnet,Unique,1,17.9,0,17.9
10418,2025-02-10,C0362,Boutique,Accessoires,Bonnet,Unique,1,17.9,0,17.9
10419,2025-02-10,C0096,Boutique,Accessoires,Ceinture,Unique,1,29.9,0,29.9
10420,2025-02-10,C0074,En ligne,Chaussures,Baskets blanches,40,1,89.9,0,89.9
10420,2025-02-10,C0074,En ligne,Pulls & sweats,Sweat à capuche,S,2,49.9,0,99.8
10420,2025-02-10,C0074,En ligne,Pulls & sweats,Sweat à capuche,M,1,49.9,0,49.9
10421,2025-02-10,C0123,Boutique,Chaussures,Sneakers running,43,1,99.9,0,99.9
10421,2025-02-10,C0123,Boutique,Accessoires,Ceinture,Unique,1,29.9,0,29.9
10422,2025-02-10,C0115,Boutique,Accessoires,Ceinture,Unique,1,29.9,0,29.9
10422,2025-02-10,C0115,Boutique,Accessoires,Sac banane,Unique,1,34.9,0,34.9
10423,2025-02-10,C0074,En ligne,Pantalons,Jean slim,M,1,54.9,0,54.9
10424,2025-02-10,C0179,Boutique,Vestes,Veste en jean,XS,1,79.9,0,79.9
10425,2025-02-10,C0075,En ligne,Accessoires,Bonnet,Unique,1,17.9,0,17.9
10426,2025-02-10,C0061,Boutique,Pulls & sweats,Pull en laine,L,1,59.9,0,59.9
10427,2025-02-11,C0110,Boutique,Vestes,Coupe-vent,L,1,64.9,0,64.9
10428,2025-02-11,C0824,En ligne,Pantalons,Jean droit,L,1,59.9,0,59.9
10429,2025-02-11,C0010,En ligne,Accessoires,Sac banane,Unique,1,34.9,0,34.9
10430,2025-02-11,C0063,Boutique,Vestes,Veste en jean,S,1,79.9,0,79.9
10431,2025-02-11,C0033,Boutique,Pantalons,Pantalon cargo,M,1,49.9,0,49.9
10431,2025-02-11,C0033,Boutique,Vestes,Veste en jean,M,1,79.9,0,79.9
10432,2025-02-11,C0087,Boutique,Vestes,Coupe-vent,XL,1,64.9,0,64.9
10433,2025-02-11,C0042,Boutique,Chaussures,Baskets blanches,41,1,89.9,0,89.9
10434,2025-02-11,C0149,Boutique,Accessoires,Ceinture,Unique,1,29.9,0,29.9
10434,2025-02-11,C0149,Boutique,Vestes,Doudoune,M,1,119.9,0,119.9
10435,2025-02-11,C0084,En ligne,Chaussures,Bottines,41,2,109.9,0,219.8
10436,2025-02-11,C0534,Boutique,Pulls & sweats,Sweat à capuche,S,1,49.9,0,49.9
10437,2025-02-12,C0216,En ligne,T-shirts,T-shirt imprimé,XS,1,24.9,0,24.9
10438,2025-02-12,C0098,Boutique,Vestes,Doudoune,XL,1,119.9,0,119.9
10439,2025-02-12,C0032,Boutique,Pulls & sweats,Sweat col rond,XS,1,39.9,0,39.9
10440,2025-02-12,C0882,Boutique,Pantalons,Pantalon cargo,S,1,49.9,0,49.9
10440,2025-02-12,C0882,Boutique,Accessoires,Sac banane,Unique,1,34.9,0,34.9
10441,2025-02-12,C0647,Boutique,Pantalons,Pantalon cargo,M,2,49.9,0,99.8
10441,2025-02-12,C0647,Boutique,Pulls & sweats,Sweat à capuche,M,1,49.9,0,49.9
10442,2025-02-12,C0039,En ligne,Chaussures,Baskets blanches,42,1,89.9,0,89.9
10443,2025-02-12,C0705,Boutique,Pantalons,Jean slim,L,1,54.9,0,54.9
10443,2025-02-12,C0705,Boutique,Vestes,Doudoune,S,1,119.9,0,119.9
10443,2025-02-12,C0705,Boutique,Accessoires,Ceinture,Unique,1,29.9,0,29.9
10444,2025-02-12,C0095,Boutique,Pulls & sweats,Sweat à capuche,S,1,49.9,0,49.9
10444,2025-02-12,C0095,Boutique,Accessoires,Sac banane,Unique,1,34.9,0,34.9
10445,2025-02-12,C0292,Boutique,Pulls & sweats,Sweat à capuche,S,2,49.9,0,99.8
10446,2025-02-12,C0082,Boutique,Chaussures,Bottines,39,1,109.9,0,109.9
10447,2025-02-13,C0069,En ligne,Pulls & sweats,Sweat à capuche,L,1,49.9,0,49.9
10447,2025-02-13,C0069,En ligne,Pulls & sweats,Sweat à capuche,S,1,49.9,0,49.9
10447,2025-02-13,C0069,En ligne,Pantalons,Jogging,M,2,34.9,0,69.8
10448,2025-02-13,C0339,En ligne,Pulls & sweats,Pull en laine,XS,1,59.9,0,59.9
10448,2025-02-13,C0339,En ligne,Pantalons,Jean droit,S,2,59.9,0,119.8
10449,2025-02-13,C0002,En ligne,Pulls & sweats,Pull en laine,XL,1,59.9,0,59.9
10449,2025-02-13,C0002,En ligne,Pulls & sweats,Sweat col rond,M,1,39.9,0,39.9
10450,2025-02-13,C0485,Boutique,Accessoires,Bonnet,Unique,1,17.9,0,17.9
10450,2025-02-13,C0485,Boutique,T-shirts,T-shirt oversize,S,1,29.9,0,29.9
10450,2025-02-13,C0485,Boutique,Vestes,Doudoune,XS,1,119.9,0,119.9
10451,2025-02-13,C0116,En ligne,T-shirts,T-shirt imprimé,M,1,24.9,0,24.9
10452,2025-02-13,C0006,Boutique,Chaussures,Baskets blanches,39,1,89.9,0,89.9
10452,2025-02-13,C0006,Boutique,Pulls & sweats,Pull en laine,M,1,59.9,0,59.9
10453,2025-02-13,C0778,Boutique,Chaussures,Sneakers running,39,1,99.9,0,99.9
10454,2025-02-13,C0030,Boutique,Chaussures,Bottines,42,1,109.9,0,109.9
10455,2025-02-13,C0022,Boutique,Pulls & sweats,Sweat à capuche,M,1,49.9,0,49.9
10456,2025-02-13,C0090,Boutique,Vestes,Veste en jean,S,1,79.9,0,79.9
10457,2025-02-13,C0882,Boutique,Pulls & sweats,Pull en laine,M,1,59.9,0,59.9
10458,2025-02-13,C0795,Boutique,Pulls & sweats,Sweat à capuche,M,1,49.9,0,49.9
10459,2025-02-13,C0329,Boutique,Vestes,Veste en jean,L,1,79.9,0,79.9
10459,2025-02-13,C0329,Boutique,Accessoires,Bonnet,Unique,1,17.9,0,17.9
10460,2025-02-13,C0083,Boutique,Chaussures,Baskets blanches,40,1,89.9,0,89.9
10461,2025-02-13,C0005,En ligne,T-shirts,T-shirt oversize,M,1,29.9,0,29.9
10462,2025-02-14,C0051,Boutique,T-shirts,T-shirt basique,XL,1,19.9,0,19.9
10462,2025-02-14,C0051,Boutique,Accessoires,Ceinture,Unique,1,29.9,0,29.9
10463,2025-02-14,C0072,Boutique,Accessoires,Casquette,Unique,1,19.9,0,19.9
10463,2025-02-14,C0072,Boutique,Pulls & sweats,Sweat à capuche,L,1,49.9,0,49.9
10464,2025-02-14,C0028,Boutique,Chaussures,Sneakers running,40,1,99.9,0,99.9
10465,2025-02-14,C0255,Boutique,Vestes,Coupe-vent,S,1,64.9,0,64.9
10465,2025-02-14,C0255,Boutique,Vestes,Veste en jean,L,1,79.9,0,79.9
10465,2025-02-14,C0255,Boutique,Pantalons,Jean slim,S,1,54.9,0,54.9
10466,2025-02-14,C0346,Boutique,Vestes,Veste en jean,M,2,79.9,0,159.8
10467,2025-02-14,C0866,Boutique,Pantalons,Pantalon cargo,M,1,49.9,0,49.9
10467,2025-02-14,C0866,Boutique,Pulls & sweats,Sweat col rond,S,2,39.9,0,79.8
10468,2025-02-15,C0459,Boutique,T-shirts,T-shirt imprimé,M,1,24.9,0,24.9
10469,2025-02-15,C0310,En ligne,Pulls & sweats,Pull en laine,L,1,59.9,0,59.9
10469,2025-02-15,C0310,En ligne,Chaussures,Bottines,43,2,109.9,0,219.8
10469,2025-02-15,C0310,En ligne,Vestes,Coupe-vent,XS,1,64.9,0,64.9
10470,2025-02-15,C0018,En ligne,Pulls & sweats,Pull en laine,S,1,59.9,0,59.9
10470,2025-02-15,C0018,En ligne,Pantalons,Jean droit,L,1,59.9,0,59.9
10471,2025-02-15,C0178,Boutique,Chaussures,Baskets blanches,41,1,89.9,0,89.9
10471,2025-02-15,C0178,Boutique,T-shirts,T-shirt oversize,L,1,29.9,0,29.9
10472,2025-02-15,C0343,Boutique,Pantalons,Jean slim,S,2,54.9,0,109.8
10472,2025-02-15,C0343,Boutique,Chaussures,Sneakers running,44,2,99.9,0,199.8
10473,2025-02-15,C0392,En ligne,Pulls & sweats,Sweat col rond,M,1,39.9,0,39.9
10474,2025-02-15,C0007,Boutique,Accessoires,Sac banane,Unique,1,34.9,0,34.9
10474,2025-02-15,C0007,Boutique,T-shirts,T-shirt imprimé,M,1,24.9,0,24.9
10474,2025-02-15,C0007,Boutique,Pulls & sweats,Sweat à capuche,L,1,49.9,0,49.9
10475,2025-02-15,C0269,En ligne,Accessoires,Bonnet,Unique,1,17.9,0,17.9
10476,2025-02-15,C0203,Boutique,Pulls & sweats,Sweat col rond,M,2,39.9,0,79.8
10476,2025-02-15,C0203,Boutique,Pulls & sweats,Pull en laine,M,1,59.9,0,59.9
10477,2025-02-15,C0092,En ligne,Pantalons,Jean droit,M,1,59.9,0,59.9
10478,2025-02-15,C0040,En ligne,Accessoires,Ceinture,Unique,1,29.9,0,29.9
10479,2025-02-15,C0838,En ligne,Pulls & sweats,Sweat col rond,S,2,39.9,0,79.8
10479,2025-02-15,C0838,En ligne,T-shirts,T-shirt oversize,L,2,29.9,0,59.8
10480,2025-02-15,C0015,Boutique,Pulls & sweats,Pull en laine,S,1,59.9,0,59.9
10480,2025-02-15,C0015,Boutique,Vestes,Doudoune,L,1,119.9,0,119.9
10481,2025-02-15,C0638,Boutique,Chaussures,Baskets blanches,44,1,89.9,0,89.9
10482,2025-02-15,C0262,En ligne,Accessoires,Sac banane,Unique,1,34.9,0,34.9
10483,2025-02-15,C0009,En ligne,Chaussures,Sneakers running,39,1,99.9,0,99.9
10483,2025-02-15,C0009,En ligne,T-shirts,T-shirt oversize,XL,1,29.9,0,29.9
10484,2025-02-17,C0497,Boutique,Pulls & sweats,Sweat col rond,M,2,39.9,0,79.8
10485,2025-02-17,C0041,En ligne,Pantalons,Jogging,XS,1,34.9,0,34.9
10486,2025-02-17,C0364,Boutique,Accessoires,Sac banane,Unique,1,34.9,0,34.9
10487,2025-02-17,C0033,Boutique,Accessoires,Casquette,Unique,2,19.9,0,39.8
10487,2025-02-17,C0033,Boutique,Accessoires,Bonnet,Unique,1,17.9,0,17.9
10488,2025-02-17,C0673,En ligne,Vestes,Coupe-vent,L,1,64.9,0,64.9
10488,2025-02-17,C0673,En ligne,Pulls & sweats,Sweat à capuche,M,1,49.9,0,49.9
10489,2025-02-17,C0078,Boutique,Pulls & sweats,Sweat à capuche,L,1,49.9,0,49.9
10490,2025-02-17,C0018,Boutique,Vestes,Doudoune,XL,1,119.9,0,119.9
10490,2025-02-17,C0018,Boutique,Accessoires,Sac banane,Unique,2,34.9,0,69.8
10491,2025-02-17,C0072,Boutique,Pulls & sweats,Sweat à capuche,L,1,49.9,0,49.9
10491,2025-02-17,C0072,Boutique,Accessoires,Ceinture,Unique,2,29.9,0,59.8
10492,2025-02-17,C0096,Boutique,Accessoires,Écharpe,Unique,1,24.9,0,24.9
10492,2025-02-17,C0096,Boutique,Pulls & sweats,Sweat à capuche,L,1,49.9,0,49.9
10493,2025-02-17,C0274,Boutique,Vestes,Doudoune,M,1,119.9,0,119.9
10493,2025-02-17,C0274,Boutique,Chaussures,Bottines,43,1,109.9,0,109.9
10494,2025-02-18,C0050,Boutique,Pulls & sweats,Sweat à capuche,XL,1,49.9,0,49.9
10495,2025-02-18,C0423,En ligne,Pulls & sweats,Sweat à capuche,XL,1,49.9,0,49.9
10495,2025-02-18,C0423,En ligne,Accessoires,Sac banane,Unique,1,34.9,0,34.9
10496,2025-02-18,C0059,Boutique,Accessoires,Sac banane,Unique,1,34.9,0,34.9
10497,2025-02-18,C0041,Boutique,Vestes,Coupe-vent,XL,1,64.9,0,64.9
10497,2025-02-18,C0041,Boutique,Accessoires,Sac banane,Unique,1,34.9,0,34.9
10497,2025-02-18,C0041,Boutique,Pantalons,Jean slim,S,2,54.9,0,109.8
10498,2025-02-18,C0753,En ligne,Accessoires,Casquette,Unique,1,19.9,0,19.9
10499,2025-02-18,C0312,Boutique,Pulls & sweats,Pull en laine,XS,1,59.9,0,59.9
10500,2025-02-19,C0146,Boutique,T-shirts,T-shirt oversize,L,1,29.9,0,29.9
10500,2025-02-19,C0146,Boutique,Accessoires,Sac banane,Unique,1,34.9,0,34.9
10501,2025-02-19,C0462,En ligne,Accessoires,Bonnet,Unique,2,17.9,0,35.8
10502,2025-02-19,C0042,Boutique,Accessoires,Casquette,Unique,1,19.9,0,19.9
10502,2025-02-19,C0042,Boutique,Chaussures,Sneakers running,43,1,99.9,0,99.9
10502,2025-02-19,C0042,Boutique,Chaussures,Sneakers running,43,1,99.9,0,99.9
10503,2025-02-19,C0164,Boutique,Accessoires,Écharpe,Unique,1,24.9,0,24.9
10504,2025-02-19,C0154,En ligne,Accessoires,Casquette,Unique,1,19.9,0,19.9
10505,2025-02-19,C0099,Boutique,Pulls & sweats,Sweat à capuche,XS,2,49.9,0,99.8
10506,2025-02-19,C0013,Boutique,Vestes,Doudoune,M,1,119.9,0,119.9
10506,2025-02-19,C0013,Boutique,Pulls & sweats,Sweat col rond,M,1,39.9,0,39.9
10507,2025-02-19,C0077,En ligne,Pulls & sweats,Sweat col rond,L,1,39.9,0,39.9
10507,2025-02-19,C0077,En ligne,T-shirts,T-shirt basique,M,1,19.9,0,19.9
10508,2025-02-19,C0005,Boutique,Pulls & sweats,Sweat à capuche,M,1,49.9,0,49.9
10508,2025-02-19,C0005,Boutique,Pulls & sweats,Sweat col rond,L,1,39.9,0,39.9
10509,2025-02-19,C0587,Boutique,Pantalons,Pantalon cargo,S,2,49.9,0,99.8
10510,2025-02-19,C0048,Boutique,Chaussures,Sneakers running,42,1,99.9,0,99.9
10510,2025-02-19,C0048,Boutique,Pulls & sweats,Sweat col rond,M,2,39.9,0,79.8
10511,2025-02-20,C0008,En ligne,Vestes,Doudoune,L,1,119.9,0,119.9
10511,2025-02-20,C0008,En ligne,Accessoires,Écharpe,Unique,1,24.9,0,24.9
10512,2025-02-20,C0266,Boutique,Pantalons,Jean droit,M,1,59.9,0,59.9
10512,2025-02-20,C0266,Boutique,Chaussures,Bottines,40,1,109.9,0,109.9
10512,2025-02-20,C0266,Boutique,Accessoires,Bonnet,Unique,1,17.9,0,17.9
10513,2025-02-20,C0002,En ligne,Accessoires,Bonnet,Unique,1,17.9,0,17.9
10514,2025-02-20,C0424,En ligne,Accessoires,Bonnet,Unique,1,17.9,0,17.9
10515,2025-02-20,C0037,En ligne,Pulls & sweats,Sweat col rond,XS,1,39.9,0,39.9
10516,2025-02-20,C0350,Boutique,Accessoires,Bonnet,Unique,1,17.9,0,17.9
10517,2025-02-20,C0689,Boutique,T-shirts,T-shirt basique,L,1,19.9,0,19.9
10518,2025-02-20,C0550,Boutique,Accessoires,Casquette,Unique,1,19.9,0,19.9
10519,2025-02-21,C0093,Boutique,T-shirts,T-shirt oversize,L,1,29.9,0,29.9
10520,2025-02-21,C0363,En ligne,Accessoires,Écharpe,Unique,2,24.9,0,49.8
10521,2025-02-21,C0863,En ligne,Pulls & sweats,Sweat à capuche,L,2,49.9,0,99.8
10521,2025-02-21,C0863,En ligne,Chaussures,Bottines,41,1,109.9,0,109.9
10522,2025-02-21,C0509,Boutique,Accessoires,Écharpe,Unique,1,24.9,0,24.9
10523,2025-02-21,C0015,Boutique,Pulls & sweats,Sweat à capuche,XS,1,49.9,0,49.9
10524,2025-02-21,C0513,En ligne,Pantalons,Pantalon cargo,S,1,49.9,0,49.9
10525,2025-02-21,C0842,Boutique,Accessoires,Bonnet,Unique,1,17.9,0,17.9
10526,2025-02-21,C0731,Boutique,Pulls & sweats,Sweat à capuche,M,1,49.9,0,49.9
10527,2025-02-21,C0060,Boutique,Accessoires,Écharpe,Unique,1,24.9,0,24.9
10528,2025-02-21,C0655,Boutique,Pulls & sweats,Pull en laine,L,1,59.9,0,59.9
10529,2025-02-21,C0280,En ligne,T-shirts,T-shirt oversize,S,1,29.9,0,29.9
10530,2025-02-22,C0091,Boutique,Pulls & sweats,Pull en laine,M,1,59.9,0,59.9
10531,2025-02-22,C0134,En ligne,T-shirts,T-shirt imprimé,M,1,24.9,0,24.9
10531,2025-02-22,C0134,En ligne,Pulls & sweats,Sweat col rond,L,2,39.9,0,79.8
10531,2025-02-22,C0134,En ligne,Chaussures,Bottines,41,1,109.9,0,109.9
10532,2025-02-22,C0026,Boutique,Vestes,Veste en jean,S,1,79.9,0,79.9
10532,2025-02-22,C0026,Boutique,Accessoires,Ceinture,Unique,1,29.9,0,29.9
10533,2025-02-22,C0083,Boutique,Pulls & sweats,Sweat à capuche,XL,1,49.9,0,49.9
10534,2025-02-22,C0047,Boutique,Chaussures,Bottines,39,1,109.9,0,109.9
10534,2025-02-22,C0047,Boutique,T-shirts,T-shirt basique,M,1,19.9,0,19.9
10535,2025-02-22,C0099,Boutique,Pantalons,Jogging,L,1,34.9,0,34.9
10536,2025-02-22,C0084,En ligne,Pantalons,Jogging,S,1,34.9,0,34.9
10537,2025-02-22,C0062,Boutique,Accessoires,Sac banane,Unique,1,34.9,0,34.9
10538,2025-02-22,C0581,Boutique,Pulls & sweats,Sweat col rond,L,1,39.9,0,39.9
10539,2025-02-22,C0857,Boutique,Pantalons,Jean slim,S,1,54.9,0,54.9
10540,2025-02-24,C0105,Boutique,Pantalons,Jean slim,L,1,54.9,0,54.9
10540,2025-02-24,C0105,Boutique,Accessoires,Casquette,Unique,1,19.9,0,19.9
10541,2025-02-24,C0464,Boutique,Vestes,Doudoune,XL,1,119.9,0,119.9
10542,2025-02-24,C0102,Boutique,Accessoires,Ceinture,Unique,1,29.9,0,29.9
10543,2025-02-24,C0092,Boutique,Pantalons,Jean droit,XS,2,59.9,0,119.8
10543,2025-02-24,C0092,Boutique,Accessoires,Casquette,Unique,1,19.9,0,19.9
10544,2025-02-24,C0368,En ligne,T-shirts,T-shirt imprimé,M,1,24.9,0,24.9
10545,2025-02-24,C0049,Boutique,Pulls & sweats,Sweat à capuche,S,1,49.9,0,49.9
10546,2025-02-24,C0119,Boutique,Pulls & sweats,Sweat col rond,XS,1,39.9,0,39.9
10547,2025-02-24,C0148,Boutique,Pantalons,Jean droit,L,1,59.9,0,59.9
10548,2025-02-24,C0467,Boutique,Accessoires,Sac banane,Unique,1,34.9,0,34.9
10548,2025-02-24,C0467,Boutique,Pantalons,Jogging,S,1,34.9,0,34.9
10549,2025-02-24,C0008,Boutique,Pulls & sweats,Sweat col rond,XL,1,39.9,0,39.9
10549,2025-02-24,C0008,Boutique,Vestes,Doudoune,M,2,119.9,0,239.8
10550,2025-02-24,C0116,Boutique,T-shirts,T-shirt oversize,XL,1,29.9,0,29.9
10550,2025-02-24,C0116,Boutique,Accessoires,Écharpe,Unique,1,24.9,0,24.9
10550,2025-02-24,C0116,Boutique,T-shirts,T-shirt oversize,M,1,29.9,0,29.9
10551,2025-02-25,C0685,En ligne,Accessoires,Écharpe,Unique,1,24.9,0,24.9
10551,2025-02-25,C0685,En ligne,Accessoires,Sac banane,Unique,1,34.9,0,34.9
10552,2025-02-25,C0525,Boutique,Pantalons,Pantalon cargo,L,2,49.9,0,99.8
10553,2025-02-25,C0005,Boutique,Pulls & sweats,Sweat col rond,L,1,39.9,0,39.9
10554,2025-02-25,C0587,En ligne,Accessoires,Sac banane,Unique,1,34.9,0,34.9
10554,2025-02-25,C0587,En ligne,Pantalons,Jean droit,L,1,59.9,0,59.9
10554,2025-02-25,C0587,En ligne,Pulls & sweats,Sweat à capuche,S,1,49.9,0,49.9
10555,2025-02-25,C0095,En ligne,Vestes,Doudoune,M,1,119.9,0,119.9
10556,2025-02-25,C0101,Boutique,Accessoires,Casquette,Unique,1,19.9,0,19.9
10557,2025-02-25,C0019,Boutique,Accessoires,Ceinture,Unique,1,29.9,0,29.9
10557,2025-02-25,C0019,Boutique,Pulls & sweats,Pull en laine,S,1,59.9,0,59.9
10558,2025-02-25,C0863,Boutique,Chaussures,Baskets blanches,42,1,89.9,0,89.9
10558,2025-02-25,C0863,Boutique,Pantalons,Pantalon cargo,XL,1,49.9,0,49.9
10559,2025-02-25,C0240,Boutique,Pantalons,Jean droit,M,1,59.9,0,59.9
10559,2025-02-25,C0240,Boutique,Pulls & sweats,Pull en laine,M,1,59.9,0,59.9
10560,2025-02-25,C0043,En ligne,Pantalons,Jogging,L,1,34.9,0,34.9
10561,2025-02-26,C0262,Boutique,Accessoires,Bonnet,Unique,1,17.9,0,17.9
10562,2025-02-26,C0200,Boutique,Accessoires,Écharpe,Unique,1,24.9,0,24.9
10562,2025-02-26,C0200,Boutique,Chaussures,Baskets blanches,39,1,89.9,0,89.9
10563,2025-02-26,C0702,Boutique,Pulls & sweats,Sweat à capuche,M,1,49.9,0,49.9
10564,2025-02-26,C0077,Boutique,Accessoires,Casquette,Unique,1,19.9,0,19.9
10564,2025-02-26,C0077,Boutique,Pulls & sweats,Sweat col rond,L,1,39.9,0,39.9
10565,2025-02-26,C0580,Boutique,T-shirts,T-shirt basique,M,1,19.9,0,19.9
10566,2025-02-26,C0655,Boutique,Accessoires,Écharpe,Unique,1,24.9,0,24.9
10566,2025-02-26,C0655,Boutique,Accessoires,Écharpe,Unique,1,24.9,0,24.9
10566,2025-02-26,C0655,Boutique,Pantalons,Pantalon cargo,S,2,49.9,0,99.8
10567,2025-02-26,C0183,Boutique,Accessoires,Sac banane,Unique,1,34.9,0,34.9
10568,2025-02-26,C0112,En ligne,Pulls & sweats,Sweat col rond,M,1,39.9,0,39.9
10568,2025-02-26,C0112,En ligne,Pulls & sweats,Sweat à capuche,M,1,49.9,0,49.9
10569,2025-02-26,C0058,En ligne,Chaussures,Baskets blanches,44,2,89.9,0,179.8
10570,2025-02-26,C0020,Boutique,Vestes,Coupe-vent,L,1,64.9,0,64.9
10570,2025-02-26,C0020,Boutique,Pantalons,Jogging,L,1,34.9,0,34.9
10570,2025-02-26,C0020,Boutique,Accessoires,Sac banane,Unique,1,34.9,0,34.9
10571,2025-02-27,C0089,Boutique,Vestes,Veste en jean,M,1,79.9,0,79.9
10572,2025-02-27,C0083,En ligne,Accessoires,Casquette,Unique,1,19.9,0,19.9
10573,2025-02-27,C0297,Boutique,T-shirts,T-shirt imprimé,S,1,24.9,0,24.9
10574,2025-02-27,C0014,Boutique,T-shirts,T-shirt oversize,S,1,29.9,0,29.9
10575,2025-02-27,C0004,Boutique,Pantalons,Jean slim,L,1,54.9,0,54.9
10576,2025-02-27,C0855,Boutique,T-shirts,T-shirt imprimé,L,1,24.9,0,24.9
10576,2025-02-27,C0855,Boutique,T-shirts,T-shirt basique,L,1,19.9,0,19.9
10576,2025-02-27,C0855,Boutique,Vestes,Coupe-vent,M,2,64.9,0,129.8
10577,2025-02-27,C0239,Boutique,Pulls & sweats,Sweat col rond,XL,1,39.9,0,39.9
10578,2025-02-27,C0249,Boutique,Pulls & sweats,Sweat à capuche,L,2,49.9,0,99.8
10579,2025-02-27,C0079,En ligne,Accessoires,Casquette,Unique,1,19.9,0,19.9
10580,2025-02-27,C0631,En ligne,Pantalons,Jogging,XL,1,34.9,0,34.9
10580,2025-02-27,C0631,En ligne,Vestes,Doudoune,XL,1,119.9,0,119.9
10581,2025-02-27,C0006,Boutique,Pulls & sweats,Sweat à capuche,S,1,49.9,0,49.9
10582,2025-02-27,C0022,Boutique,T-shirts,T-shirt basique,L,1,19.9,0,19.9
10582,2025-02-27,C0022,Boutique,Pantalons,Jean droit,M,1,59.9,0,59.9
10582,2025-02-27,C0022,Boutique,T-shirts,T-shirt basique,L,2,19.9,0,39.8
10583,2025-02-27,C0291,Boutique,Accessoires,Bonnet,Unique,1,17.9,0,17.9
10583,2025-02-27,C0291,Boutique,Vestes,Coupe-vent,S,1,64.9,0,64.9
10584,2025-02-28,C0735,Boutique,Vestes,Veste en jean,XS,1,79.9,0,79.9
10584,2025-02-28,C0735,Boutique,Pulls & sweats,Sweat à capuche,XL,2,49.9,0,99.8
10584,2025-02-28,C0735,Boutique,Vestes,Coupe-vent,M,1,64.9,0,64.9
10585,2025-02-28,C0214,En ligne,Accessoires,Ceinture,Unique,1,29.9,0,29.9
10586,2025-02-28,C0119,En ligne,Pulls & sweats,Pull en laine,M,1,59.9,0,59.9
10586,2025-02-28,C0119,En ligne,Accessoires,Ceinture,Unique,1,29.9,0,29.9
10587,2025-02-28,C0551,En ligne,Pantalons,Jean slim,S,1,54.9,0,54.9
10587,2025-02-28,C0551,En ligne,Pantalons,Pantalon cargo,L,1,49.9,0,49.9
10588,2025-02-28,C0236,Boutique,T-shirts,T-shirt oversize,S,1,29.9,0,29.9
10589,2025-02-28,C0076,Boutique,Accessoires,Bonnet,Unique,1,17.9,0,17.9
10590,2025-02-28,C0183,Boutique,Chaussures,Sneakers running,41,1,99.9,0,99.9
10591,2025-02-28,C0017,En ligne,Pulls & sweats,Sweat à capuche,M,2,49.9,0,99.8
10592,2025-02-28,C0044,En ligne,Pulls & sweats,Sweat col rond,XL,2,39.9,0,79.8
10593,2025-02-28,C0567,Boutique,Accessoires,Ceinture,Unique,2,29.9,0,59.8
10594,2025-02-28,C0061,Boutique,Chaussures,Sneakers running,40,2,99.9,0,199.8
10595,2025-02-28,C0075,En ligne,Accessoires,Sac banane,Unique,2,34.9,0,69.8
10595,2025-02-28,C0075,En ligne,Pantalons,Jean slim,M,1,54.9,0,54.9
10595,2025-02-28,C0075,En ligne,Accessoires,Casquette,Unique,1,19.9,0,19.9
10596,2025-03-01,C0104,Boutique,Pantalons,Jean droit,L,1,59.9,0,59.9
10596,2025-03-01,C0104,Boutique,Chaussures,Bottines,40,2,109.9,0,219.8
10597,2025-03-01,C0031,Boutique,Pantalons,Pantalon cargo,M,1,49.9,0,49.9
10598,2025-03-01,C0598,En ligne,Accessoires,Ceinture,Unique,1,29.9,0,29.9
10599,2025-03-01,C0642,Boutique,Accessoires,Casquette,Unique,1,19.9,0,19.9
10599,2025-03-01,C0642,Boutique,Chaussures,Sneakers running,42,1,99.9,0,99.9
10600,2025-03-01,C0715,Boutique,Accessoires,Casquette,Unique,1,19.9,0,19.9
10601,2025-03-01,C0120,En ligne,Chaussures,Baskets blanches,41,1,89.9,0,89.9
10601,2025-03-01,C0120,En ligne,Pantalons,Jean slim,S,1,54.9,0,54.9
10601,2025-03-01,C0120,En ligne,Pantalons,Jean slim,L,1,54.9,0,54.9
10602,2025-03-01,C0043,En ligne,Pantalons,Jean droit,L,1,59.9,0,59.9
10603,2025-03-01,C0115,En ligne,Pulls & sweats,Sweat à capuche,M,1,49.9,0,49.9
10603,2025-03-01,C0115,En ligne,Pantalons,Jean slim,M,1,54.9,0,54.9
10604,2025-03-01,C0300,Boutique,Chaussures,Sneakers running,39,1,99.9,0,99.9
10605,2025-03-01,C0114,Boutique,Accessoires,Écharpe,Unique,2,24.9,0,49.8
10606,2025-03-01,C0022,En ligne,Pantalons,Jean droit,L,1,59.9,0,59.9
10606,2025-03-01,C0022,En ligne,Pulls & sweats,Sweat col rond,S,1,39.9,0,39.9
10607,2025-03-01,C0057,Boutique,T-shirts,T-shirt basique,S,2,19.9,0,39.8
10608,2025-03-01,C0661,Boutique,Chaussures,Bottines,44,1,109.9,0,109.9
10609,2025-03-01,C0863,Boutique,Vestes,Veste en jean,S,1,79.9,0,79.9
10610,2025-03-01,C0296,Boutique,Pulls & sweats,Pull en laine,M,2,59.9,0,119.8
10611,2025-03-01,C0069,En ligne,Accessoires,Bonnet,Unique,1,17.9,0,17.9
10611,2025-03-01,C0069,En ligne,T-shirts,T-shirt imprimé,M,1,24.9,0,24.9
10611,2025-03-01,C0069,En ligne,Pulls & sweats,Sweat à capuche,XS,1,49.9,0,49.9
10612,2025-03-01,C0045,En ligne,Accessoires,Sac banane,Unique,1,34.9,0,34.9
10613,2025-03-01,C0415,Boutique,Accessoires,Écharpe,Unique,1,24.9,0,24.9
10613,2025-03-01,C0415,Boutique,Accessoires,Sac banane,Unique,2,34.9,0,69.8
10614,2025-03-01,C0091,En ligne,Accessoires,Sac banane,Unique,1,34.9,0,34.9
10614,2025-03-01,C0091,En ligne,Accessoires,Ceinture,Unique,1,29.9,0,29.9
10615,2025-03-01,C0062,Boutique,Pantalons,Pantalon cargo,M,1,49.9,0,49.9
10616,2025-03-01,C0046,En ligne,Vestes,Coupe-vent,L,1,64.9,0,64.9
10617,2025-03-01,C0201,En ligne,Pantalons,Jean slim,M,2,54.9,0,109.8
10618,2025-03-01,C0618,Boutique,Accessoires,Écharpe,Unique,1,24.9,0,24.9
10618,2025-03-01,C0618,Boutique,Chaussures,Bottines,41,1,109.9,0,109.9
10618,2025-03-01,C0618,Boutique,T-shirts,T-shirt imprimé,XL,1,24.9,0,24.9
10619,2025-03-01,C0090,En ligne,Chaussures,Bottines,41,1,109.9,0,109.9
10619,2025-03-01,C0090,En ligne,T-shirts,T-shirt oversize,M,2,29.9,0,59.8
10620,2025-03-01,C0143,Boutique,T-shirts,T-shirt imprimé,L,1,24.9,0,24.9
10621,2025-03-03,C0775,Boutique,Vestes,Veste en jean,M,1,79.9,0,79.9
10622,2025-03-03,C0774,Boutique,Accessoires,Écharpe,Unique,1,24.9,0,24.9
10623,2025-03-03,C0106,Boutique,Pantalons,Jogging,L,1,34.9,0,34.9
10624,2025-03-03,C0039,Boutique,Pantalons,Pantalon cargo,M,1,49.9,0,49.9
10624,2025-03-03,C0039,Boutique,Chaussures,Baskets blanches,41,1,89.9,0,89.9
10625,2025-03-03,C0069,Boutique,Pantalons,Jogging,L,2,34.9,0,69.8
10626,2025-03-03,C0711,Boutique,Chaussures,Baskets blanches,40,1,89.9,0,89.9
10627,2025-03-03,C0150,Boutique,T-shirts,T-shirt basique,M,1,19.9,0,19.9
10627,2025-03-03,C0150,Boutique,Vestes,Veste en jean,S,1,79.9,0,79.9
10628,2025-03-03,C0079,Boutique,T-shirts,T-shirt basique,S,1,19.9,0,19.9
10628,2025-03-03,C0079,Boutique,Pulls & sweats,Pull en laine,L,1,59.9,0,59.9
10629,2025-03-03,C0088,Boutique,Pantalons,Pantalon cargo,XS,1,49.9,0,49.9
10630,2025-03-03,C0382,Boutique,Accessoires,Bonnet,Unique,1,17.9,0,17.9
10631,2025-03-03,C0029,Boutique,Pantalons,Jean slim,XL,1,54.9,0,54.9
10631,2025-03-03,C0029,Boutique,T-shirts,T-shirt basique,M,2,19.9,0,39.8
10632,2025-03-03,C0047,En ligne,Accessoires,Sac banane,Unique,1,34.9,0,34.9
10633,2025-03-04,C0105,En ligne,Chaussures,Sneakers running,40,1,99.9,0,99.9
10634,2025-03-04,C0011,Boutique,T-shirts,T-shirt basique,L,1,19.9,0,19.9
10634,2025-03-04,C0011,Boutique,T-shirts,T-shirt basique,L,1,19.9,0,19.9
10635,2025-03-04,C0481,En ligne,T-shirts,T-shirt oversize,S,1,29.9,0,29.9
10636,2025-03-04,C0078,En ligne,T-shirts,T-shirt imprimé,S,1,24.9,0,24.9
10636,2025-03-04,C0078,En ligne,Chaussures,Bottines,41,2,109.9,0,219.8
10636,2025-03-04,C0078,En ligne,Pulls & sweats,Sweat col rond,M,1,39.9,0,39.9
10637,2025-03-04,C0070,En ligne,T-shirts,T-shirt basique,XL,1,19.9,0,19.9
10638,2025-03-04,C0097,Boutique,T-shirts,T-shirt basique,L,2,19.9,0,39.8
10638,2025-03-04,C0097,Boutique,Pantalons,Jean droit,XL,1,59.9,0,59.9
10638,2025-03-04,C0097,Boutique,T-shirts,T-shirt imprimé,M,2,24.9,0,49.8
10639,2025-03-04,C0418,En ligne,T-shirts,T-shirt basique,M,1,19.9,0,19.9
10639,2025-03-04,C0418,En ligne,Pulls & sweats,Pull en laine,XS,1,59.9,0,59.9
10639,2025-03-04,C0418,En ligne,Pulls & sweats,Sweat à capuche,M,1,49.9,0,49.9
10640,2025-03-04,C0704,Boutique,Pantalons,Pantalon cargo,M,2,49.9,0,99.8
10641,2025-03-04,C0862,Boutique,Pulls & sweats,Sweat à capuche,M,2,49.9,0,99.8
10641,2025-03-04,C0862,Boutique,T-shirts,T-shirt imprimé,L,1,24.9,0,24.9
10641,2025-03-04,C0862,Boutique,T-shirts,T-shirt imprimé,M,1,24.9,0,24.9
10642,2025-03-05,C0119,Boutique,Pulls & sweats,Sweat à capuche,M,1,49.9,0,49.9
10643,2025-03-05,C0126,En ligne,Pantalons,Pantalon cargo,L,1,49.9,0,49.9
10644,2025-03-05,C0365,Boutique,Pantalons,Jogging,S,1,34.9,0,34.9
10644,2025-03-05,C0365,Boutique,Pantalons,Jean slim,M,1,54.9,0,54.9
10645,2025-03-05,C0138,En ligne,Accessoires,Ceinture,Unique,1,29.9,0,29.9
10645,2025-03-05,C0138,En ligne,Accessoires,Ceinture,Unique,1,29.9,0,29.9
10646,2025-03-05,C0039,Boutique,T-shirts,T-shirt oversize,L,1,29.9,0,29.9
10647,2025-03-05,C0085,Boutique,Pantalons,Jean slim,XS,2,54.9,0,109.8
10648,2025-03-05,C0122,Boutique,Pulls & sweats,Pull en laine,S,1,59.9,0,59.9
10649,2025-03-05,C0799,Boutique,Pantalons,Jean droit,M,1,59.9,0,59.9
10649,2025-03-05,C0799,Boutique,Chaussures,Sneakers running,44,1,99.9,0,99.9
10650,2025-03-05,C0553,Boutique,Accessoires,Sac banane,Unique,1,34.9,0,34.9
10651,2025-03-05,C0076,Boutique,Pulls & sweats,Pull en laine,XS,1,59.9,0,59.9
10651,2025-03-05,C0076,Boutique,T-shirts,T-shirt imprimé,L,1,24.9,0,24.9
10652,2025-03-05,C0115,Boutique,Pantalons,Pantalon cargo,XS,1,49.9,0,49.9
10653,2025-03-05,C0031,Boutique,Accessoires,Casquette,Unique,2,19.9,0,39.8
10654,2025-03-05,C0022,En ligne,Pantalons,Jogging,XL,1,34.9,0,34.9
10655,2025-03-05,C0090,Boutique,Pulls & sweats,Sweat col rond,M,1,39.9,0,39.9
10656,2025-03-05,C0103,Boutique,Pantalons,Pantalon cargo,S,1,49.9,0,49.9
10657,2025-03-05,C0207,Boutique,Accessoires,Sac banane,Unique,1,34.9,0,34.9
10657,2025-03-05,C0207,Boutique,Pulls & sweats,Pull en laine,M,2,59.9,0,119.8
10658,2025-03-06,C0109,Boutique,Pulls & sweats,Sweat col rond,M,1,39.9,0,39.9
10659,2025-03-06,C0102,En ligne,Pantalons,Pantalon cargo,M,1,49.9,0,49.9
10659,2025-03-06,C0102,En ligne,T-shirts,T-shirt imprimé,M,1,24.9,0,24.9
10660,2025-03-06,C0561,En ligne,Chaussures,Baskets blanches,40,1,89.9,0,89.9
10661,2025-03-06,C0844,Boutique,Accessoires,Sac banane,Unique,1,34.9,0,34.9
10662,2025-03-06,C0445,Boutique,T-shirts,T-shirt basique,S,1,19.9,0,19.9
10662,2025-03-06,C0445,Boutique,T-shirts,T-shirt oversize,L,1,29.9,0,29.9
10663,2025-03-06,C0881,Boutique,T-shirts,T-shirt imprimé,S,1,24.9,0,24.9
10664,2025-03-06,C0088,Boutique,T-shirts,T-shirt basique,L,1,19.9,0,19.9
10665,2025-03-06,C0063,Boutique,Vestes,Doudoune,S,1,119.9,0,119.9
10666,2025-03-06,C0102,Boutique,T-shirts,T-shirt basique,M,2,19.9,0,39.8
10666,2025-03-06,C0102,Boutique,T-shirts,T-shirt basique,S,1,19.9,0,19.9
10667,2025-03-06,C0053,Boutique,Accessoires,Ceinture,Unique,2,29.9,0,59.8
10667,2025-03-06,C0053,Boutique,Chaussures,Baskets blanches,43,1,89.9,0,89.9
10668,2025-03-06,C0124,Boutique,Accessoires,Sac banane,Unique,1,34.9,0,34.9
10668,2025-03-06,C0124,Boutique,Accessoires,Bonnet,Unique,1,17.9,0,17.9
10669,2025-03-06,C0321,Boutique,Pantalons,Jean droit,S,2,59.9,0,119.8
10670,2025-03-06,C0028,Boutique,Pulls & sweats,Sweat col rond,M,1,39.9,0,39.9
10671,2025-03-07,C0116,Boutique,Chaussures,Bottines,40,2,109.9,0,219.8
10672,2025-03-07,C0092,Boutique,Vestes,Coupe-vent,L,1,64.9,0,64.9
10673,2025-03-07,C0056,Boutique,Pulls & sweats,Sweat col rond,L,1,39.9,0,39.9
10673,2025-03-07,C0056,Boutique,Chaussures,Sneakers running,40,1,99.9,0,99.9
10674,2025-03-07,C0398,En ligne,Accessoires,Écharpe,Unique,1,24.9,0,24.9
10674,2025-03-07,C0398,En ligne,Accessoires,Bonnet,Unique,1,17.9,0,17.9
10674,2025-03-07,C0398,En ligne,Accessoires,Bonnet,Unique,2,17.9,0,35.8
10675,2025-03-07,C0832,Boutique,T-shirts,T-shirt basique,XL,1,19.9,0,19.9
10676,2025-03-07,C0423,Boutique,Pantalons,Jean slim,L,1,54.9,0,54.9
10677,2025-03-07,C0361,Boutique,Pantalons,Pantalon cargo,XS,1,49.9,0,49.9
10677,2025-03-07,C0361,Boutique,T-shirts,T-shirt oversize,M,1,29.9,0,29.9
10678,2025-03-07,C0004,Boutique,Pulls & sweats,Sweat à capuche,S,1,49.9,0,49.9
10678,2025-03-07,C0004,Boutique,Chaussures,Sneakers running,43,1,99.9,0,99.9
10679,2025-03-07,C0812,Boutique,Accessoires,Bonnet,Unique,1,17.9,0,17.9
10680,2025-03-07,C0847,Boutique,T-shirts,T-shirt imprimé,XL,1,24.9,0,24.9
10681,2025-03-07,C0585,En ligne,Accessoires,Sac banane,Unique,1,34.9,0,34.9
10681,2025-03-07,C0585,En ligne,Accessoires,Ceinture,Unique,1,29.9,0,29.9
10681,2025-03-07,C0585,En ligne,Chaussures,Baskets blanches,43,1,89.9,0,89.9
10682,2025-03-07,C0267,En ligne,T-shirts,T-shirt oversize,L,1,29.9,0,29.9
10682,2025-03-07,C0267,En ligne,Pantalons,Jogging,M,1,34.9,0,34.9
10682,2025-03-07,C0267,En ligne,Pulls & sweats,Sweat à capuche,L,1,49.9,0,49.9
10683,2025-03-07,C0295,Boutique,Pantalons,Jean droit,XL,1,59.9,0,59.9
10684,2025-03-07,C0087,En ligne,Accessoires,Casquette,Unique,1,19.9,0,19.9
10685,2025-03-07,C0080,Boutique,Vestes,Coupe-vent,XS,1,64.9,0,64.9
10686,2025-03-07,C0042,Boutique,T-shirts,T-shirt imprimé,L,1,24.9,0,24.9
10687,2025-03-07,C0013,Boutique,Accessoires,Ceinture,Unique,2,29.9,0,59.8
10688,2025-03-08,C0613,Boutique,T-shirts,T-shirt oversize,M,1,29.9,0,29.9
10688,2025-03-08,C0613,Boutique,Pantalons,Pantalon cargo,XL,1,49.9,0,49.9
10689,2025-03-08,C0023,En ligne,Accessoires,Ceinture,Unique,1,29.9,0,29.9
10690,2025-03-08,C0068,Boutique,Pulls & sweats,Sweat à capuche,XL,1,49.9,0,49.9
10691,2025-03-08,C0047,Boutique,Accessoires,Sac banane,Unique,1,34.9,0,34.9
10692,2025-03-08,C0530,Boutique,Pulls & sweats,Pull en laine,S,1,59.9,0,59.9
10692,2025-03-08,C0530,Boutique,Accessoires,Ceinture,Unique,1,29.9,0,29.9
10693,2025-03-08,C0030,En ligne,T-shirts,T-shirt imprimé,XL,1,24.9,0,24.9
10694,2025-03-08,C0042,Boutique,Vestes,Veste en jean,L,1,79.9,0,79.9
10694,2025-03-08,C0042,Boutique,Accessoires,Casquette,Unique,1,19.9,0,19.9
10694,2025-03-08,C0042,Boutique,T-shirts,T-shirt imprimé,S,1,24.9,0,24.9
10695,2025-03-08,C0280,Boutique,T-shirts,T-shirt basique,M,1,19.9,0,19.9
10695,2025-03-08,C0280,Boutique,Pantalons,Jean slim,M,1,54.9,0,54.9
10696,2025-03-08,C0043,En ligne,Chaussures,Bottines,39,1,109.9,0,109.9
10696,2025-03-08,C0043,En ligne,Accessoires,Bonnet,Unique,1,17.9,0,17.9
10697,2025-03-08,C0725,Boutique,Accessoires,Sac banane,Unique,1,34.9,0,34.9
10698,2025-03-08,C0006,Boutique,Pulls & sweats,Sweat col rond,XL,2,39.9,0,79.8
10698,2025-03-08,C0006,Boutique,Accessoires,Bonnet,Unique,1,17.9,0,17.9
10698,2025-03-08,C0006,Boutique,T-shirts,T-shirt oversize,L,1,29.9,0,29.9
10699,2025-03-08,C0561,Boutique,Pantalons,Jean droit,L,1,59.9,0,59.9
10700,2025-03-08,C0003,Boutique,Accessoires,Écharpe,Unique,1,24.9,0,24.9
10701,2025-03-08,C0158,En ligne,Pantalons,Pantalon cargo,M,2,49.9,0,99.8
10702,2025-03-08,C0013,Boutique,Pantalons,Jogging,M,1,34.9,0,34.9
10703,2025-03-08,C0775,Boutique,T-shirts,T-shirt oversize,XS,1,29.9,0,29.9
10704,2025-03-08,C0060,Boutique,Chaussures,Bottines,44,1,109.9,0,109.9
10704,2025-03-08,C0060,Boutique,Pantalons,Pantalon cargo,XS,1,49.9,0,49.9
10705,2025-03-08,C0308,En ligne,Accessoires,Bonnet,Unique,1,17.9,0,17.9
10706,2025-03-08,C0007,Boutique,Pantalons,Jogging,M,1,34.9,0,34.9
10706,2025-03-08,C0007,Boutique,Chaussures,Bottines,43,1,109.9,0,109.9
10706,2025-03-08,C0007,Boutique,T-shirts,T-shirt oversize,L,1,29.9,0,29.9
10707,2025-03-08,C0806,En ligne,T-shirts,T-shirt oversize,M,1,29.9,0,29.9
10708,2025-03-08,C0687,Boutique,Pulls & sweats,Sweat à capuche,XS,1,49.9,0,49.9
10708,2025-03-08,C0687,Boutique,Accessoires,Écharpe,Unique,2,24.9,0,49.8
10709,2025-03-08,C0069,En ligne,T-shirts,T-shirt oversize,L,1,29.9,0,29.9
10710,2025-03-08,C0763,Boutique,Vestes,Coupe-vent,L,1,64.9,0,64.9
10711,2025-03-08,C0405,Boutique,T-shirts,T-shirt basique,XS,1,19.9,0,19.9
10712,2025-03-08,C0880,En ligne,T-shirts,T-shirt basique,L,1,19.9,0,19.9
10713,2025-03-08,C0196,En ligne,T-shirts,T-shirt imprimé,S,1,24.9,0,24.9
10713,2025-03-08,C0196,En ligne,T-shirts,T-shirt oversize,M,1,29.9,0,29.9
10714,2025-03-08,C0058,Boutique,Vestes,Veste en jean,XS,1,79.9,0,79.9
10715,2025-03-08,C0731,Boutique,Pantalons,Pantalon cargo,M,1,49.9,0,49.9
10716,2025-03-08,C0743,Boutique,Accessoires,Ceinture,Unique,1,29.9,0,29.9
10716,2025-03-08,C0743,Boutique,T-shirts,T-shirt basique,M,1,19.9,0,19.9
10717,2025-03-08,C0115,Boutique,T-shirts,T-shirt oversize,M,2,29.9,0,59.8
10717,2025-03-08,C0115,Boutique,Chaussures,Baskets blanches,44,1,89.9,0,89.9
10718,2025-03-10,C0029,Boutique,Accessoires,Ceinture,Unique,1,29.9,0,29.9
10718,2025-03-10,C0029,Boutique,Pulls & sweats,Sweat col rond,M,1,39.9,0,39.9
10719,2025-03-10,C0669,Boutique,Accessoires,Bonnet,Unique,1,17.9,0,17.9
10719,2025-03-10,C0669,Boutique,Pulls & sweats,Sweat col rond,M,1,39.9,0,39.9
10720,2025-03-10,C0021,Boutique,Pantalons,Jogging,S,1,34.9,0,34.9
10721,2025-03-10,C0003,Boutique,Chaussures,Baskets blanches,43,1,89.9,0,89.9
10722,2025-03-10,C0009,Boutique,Pulls & sweats,Sweat col rond,S,1,39.9,0,39.9
10723,2025-03-10,C0046,Boutique,Pantalons,Jean droit,XL,2,59.9,0,119.8
10723,2025-03-10,C0046,Boutique,Vestes,Doudoune,XL,1,119.9,0,119.9
10724,2025-03-10,C0469,Boutique,Accessoires,Sac banane,Unique,1,34.9,0,34.9
10724,2025-03-10,C0469,Boutique,Accessoires,Casquette,Unique,1,19.9,0,19.9
10725,2025-03-10,C0014,En ligne,T-shirts,T-shirt imprimé,S,1,24.9,0,24.9
10726,2025-03-10,C0519,Boutique,T-shirts,T-shirt imprimé,S,1,24.9,0,24.9
10726,2025-03-10,C0519,Boutique,Accessoires,Ceinture,Unique,2,29.9,0,59.8
10727,2025-03-10,C0007,En ligne,Pulls & sweats,Sweat col rond,S,1,39.9,0,39.9
10727,2025-03-10,C0007,En ligne,Chaussures,Bottines,44,1,109.9,0,109.9
10728,2025-03-10,C0097,Boutique,Pulls & sweats,Pull en laine,M,1,59.9,0,59.9
10729,2025-03-10,C0873,Boutique,Accessoires,Ceinture,Unique,1,29.9,0,29.9
10729,2025-03-10,C0873,Boutique,T-shirts,T-shirt oversize,S,2,29.9,0,59.8
10730,2025-03-10,C0099,En ligne,Chaussures,Sneakers running,40,2,99.9,0,199.8
10731,2025-03-11,C0060,Boutique,Accessoires,Sac banane,Unique,2,34.9,0,69.8
10731,2025-03-11,C0060,Boutique,Pantalons,Pantalon cargo,M,1,49.9,0,49.9
10731,2025-03-11,C0060,Boutique,Pulls & sweats,Pull en laine,M,2,59.9,0,119.8
10732,2025-03-11,C0052,Boutique,Pantalons,Jogging,XL,1,34.9,0,34.9
10733,2025-03-11,C0415,Boutique,T-shirts,T-shirt oversize,L,1,29.9,0,29.9
10733,2025-03-11,C0415,Boutique,Chaussures,Baskets blanches,43,1,89.9,0,89.9
10734,2025-03-11,C0012,Boutique,Pulls & sweats,Sweat col rond,XS,1,39.9,0,39.9
10735,2025-03-11,C0607,En ligne,Pulls & sweats,Pull en laine,S,2,59.9,0,119.8
10735,2025-03-11,C0607,En ligne,T-shirts,T-shirt imprimé,M,1,24.9,0,24.9
10736,2025-03-11,C0097,Boutique,Pulls & sweats,Sweat col rond,M,1,39.9,0,39.9
10737,2025-03-11,C0096,Boutique,Accessoires,Sac banane,Unique,1,34.9,0,34.9
10738,2025-03-11,C0039,En ligne,Chaussures,Sneakers running,42,1,99.9,0,99.9
10738,2025-03-11,C0039,En ligne,Pantalons,Jean droit,M,1,59.9,0,59.9
10739,2025-03-11,C0100,Boutique,Chaussures,Bottines,39,1,109.9,0,109.9
10740,2025-03-11,C0134,Boutique,Pulls & sweats,Sweat col rond,M,1,39.9,0,39.9
10741,2025-03-11,C0893,En ligne,Pantalons,Jogging,XL,1,34.9,0,34.9
10742,2025-03-11,C0427,Boutique,T-shirts,T-shirt oversize,XL,1,29.9,0,29.9
10743,2025-03-11,C0542,En ligne,Pantalons,Jean droit,M,2,59.9,0,119.8
10744,2025-03-11,C0617,Boutique,Pulls & sweats,Pull en laine,S,1,59.9,0,59.9
10745,2025-03-11,C0048,Boutique,Accessoires,Bonnet,Unique,1,17.9,0,17.9
10746,2025-03-12,C0037,En ligne,Pantalons,Jean slim,XS,1,54.9,0,54.9
10746,2025-03-12,C0037,En ligne,T-shirts,T-shirt imprimé,M,1,24.9,0,24.9
10747,2025-03-12,C0801,Boutique,Accessoires,Bonnet,Unique,1,17.9,0,17.9
10747,2025-03-12,C0801,Boutique,Pantalons,Jogging,L,1,34.9,0,34.9
10748,2025-03-12,C0094,Boutique,Chaussures,Bottines,42,1,109.9,0,109.9
10748,2025-03-12,C0094,Boutique,Pulls & sweats,Sweat à capuche,XL,2,49.9,0,99.8
10749,2025-03-12,C0662,En ligne,T-shirts,T-shirt oversize,L,1,29.9,0,29.9
10750,2025-03-13,C0127,Boutique,Accessoires,Sac banane,Unique,1,34.9,0,34.9
10751,2025-03-13,C0073,Boutique,Pantalons,Jean slim,XL,1,54.9,0,54.9
10751,2025-03-13,C0073,Boutique,T-shirts,T-shirt basique,S,1,19.9,0,19.9
10752,2025-03-13,C0860,Boutique,Accessoires,Sac banane,Unique,1,34.9,0,34.9
10753,2025-03-13,C0504,Boutique,Pantalons,Jogging,M,1,34.9,0,34.9
10754,2025-03-13,C0012,En ligne,T-shirts,T-shirt basique,L,1,19.9,0,19.9
10755,2025-03-13,C0053,Boutique,Accessoires,Bonnet,Unique,1,17.9,0,17.9
10756,2025-03-13,C0050,En ligne,Accessoires,Écharpe,Unique,1,24.9,0,24.9
10757,2025-03-13,C0124,En ligne,Vestes,Doudoune,L,1,119.9,0,119.9
10758,2025-03-13,C0015,En ligne,Pantalons,Jean slim,M,1,54.9,0,54.9
10759,2025-03-13,C0114,En ligne,Vestes,Doudoune,M,1,119.9,0,119.9
10760,2025-03-13,C0312,Boutique,Accessoires,Sac banane,Unique,1,34.9,0,34.9
10761,2025-03-13,C0383,Boutique,Pulls & sweats,Pull en laine,M,2,59.9,0,119.8
10762,2025-03-13,C0105,Boutique,Pulls & sweats,Sweat à capuche,XL,1,49.9,0,49.9
10762,2025-03-13,C0105,Boutique,Pantalons,Pantalon cargo,M,1,49.9,0,49.9
10763,2025-03-13,C0081,En ligne,Pulls & sweats,Sweat à capuche,M,1,49.9,0,49.9
10763,2025-03-13,C0081,En ligne,Pulls & sweats,Pull en laine,L,1,59.9,0,59.9
10764,2025-03-13,C0287,Boutique,Pantalons,Pantalon cargo,XL,2,49.9,0,99.8
10765,2025-03-13,C0771,Boutique,Chaussures,Bottines,42,1,109.9,0,109.9
10766,2025-03-14,C0137,Boutique,Pantalons,Jean slim,M,1,54.9,0,54.9
10767,2025-03-14,C0721,Boutique,T-shirts,T-shirt oversize,M,1,29.9,0,29.9
10768,2025-03-14,C0836,Boutique,Pulls & sweats,Pull en laine,M,1,59.9,0,59.9
10768,2025-03-14,C0836,Boutique,T-shirts,T-shirt oversize,S,2,29.9,0,59.8
10769,2025-03-14,C0025,Boutique,T-shirts,T-shirt imprimé,L,1,24.9,0,24.9
10770,2025-03-14,C0105,Boutique,Chaussures,Baskets blanches,41,2,89.9,0,179.8
10771,2025-03-14,C0064,Boutique,T-shirts,T-shirt basique,L,2,19.9,0,39.8
10771,2025-03-14,C0064,Boutique,T-shirts,T-shirt imprimé,M,1,24.9,0,24.9
10772,2025-03-14,C0676,Boutique,Vestes,Doudoune,S,1,119.9,0,119.9
10772,2025-03-14,C0676,Boutique,T-shirts,T-shirt imprimé,L,2,24.9,0,49.8
10773,2025-03-14,C0747,Boutique,Chaussures,Sneakers running,43,1,99.9,0,99.9
10774,2025-03-14,C0072,Boutique,Pantalons,Jean slim,M,2,54.9,0,109.8
10775,2025-03-14,C0417,En ligne,Pantalons,Pantalon cargo,XS,1,49.9,0,49.9
10775,2025-03-14,C0417,En ligne,Chaussures,Baskets blanches,42,1,89.9,0,89.9
10776,2025-03-14,C0324,En ligne,T-shirts,T-shirt oversize,XL,1,29.9,0,29.9
10777,2025-03-14,C0089,Boutique,Pulls & sweats,Sweat à capuche,XS,1,49.9,0,49.9
10778,2025-03-14,C0029,Boutique,Vestes,Coupe-vent,L,2,64.9,0,129.8
10778,2025-03-14,C0029,Boutique,Pulls & sweats,Pull en laine,M,1,59.9,0,59.9
10779,2025-03-14,C0043,Boutique,T-shirts,T-shirt oversize,L,1,29.9,0,29.9
10780,2025-03-14,C0593,En ligne,Accessoires,Ceinture,Unique,1,29.9,0,29.9
10780,2025-03-14,C0593,En ligne,Accessoires,Casquette,Unique,1,19.9,0,19.9
10780,2025-03-14,C0593,En ligne,T-shirts,T-shirt imprimé,M,1,24.9,0,24.9
10781,2025-03-15,C0105,Boutique,Pulls & sweats,Pull en laine,M,1,59.9,0,59.9
10782,2025-03-15,C0886,Boutique,T-shirts,T-shirt imprimé,M,1,24.9,0,24.9
10782,2025-03-15,C0886,Boutique,Vestes,Doudoune,XL,1,119.9,0,119.9
10783,2025-03-15,C0465,Boutique,T-shirts,T-shirt basique,XS,1,19.9,0,19.9
10784,2025-03-15,C0199,Boutique,Pantalons,Pantalon cargo,L,1,49.9,0,49.9
10785,2025-03-15,C0249,En ligne,T-shirts,T-shirt oversize,XL,1,29.9,0,29.9
10786,2025-03-15,C0319,Boutique,T-shirts,T-shirt imprimé,M,1,24.9,0,24.9
10787,2025-03-15,C0002,Boutique,T-shirts,T-shirt basique,L,1,19.9,0,19.9
10787,2025-03-15,C0002,Boutique,Accessoires,Ceinture,Unique,1,29.9,0,29.9
10788,2025-03-15,C0656,Boutique,Pulls & sweats,Sweat col rond,L,1,39.9,0,39.9
10788,2025-03-15,C0656,Boutique,Pantalons,Pantalon cargo,M,2,49.9,0,99.8
10789,2025-03-15,C0039,Boutique,Pantalons,Jean slim,XL,1,54.9,0,54.9
10790,2025-03-15,C0710,En ligne,Pulls & sweats,Sweat col rond,L,1,39.9,0,39.9
10790,2025-03-15,C0710,En ligne,Accessoires,Ceinture,Unique,1,29.9,0,29.9
10791,2025-03-15,C0001,Boutique,T-shirts,T-shirt basique,M,1,19.9,0,19.9
10792,2025-03-15,C0784,Boutique,T-shirts,T-shirt imprimé,XL,1,24.9,0,24.9
10792,2025-03-15,C0784,Boutique,Chaussures,Bottines,40,1,109.9,0,109.9
10792,2025-03-15,C0784,Boutique,T-shirts,T-shirt basique,S,1,19.9,0,19.9
10793,2025-03-15,C0107,Boutique,Accessoires,Casquette,Unique,1,19.9,0,19.9
10794,2025-03-15,C0059,En ligne,Chaussures,Sneakers running,43,2,99.9,0,199.8
10794,2025-03-15,C0059,En ligne,Accessoires,Casquette,Unique,1,19.9,0,19.9
10795,2025-03-15,C0134,Boutique,Pulls & sweats,Pull en laine,M,1,59.9,0,59.9
10796,2025-03-15,C0048,Boutique,Accessoires,Écharpe,Unique,1,24.9,0,24.9
10797,2025-03-15,C0007,Boutique,T-shirts,T-shirt oversize,XL,2,29.9,0,59.8
10798,2025-03-17,C0680,Boutique,Pantalons,Pantalon cargo,M,1,49.9,0,49.9
10799,2025-03-17,C0048,Boutique,Accessoires,Ceinture,Unique,1,29.9,0,29.9
10800,2025-03-17,C0810,Boutique,T-shirts,T-shirt basique,S,1,19.9,0,19.9
10801,2025-03-17,C0055,Boutique,Accessoires,Écharpe,Unique,1,24.9,0,24.9
10802,2025-03-17,C0097,En ligne,Pulls & sweats,Sweat col rond,M,1,39.9,0,39.9
10803,2025-03-17,C0058,Boutique,Accessoires,Écharpe,Unique,1,24.9,0,24.9
10804,2025-03-17,C0057,En ligne,Pulls & sweats,Sweat à capuche,M,1,49.9,0,49.9
10804,2025-03-17,C0057,En ligne,Pantalons,Jean slim,XL,1,54.9,0,54.9
10805,2025-03-17,C0010,Boutique,Pulls & sweats,Sweat col rond,M,1,39.9,0,39.9
10806,2025-03-17,C0700,Boutique,Vestes,Doudoune,L,2,119.9,0,239.8
10807,2025-03-17,C0268,En ligne,Accessoires,Ceinture,Unique,2,29.9,0,59.8
10808,2025-03-17,C0776,Boutique,Pantalons,Jean droit,S,2,59.9,0,119.8
10809,2025-03-17,C0215,Boutique,Accessoires,Ceinture,Unique,1,29.9,0,29.9
10810,2025-03-17,C0811,En ligne,Pantalons,Jogging,M,1,34.9,0,34.9
10810,2025-03-17,C0811,En ligne,Pantalons,Pantalon cargo,XL,1,49.9,0,49.9
10811,2025-03-18,C0675,Boutique,Pantalons,Jogging,L,1,34.9,0,34.9
10812,2025-03-18,C0076,En ligne,Accessoires,Bonnet,Unique,2,17.9,0,35.8
10812,2025-03-18,C0076,En ligne,Accessoires,Sac banane,Unique,1,34.9,0,34.9
10813,2025-03-18,C0623,Boutique,Pantalons,Jogging,M,1,34.9,0,34.9
10814,2025-03-18,C0337,Boutique,Accessoires,Casquette,Unique,1,19.9,0,19.9
10815,2025-03-18,C0182,En ligne,Pantalons,Jean droit,XL,1,59.9,0,59.9
10815,2025-03-18,C0182,En ligne,Pantalons,Jean droit,L,1,59.9,0,59.9
10816,2025-03-18,C0008,Boutique,Pulls & sweats,Pull en laine,XL,1,59.9,0,59.9
10817,2025-03-18,C0054,Boutique,Accessoires,Bonnet,Unique,1,17.9,0,17.9
10818,2025-03-18,C0056,Boutique,T-shirts,T-shirt oversize,M,2,29.9,0,59.8
10818,2025-03-18,C0056,Boutique,Pantalons,Jogging,XS,1,34.9,0,34.9
10819,2025-03-18,C0009,Boutique,Pulls & sweats,Pull en laine,XL,2,59.9,0,119.8
10819,2025-03-18,C0009,Boutique,Pantalons,Jean slim,S,1,54.9,0,54.9
10820,2025-03-18,C0468,Boutique,Accessoires,Ceinture,Unique,1,29.9,0,29.9
10820,2025-03-18,C0468,Boutique,Accessoires,Bonnet,Unique,1,17.9,0,17.9
10821,2025-03-19,C0080,Boutique,Accessoires,Bonnet,Unique,1,17.9,0,17.9
10822,2025-03-19,C0090,Boutique,Accessoires,Écharpe,Unique,2,24.9,0,49.8
10823,2025-03-19,C0683,Boutique,Chaussures,Baskets blanches,42,2,89.9,0,179.8
10823,2025-03-19,C0683,Boutique,Accessoires,Sac banane,Unique,1,34.9,0,34.9
10824,2025-03-19,C0097,En ligne,Pulls & sweats,Pull en laine,S,1,59.9,0,59.9
10824,2025-03-19,C0097,En ligne,T-shirts,T-shirt basique,L,1,19.9,0,19.9
10825,2025-03-19,C0391,Boutique,T-shirts,T-shirt basique,S,1,19.9,0,19.9
10826,2025-03-19,C0335,Boutique,Pantalons,Jean slim,S,1,54.9,0,54.9
10827,2025-03-19,C0144,Boutique,T-shirts,T-shirt basique,S,1,19.9,0,19.9
10828,2025-03-19,C0095,Boutique,Chaussures,Sneakers running,42,1,99.9,0,99.9
10829,2025-03-19,C0028,Boutique,Pantalons,Jogging,L,1,34.9,0,34.9
10829,2025-03-19,C0028,Boutique,Accessoires,Casquette,Unique,1,19.9,0,19.9
10830,2025-03-19,C0007,Boutique,Pulls & sweats,Sweat à capuche,M,2,49.9,0,99.8
10831,2025-03-19,C0012,En ligne,T-shirts,T-shirt basique,XS,1,19.9,0,19.9
10832,2025-03-19,C0099,Boutique,T-shirts,T-shirt basique,M,1,19.9,0,19.9
10832,2025-03-19,C0099,Boutique,Accessoires,Écharpe,Unique,1,24.9,0,24.9
10833,2025-03-19,C0027,Boutique,Pantalons,Jean droit,M,1,59.9,0,59.9
10834,2025-03-19,C0052,Boutique,T-shirts,T-shirt basique,L,1,19.9,0,19.9
10835,2025-03-19,C0378,En ligne,Pantalons,Jogging,S,2,34.9,0,69.8
10835,2025-03-19,C0378,En ligne,Pantalons,Jean droit,S,1,59.9,0,59.9
10836,2025-03-19,C0081,Boutique,Accessoires,Bonnet,Unique,1,17.9,0,17.9
10836,2025-03-19,C0081,Boutique,Vestes,Coupe-vent,L,1,64.9,0,64.9
10837,2025-03-19,C0344,En ligne,Pantalons,Jean droit,L,1,59.9,0,59.9
10837,2025-03-19,C0344,En ligne,T-shirts,T-shirt basique,XL,1,19.9,0,19.9
10837,2025-03-19,C0344,En ligne,Pulls & sweats,Sweat col rond,S,1,39.9,0,39.9
10838,2025-03-20,C0207,En ligne,T-shirts,T-shirt oversize,XL,1,29.9,0,29.9
10839,2025-03-20,C0337,En ligne,Accessoires,Casquette,Unique,1,19.9,0,19.9
10840,2025-03-20,C0664,Boutique,Pulls & sweats,Sweat col rond,S,1,39.9,0,39.9
10840,2025-03-20,C0664,Boutique,Pantalons,Jean droit,L,1,59.9,0,59.9
10841,2025-03-20,C0112,Boutique,Pantalons,Jean slim,M,1,54.9,0,54.9
10842,2025-03-20,C0054,Boutique,T-shirts,T-shirt basique,M,1,19.9,0,19.9
10843,2025-03-20,C0210,En ligne,Chaussures,Bottines,40,1,109.9,0,109.9
10844,2025-03-20,C0023,Boutique,Vestes,Coupe-vent,L,1,64.9,0,64.9
10845,2025-03-20,C0369,Boutique,Pantalons,Jogging,L,1,34.9,0,34.9
10846,2025-03-20,C0021,Boutique,T-shirts,T-shirt imprimé,S,1,24.9,0,24.9
10847,2025-03-20,C0264,Boutique,Pulls & sweats,Sweat col rond,XS,1,39.9,0,39.9
10848,2025-03-20,C0061,En ligne,T-shirts,T-shirt oversize,M,1,29.9,0,29.9
10848,2025-03-20,C0061,En ligne,Pantalons,Jogging,XL,2,34.9,0,69.8
10848,2025-03-20,C0061,En ligne,Pulls & sweats,Pull en laine,XL,1,59.9,0,59.9
10849,2025-03-20,C0114,En ligne,Pantalons,Jean droit,M,1,59.9,0,59.9
10849,2025-03-20,C0114,En ligne,Pulls & sweats,Sweat col rond,L,1,39.9,0,39.9
10849,2025-03-20,C0114,En ligne,Vestes,Veste en jean,L,1,79.9,0,79.9
10850,2025-03-20,C0754,En ligne,Accessoires,Écharpe,Unique,1,24.9,0,24.9
10851,2025-03-21,C0715,Boutique,Vestes,Coupe-vent,S,1,64.9,0,64.9
10852,2025-03-21,C0679,Boutique,Accessoires,Ceinture,Unique,1,29.9,0,29.9
10853,2025-03-21,C0083,Boutique,Pantalons,Jogging,M,1,34.9,0,34.9
10854,2025-03-21,C0675,Boutique,Chaussures,Sneakers running,39,2,99.9,0,199.8
10855,2025-03-21,C0796,Boutique,Pulls & sweats,Sweat à capuche,M,2,49.9,0,99.8
10855,2025-03-21,C0796,Boutique,Pulls & sweats,Sweat à capuche,XS,1,49.9,0,49.9
10856,2025-03-21,C0090,Boutique,Pulls & sweats,Pull en laine,M,1,59.9,0,59.9
10857,2025-03-21,C0203,Boutique,T-shirts,T-shirt oversize,S,1,29.9,0,29.9
10858,2025-03-21,C0024,Boutique,Accessoires,Ceinture,Unique,1,29.9,0,29.9
10859,2025-03-21,C0112,Boutique,Pulls & sweats,Pull en laine,XS,1,59.9,0,59.9
10860,2025-03-21,C0031,Boutique,T-shirts,T-shirt basique,XL,1,19.9,0,19.9
10860,2025-03-21,C0031,Boutique,Chaussures,Baskets blanches,43,1,89.9,0,89.9
10861,2025-03-21,C0385,Boutique,Chaussures,Bottines,41,1,109.9,0,109.9
10861,2025-03-21,C0385,Boutique,Vestes,Veste en jean,XL,1,79.9,0,79.9
10861,2025-03-21,C0385,Boutique,Accessoires,Bonnet,Unique,2,17.9,0,35.8
10862,2025-03-21,C0388,Boutique,Accessoires,Casquette,Unique,1,19.9,0,19.9
10862,2025-03-21,C0388,Boutique,Accessoires,Ceinture,Unique,1,29.9,0,29.9
10862,2025-03-21,C0388,Boutique,Accessoires,Bonnet,Unique,1,17.9,0,17.9
10863,2025-03-21,C0068,En ligne,Accessoires,Écharpe,Unique,1,24.9,0,24.9
10863,2025-03-21,C0068,En ligne,Chaussures,Bottines,44,1,109.9,0,109.9
10864,2025-03-22,C0833,Boutique,Accessoires,Écharpe,Unique,1,24.9,0,24.9
10864,2025-03-22,C0833,Boutique,Pulls & sweats,Pull en laine,M,1,59.9,0,59.9
10865,2025-03-22,C0055,Boutique,Pantalons,Jean slim,S,1,54.9,0,54.9
10865,2025-03-22,C0055,Boutique,T-shirts,T-shirt basique,XL,2,19.9,0,39.8
10865,2025-03-22,C0055,Boutique,Accessoires,Sac banane,Unique,1,34.9,0,34.9
10866,2025-03-22,C0090,Boutique,Pantalons,Jogging,M,1,34.9,0,34.9
10866,2025-03-22,C0090,Boutique,T-shirts,T-shirt oversize,S,1,29.9,0,29.9
10867,2025-03-22,C0085,Boutique,Accessoires,Casquette,Unique,1,19.9,0,19.9
10868,2025-03-22,C0393,Boutique,Pulls & sweats,Pull en laine,L,2,59.9,0,119.8
10869,2025-03-22,C0548,Boutique,Accessoires,Écharpe,Unique,2,24.9,0,49.8
10870,2025-03-22,C0785,Boutique,Pulls & sweats,Sweat col rond,L,1,39.9,0,39.9
10871,2025-03-22,C0804,Boutique,Accessoires,Bonnet,Unique,1,17.9,0,17.9
10871,2025-03-22,C0804,Boutique,Pulls & sweats,Sweat à capuche,L,1,49.9,0,49.9
10872,2025-03-22,C0763,Boutique,T-shirts,T-shirt imprimé,M,2,24.9,0,49.8
10873,2025-03-22,C0008,Boutique,Pantalons,Jogging,M,1,34.9,0,34.9
10874,2025-03-22,C0816,En ligne,Vestes,Doudoune,M,1,119.9,0,119.9
10874,2025-03-22,C0816,En ligne,Pantalons,Jean droit,S,1,59.9,0,59.9
10875,2025-03-22,C0088,Boutique,T-shirts,T-shirt oversize,L,1,29.9,0,29.9
10875,2025-03-22,C0088,Boutique,T-shirts,T-shirt imprimé,XL,1,24.9,0,24.9
10876,2025-03-22,C0109,Boutique,Accessoires,Ceinture,Unique,1,29.9,0,29.9
10877,2025-03-22,C0061,Boutique,Accessoires,Bonnet,Unique,1,17.9,0,17.9
10878,2025-03-22,C0231,Boutique,Accessoires,Bonnet,Unique,2,17.9,0,35.8
10879,2025-03-22,C0307,Boutique,Accessoires,Casquette,Unique,1,19.9,0,19.9
10879,2025-03-22,C0307,Boutique,Pulls & sweats,Sweat col rond,M,1,39.9,0,39.9
10880,2025-03-22,C0010,Boutique,Chaussures,Baskets blanches,43,1,89.9,0,89.9
10881,2025-03-22,C0017,Boutique,Accessoires,Casquette,Unique,1,19.9,0,19.9
10881,2025-03-22,C0017,Boutique,Chaussures,Bottines,43,1,109.9,0,109.9
10882,2025-03-22,C0090,Boutique,T-shirts,T-shirt oversize,L,1,29.9,0,29.9
10882,2025-03-22,C0090,Boutique,Pulls & sweats,Sweat col rond,L,1,39.9,0,39.9
10883,2025-03-22,C0386,Boutique,Accessoires,Casquette,Unique,1,19.9,0,19.9
10884,2025-03-22,C0184,Boutique,Pantalons,Pantalon cargo,XL,1,49.9,0,49.9
10885,2025-03-22,C0414,En ligne,Pantalons,Pantalon cargo,XL,1,49.9,0,49.9
10886,2025-03-22,C0385,Boutique,Chaussures,Baskets blanches,44,1,89.9,0,89.9
10886,2025-03-22,C0385,Boutique,Pantalons,Jogging,S,1,34.9,0,34.9
10886,2025-03-22,C0385,Boutique,T-shirts,T-shirt imprimé,XL,1,24.9,0,24.9
10887,2025-03-22,C0076,Boutique,Pulls & sweats,Sweat col rond,M,1,39.9,0,39.9
10888,2025-03-25,C0306,Boutique,T-shirts,T-shirt oversize,L,1,29.9,0,29.9
10889,2025-03-25,C0072,Boutique,Pantalons,Jean slim,M,1,54.9,0,54.9
10889,2025-03-25,C0072,Boutique,Chaussures,Sneakers running,40,1,99.9,0,99.9
10890,2025-03-25,C0121,En ligne,T-shirts,T-shirt oversize,M,1,29.9,0,29.9
10891,2025-03-25,C0074,En ligne,Vestes,Doudoune,S,1,119.9,0,119.9
10892,2025-03-25,C0070,En ligne,Chaussures,Baskets blanches,43,1,89.9,0,89.9
10892,2025-03-25,C0070,En ligne,Accessoires,Écharpe,Unique,1,24.9,0,24.9
10892,2025-03-25,C0070,En ligne,Pantalons,Jogging,M,1,34.9,0,34.9
10893,2025-03-25,C0361,Boutique,Chaussures,Sneakers running,40,1,99.9,0,99.9
10894,2025-03-25,C0019,En ligne,Accessoires,Sac banane,Unique,1,34.9,0,34.9
10894,2025-03-25,C0019,En ligne,Vestes,Veste en jean,L,1,79.9,0,79.9
10895,2025-03-25,C0033,En ligne,T-shirts,T-shirt imprimé,S,1,24.9,0,24.9
10895,2025-03-25,C0033,En ligne,Pantalons,Jean droit,XS,1,59.9,0,59.9
10896,2025-03-25,C0649,Boutique,Pulls & sweats,Sweat col rond,M,1,39.9,0,39.9
10897,2025-03-25,C0106,En ligne,Pantalons,Jean slim,S,2,54.9,0,109.8
10897,2025-03-25,C0106,En ligne,Pulls & sweats,Sweat col rond,M,1,39.9,0,39.9
10897,2025-03-25,C0106,En ligne,T-shirts,T-shirt oversize,XL,1,29.9,0,29.9
10898,2025-03-25,C0150,Boutique,T-shirts,T-shirt imprimé,S,2,24.9,0,49.8
10899,2025-03-25,C0802,Boutique,Chaussures,Bottines,42,1,109.9,0,109.9
10900,2025-03-25,C0045,Boutique,Pantalons,Jean slim,S,2,54.9,0,109.8
10900,2025-03-25,C0045,Boutique,Accessoires,Ceinture,Unique,1,29.9,0,29.9
10901,2025-03-25,C0695,Boutique,Vestes,Veste en jean,S,1,79.9,0,79.9
10902,2025-03-25,C0066,Boutique,T-shirts,T-shirt oversize,XS,1,29.9,0,29.9
10902,2025-03-25,C0066,Boutique,Chaussures,Bottines,40,1,109.9,0,109.9
10903,2025-03-25,C0429,Boutique,Accessoires,Ceinture,Unique,1,29.9,0,29.9
10904,2025-03-25,C0055,Boutique,Accessoires,Bonnet,Unique,1,17.9,0,17.9
10904,2025-03-25,C0055,Boutique,Accessoires,Écharpe,Unique,1,24.9,0,24.9
10905,2025-03-25,C0012,Boutique,Pulls & sweats,Sweat à capuche,XS,1,49.9,0,49.9
10906,2025-03-25,C0568,Boutique,T-shirts,T-shirt imprimé,XL,1,24.9,0,24.9
10906,2025-03-25,C0568,Boutique,T-shirts,T-shirt imprimé,XL,1,24.9,0,24.9
10907,2025-03-25,C0715,En ligne,T-shirts,T-shirt oversize,M,1,29.9,0,29.9
10908,2025-03-25,C0354,En ligne,Accessoires,Sac banane,Unique,1,34.9,0,34.9
10908,2025-03-25,C0354,En ligne,T-shirts,T-shirt imprimé,L,2,24.9,0,49.8
10909,2025-03-25,C0537,Boutique,Pulls & sweats,Sweat à capuche,XL,1,49.9,0,49.9
10910,2025-03-26,C0015,Boutique,Accessoires,Casquette,Unique,1,19.9,0,19.9
10910,2025-03-26,C0015,Boutique,Pantalons,Pantalon cargo,L,1,49.9,0,49.9
10911,2025-03-26,C0223,Boutique,Accessoires,Sac banane,Unique,1,34.9,0,34.9
10911,2025-03-26,C0223,Boutique,T-shirts,T-shirt imprimé,L,2,24.9,0,49.8
10911,2025-03-26,C0223,Boutique,T-shirts,T-shirt basique,M,1,19.9,0,19.9
10912,2025-03-26,C0001,Boutique,Pantalons,Jean slim,M,1,54.9,0,54.9
10912,2025-03-26,C0001,Boutique,T-shirts,T-shirt oversize,M,2,29.9,0,59.8
10913,2025-03-26,C0008,En ligne,Pulls & sweats,Pull en laine,M,1,59.9,0,59.9
10913,2025-03-26,C0008,En ligne,Accessoires,Sac banane,Unique,1,34.9,0,34.9
10914,2025-03-26,C0057,Boutique,T-shirts,T-shirt oversize,M,1,29.9,0,29.9
10915,2025-03-26,C0204,En ligne,T-shirts,T-shirt imprimé,XL,1,24.9,0,24.9
10916,2025-03-26,C0026,Boutique,Accessoires,Casquette,Unique,1,19.9,0,19.9
10916,2025-03-26,C0026,Boutique,Pantalons,Jean droit,L,1,59.9,0,59.9
10916,2025-03-26,C0026,Boutique,Accessoires,Sac banane,Unique,1,34.9,0,34.9
10917,2025-03-26,C0846,Boutique,T-shirts,T-shirt basique,M,1,19.9,0,19.9
10918,2025-03-26,C0088,En ligne,Pulls & sweats,Sweat col rond,M,1,39.9,0,39.9
10918,2025-03-26,C0088,En ligne,Pulls & sweats,Pull en laine,M,1,59.9,0,59.9
10919,2025-03-27,C0747,Boutique,Chaussures,Bottines,40,2,109.9,0,219.8
10920,2025-03-27,C0440,En ligne,Accessoires,Sac banane,Unique,1,34.9,0,34.9
10920,2025-03-27,C0440,En ligne,T-shirts,T-shirt oversize,S,1,29.9,0,29.9
10921,2025-03-27,C0052,En ligne,Accessoires,Ceinture,Unique,1,29.9,0,29.9
10921,2025-03-27,C0052,En ligne,T-shirts,T-shirt basique,M,1,19.9,0,19.9
10921,2025-03-27,C0052,En ligne,Chaussures,Baskets blanches,42,1,89.9,0,89.9
10922,2025-03-27,C0523,Boutique,T-shirts,T-shirt imprimé,M,1,24.9,0,24.9
10923,2025-03-27,C0328,Boutique,T-shirts,T-shirt oversize,S,1,29.9,0,29.9
10924,2025-03-27,C0622,En ligne,Accessoires,Écharpe,Unique,1,24.9,0,24.9
10925,2025-03-27,C0086,En ligne,Accessoires,Écharpe,Unique,1,24.9,0,24.9
10926,2025-03-27,C0761,Boutique,Pulls & sweats,Sweat col rond,M,1,39.9,0,39.9
10927,2025-03-27,C0014,En ligne,T-shirts,T-shirt oversize,XL,2,29.9,0,59.8
10927,2025-03-27,C0014,En ligne,Accessoires,Bonnet,Unique,1,17.9,0,17.9
10928,2025-03-27,C0077,Boutique,Pulls & sweats,Pull en laine,S,2,59.9,0,119.8
10928,2025-03-27,C0077,Boutique,Chaussures,Baskets blanches,42,1,89.9,0,89.9
10929,2025-03-27,C0259,Boutique,Accessoires,Sac banane,Unique,2,34.9,0,69.8
10929,2025-03-27,C0259,Boutique,Accessoires,Ceinture,Unique,1,29.9,0,29.9
10930,2025-03-27,C0056,En ligne,Accessoires,Sac banane,Unique,1,34.9,0,34.9
10931,2025-03-27,C0036,Boutique,T-shirts,T-shirt oversize,XL,1,29.9,0,29.9
10932,2025-03-28,C0546,Boutique,T-shirts,T-shirt oversize,L,1,29.9,0,29.9
10932,2025-03-28,C0546,Boutique,Pantalons,Pantalon cargo,XS,1,49.9,0,49.9
10932,2025-03-28,C0546,Boutique,Vestes,Coupe-vent,XL,1,64.9,0,64.9
10933,2025-03-28,C0467,Boutique,Pulls & sweats,Sweat à capuche,S,1,49.9,0,49.9
10933,2025-03-28,C0467,Boutique,T-shirts,T-shirt basique,S,1,19.9,0,19.9
10934,2025-03-28,C0019,Boutique,T-shirts,T-shirt basique,S,1,19.9,0,19.9
10935,2025-03-28,C0548,En ligne,Vestes,Veste en jean,XL,1,79.9,0,79.9
10935,2025-03-28,C0548,En ligne,Accessoires,Écharpe,Unique,1,24.9,0,24.9
10936,2025-03-28,C0627,En ligne,Vestes,Doudoune,S,1,119.9,0,119.9
10936,2025-03-28,C0627,En ligne,Accessoires,Bonnet,Unique,1,17.9,0,17.9
10936,2025-03-28,C0627,En ligne,T-shirts,T-shirt oversize,L,2,29.9,0,59.8
10937,2025-03-28,C0109,Boutique,Accessoires,Écharpe,Unique,2,24.9,0,49.8
10937,2025-03-28,C0109,Boutique,Vestes,Coupe-vent,M,1,64.9,0,64.9
10938,2025-03-28,C0027,Boutique,Chaussures,Baskets blanches,44,1,89.9,0,89.9
10938,2025-03-28,C0027,Boutique,Chaussures,Bottines,42,1,109.9,0,109.9
10939,2025-03-28,C0024,Boutique,T-shirts,T-shirt oversize,L,1,29.9,0,29.9
10939,2025-03-28,C0024,Boutique,Vestes,Doudoune,XL,1,119.9,0,119.9
10940,2025-03-28,C0704,Boutique,T-shirts,T-shirt basique,L,1,19.9,0,19.9
10941,2025-03-28,C0742,Boutique,Accessoires,Sac banane,Unique,1,34.9,0,34.9
10941,2025-03-28,C0742,Boutique,Pantalons,Jean slim,L,1,54.9,0,54.9
10942,2025-03-28,C0045,En ligne,Pulls & sweats,Sweat col rond,L,1,39.9,0,39.9
10942,2025-03-28,C0045,En ligne,T-shirts,T-shirt basique,L,1,19.9,0,19.9
10943,2025-03-28,C0088,En ligne,Vestes,Veste en jean,M,1,79.9,0,79.9
10944,2025-03-28,C0250,En ligne,Vestes,Doudoune,XS,1,119.9,0,119.9
10944,2025-03-28,C0250,En ligne,Pantalons,Jean slim,L,1,54.9,0,54.9
10945,2025-03-28,C0117,En ligne,Pantalons,Pantalon cargo,S,1,49.9,0,49.9
10946,2025-03-29,C0394,Boutique,Accessoires,Ceinture,Unique,1,29.9,0,29.9
10946,2025-03-29,C0394,Boutique,T-shirts,T-shirt basique,S,2,19.9,0,39.8
10947,2025-03-29,C0043,En ligne,Accessoires,Casquette,Unique,1,19.9,0,19.9
10947,2025-03-29,C0043,En ligne,T-shirts,T-shirt oversize,S,1,29.9,0,29.9
10947,2025-03-29,C0043,En ligne,Pantalons,Pantalon cargo,S,1,49.9,0,49.9
10948,2025-03-29,C0278,Boutique,Accessoires,Casquette,Unique,1,19.9,0,19.9
10948,2025-03-29,C0278,Boutique,Accessoires,Bonnet,Unique,1,17.9,0,17.9
10949,2025-03-29,C0019,Boutique,Accessoires,Ceinture,Unique,1,29.9,0,29.9
10949,2025-03-29,C0019,Boutique,T-shirts,T-shirt imprimé,S,2,24.9,0,49.8
10950,2025-03-29,C0017,En ligne,Pulls & sweats,Pull en laine,XL,1,59.9,0,59.9
10951,2025-03-29,C0652,Boutique,Chaussures,Baskets blanches,43,1,89.9,0,89.9
10951,2025-03-29,C0652,Boutique,Pantalons,Jogging,L,1,34.9,0,34.9
10952,2025-03-29,C0075,Boutique,Accessoires,Bonnet,Unique,1,17.9,0,17.9
10953,2025-03-29,C0001,En ligne,Pulls & sweats,Pull en laine,XL,2,59.9,0,119.8
10953,2025-03-29,C0001,En ligne,T-shirts,T-shirt imprimé,L,1,24.9,0,24.9
10954,2025-03-29,C0143,En ligne,Accessoires,Ceinture,Unique,1,29.9,0,29.9
10955,2025-03-29,C0058,Boutique,Chaussures,Baskets blanches,39,1,89.9,0,89.9
10956,2025-03-29,C0435,Boutique,Chaussures,Baskets blanches,43,1,89.9,0,89.9
10956,2025-03-29,C0435,Boutique,Accessoires,Casquette,Unique,1,19.9,0,19.9
10957,2025-03-29,C0032,En ligne,Accessoires,Bonnet,Unique,1,17.9,0,17.9
10958,2025-03-29,C0144,Boutique,Pulls & sweats,Pull en laine,M,1,59.9,0,59.9
10958,2025-03-29,C0144,Boutique,Vestes,Doudoune,S,1,119.9,0,119.9
10959,2025-03-29,C0033,Boutique,T-shirts,T-shirt imprimé,L,1,24.9,0,24.9
10960,2025-03-29,C0568,Boutique,Vestes,Veste en jean,M,1,79.9,0,79.9
10961,2025-03-29,C0012,Boutique,T-shirts,T-shirt basique,XS,1,19.9,0,19.9
10961,2025-03-29,C0012,Boutique,Pantalons,Jean slim,M,1,54.9,0,54.9
10961,2025-03-29,C0012,Boutique,Pulls & sweats,Sweat col rond,M,1,39.9,0,39.9
10962,2025-03-29,C0048,Boutique,T-shirts,T-shirt basique,L,1,19.9,0,19.9
10963,2025-03-29,C0031,En ligne,T-shirts,T-shirt oversize,XL,1,29.9,0,29.9
10964,2025-03-29,C0026,Boutique,Pulls & sweats,Sweat col rond,M,1,39.9,0,39.9
10965,2025-03-29,C0047,En ligne,Pulls & sweats,Pull en laine,XL,1,59.9,0,59.9
10966,2025-03-29,C0323,Boutique,Accessoires,Casquette,Unique,1,19.9,0,19.9
10966,2025-03-29,C0323,Boutique,Accessoires,Sac banane,Unique,1,34.9,0,34.9
10967,2025-03-29,C0154,En ligne,Pantalons,Jean slim,S,1,54.9,0,54.9
10967,2025-03-29,C0154,En ligne,Pantalons,Jean slim,S,2,54.9,0,109.8
10968,2025-03-29,C0088,Boutique,T-shirts,T-shirt oversize,L,1,29.9,0,29.9
10968,2025-03-29,C0088,Boutique,Chaussures,Bottines,40,1,109.9,0,109.9
10969,2025-03-29,C0047,Boutique,T-shirts,T-shirt oversize,M,1,29.9,0,29.9
10969,2025-03-29,C0047,Boutique,T-shirts,T-shirt oversize,XL,1,29.9,0,29.9
10969,2025-03-29,C0047,Boutique,Vestes,Veste en jean,XS,1,79.9,0,79.9
10970,2025-03-29,C0317,Boutique,Accessoires,Casquette,Unique,1,19.9,0,19.9
10970,2025-03-29,C0317,Boutique,Pantalons,Jean droit,S,2,59.9,0,119.8
10970,2025-03-29,C0317,Boutique,Pulls & sweats,Pull en laine,XS,1,59.9,0,59.9
10971,2025-03-29,C0472,En ligne,Pulls & sweats,Pull en laine,S,1,59.9,0,59.9
10972,2025-03-29,C0073,Boutique,Pulls & sweats,Pull en laine,XL,2,59.9,0,119.8
10973,2025-03-31,C0322,Boutique,Pantalons,Pantalon cargo,XL,2,49.9,0,99.8
10973,2025-03-31,C0322,Boutique,T-shirts,T-shirt oversize,L,1,29.9,0,29.9
10974,2025-03-31,C0575,En ligne,Pulls & sweats,Sweat à capuche,L,1,49.9,0,49.9
10974,2025-03-31,C0575,En ligne,Pulls & sweats,Pull en laine,M,1,59.9,0,59.9
10975,2025-03-31,C0548,Boutique,T-shirts,T-shirt oversize,XL,1,29.9,0,29.9
10976,2025-03-31,C0056,En ligne,Pulls & sweats,Sweat col rond,L,1,39.9,0,39.9
10977,2025-03-31,C0286,Boutique,Accessoires,Bonnet,Unique,1,17.9,0,17.9
10978,2025-03-31,C0005,Boutique,T-shirts,T-shirt imprimé,XL,1,24.9,0,24.9
10978,2025-03-31,C0005,Boutique,T-shirts,T-shirt basique,XL,2,19.9,0,39.8
10979,2025-03-31,C0277,En ligne,T-shirts,T-shirt imprimé,S,1,24.9,0,24.9
10980,2025-03-31,C0893,Boutique,Accessoires,Bonnet,Unique,1,17.9,0,17.9
10981,2025-03-31,C0116,Boutique,Pulls & sweats,Sweat à capuche,M,1,49.9,0,49.9
10981,2025-03-31,C0116,Boutique,Pantalons,Jean droit,M,2,59.9,0,119.8
10981,2025-03-31,C0116,Boutique,Accessoires,Sac banane,Unique,1,34.9,0,34.9
10982,2025-03-31,C0101,Boutique,Chaussures,Sneakers running,41,1,99.9,0,99.9
10983,2025-03-31,C0844,Boutique,Chaussures,Bottines,42,1,109.9,0,109.9
10983,2025-03-31,C0844,Boutique,Accessoires,Ceinture,Unique,2,29.9,0,59.8
10984,2025-03-31,C0087,Boutique,T-shirts,T-shirt imprimé,L,2,24.9,0,49.8
10985,2025-03-31,C0655,Boutique,T-shirts,T-shirt basique,M,1,19.9,0,19.9
10986,2025-03-31,C0049,En ligne,T-shirts,T-shirt oversize,XS,1,29.9,0,29.9
10987,2025-04-01,C0515,Boutique,Pantalons,Jogging,M,1,34.9,0,34.9
10988,2025-04-01,C0437,Boutique,T-shirts,T-shirt basique,M,1,19.9,0,19.9
10988,2025-04-01,C0437,Boutique,Pantalons,Jean droit,M,1,59.9,0,59.9
10989,2025-04-01,C0706,Boutique,Chaussures,Baskets blanches,39,2,89.9,0,179.8
10989,2025-04-01,C0706,Boutique,T-shirts,T-shirt basique,M,1,19.9,0,19.9
10990,2025-04-01,C0770,Boutique,Vestes,Coupe-vent,XS,1,64.9,0,64.9
10991,2025-04-01,C0054,En ligne,Pantalons,Jean slim,M,1,54.9,0,54.9
10991,2025-04-01,C0054,En ligne,T-shirts,T-shirt imprimé,L,1,24.9,0,24.9
10992,2025-04-01,C0759,Boutique,Accessoires,Sac banane,Unique,1,34.9,0,34.9
10992,2025-04-01,C0759,Boutique,Accessoires,Écharpe,Unique,1,24.9,0,24.9
10992,2025-04-01,C0759,Boutique,Accessoires,Ceinture,Unique,1,29.9,0,29.9
10993,2025-04-01,C0117,Boutique,T-shirts,T-shirt imprimé,M,1,24.9,0,24.9
10994,2025-04-01,C0326,Boutique,Accessoires,Bonnet,Unique,1,17.9,0,17.9
10994,2025-04-01,C0326,Boutique,Pantalons,Jogging,L,1,34.9,0,34.9
10994,2025-04-01,C0326,Boutique,Vestes,Doudoune,M,2,119.9,0,239.8
10995,2025-04-01,C0413,Boutique,Pantalons,Jean slim,S,1,54.9,0,54.9
10996,2025-04-01,C0074,Boutique,Vestes,Veste en jean,S,1,79.9,0,79.9
10996,2025-04-01,C0074,Boutique,Pulls & sweats,Sweat à capuche,M,1,49.9,0,49.9
10997,2025-04-01,C0608,En ligne,Pantalons,Jean slim,XS,1,54.9,0,54.9
10997,2025-04-01,C0608,En ligne,Chaussures,Bottines,41,1,109.9,0,109.9
10998,2025-04-01,C0084,Boutique,Pantalons,Jean droit,L,1,59.9,0,59.9
10999,2025-04-01,C0034,Boutique,Accessoires,Casquette,Unique,1,19.9,0,19.9
11000,2025-04-02,C0106,En ligne,T-shirts,T-shirt basique,XL,1,19.9,0,19.9
11000,2025-04-02,C0106,En ligne,T-shirts,T-shirt imprimé,XL,1,24.9,0,24.9
11000,2025-04-02,C0106,En ligne,T-shirts,T-shirt basique,XS,1,19.9,0,19.9
11001,2025-04-02,C0081,En ligne,Pulls & sweats,Pull en laine,M,1,59.9,0,59.9
11001,2025-04-02,C0081,En ligne,T-shirts,T-shirt imprimé,S,1,24.9,0,24.9
11002,2025-04-02,C0622,Boutique,Pulls & sweats,Pull en laine,M,1,59.9,0,59.9
11003,2025-04-02,C0163,Boutique,T-shirts,T-shirt oversize,XS,1,29.9,0,29.9
11004,2025-04-02,C0157,En ligne,Accessoires,Casquette,Unique,1,19.9,0,19.9
11005,2025-04-02,C0094,Boutique,Pulls & sweats,Sweat à capuche,M,2,49.9,0,99.8
11006,2025-04-02,C0302,Boutique,Pantalons,Jogging,S,2,34.9,0,69.8
11006,2025-04-02,C0302,Boutique,T-shirts,T-shirt oversize,M,1,29.9,0,29.9
11007,2025-04-02,C0785,Boutique,T-shirts,T-shirt oversize,XL,1,29.9,0,29.9
11008,2025-04-02,C0766,En ligne,T-shirts,T-shirt imprimé,M,1,24.9,0,24.9
11009,2025-04-02,C0081,Boutique,Accessoires,Sac banane,Unique,1,34.9,0,34.9
11010,2025-04-02,C0619,Boutique,Accessoires,Écharpe,Unique,1,24.9,0,24.9
11010,2025-04-02,C0619,Boutique,T-shirts,T-shirt imprimé,S,1,24.9,0,24.9
11011,2025-04-02,C0028,Boutique,Accessoires,Casquette,Unique,1,19.9,0,19.9
11012,2025-04-03,C0073,Boutique,Vestes,Veste en jean,S,1,79.9,0,79.9
11012,2025-04-03,C0073,Boutique,T-shirts,T-shirt oversize,M,1,29.9,0,29.9
11013,2025-04-03,C0881,Boutique,Vestes,Coupe-vent,M,1,64.9,0,64.9
11014,2025-04-03,C0026,En ligne,T-shirts,T-shirt imprimé,S,1,24.9,0,24.9
11015,2025-04-03,C0042,Boutique,T-shirts,T-shirt basique,L,1,19.9,0,19.9
11016,2025-04-03,C0473,En ligne,Pantalons,Jean slim,XS,1,54.9,0,54.9
11016,2025-04-03,C0473,En ligne,Pantalons,Jogging,S,1,34.9,0,34.9
11017,2025-04-03,C0410,En ligne,Pantalons,Jean slim,L,1,54.9,0,54.9
11017,2025-04-03,C0410,En ligne,Pantalons,Jean slim,XL,1,54.9,0,54.9
11018,2025-04-03,C0029,En ligne,T-shirts,T-shirt imprimé,L,2,24.9,0,49.8
11019,2025-04-03,C0012,En ligne,Pulls & sweats,Sweat col rond,XL,2,39.9,0,79.8
11019,2025-04-03,C0012,En ligne,Accessoires,Écharpe,Unique,2,24.9,0,49.8
11019,2025-04-03,C0012,En ligne,T-shirts,T-shirt basique,XS,2,19.9,0,39.8
11020,2025-04-03,C0079,Boutique,Chaussures,Baskets blanches,39,1,89.9,0,89.9
11021,2025-04-03,C0111,En ligne,Accessoires,Ceinture,Unique,1,29.9,0,29.9
11022,2025-04-04,C0535,Boutique,Chaussures,Bottines,44,1,109.9,0,109.9
11023,2025-04-04,C0095,En ligne,T-shirts,T-shirt oversize,S,1,29.9,0,29.9
11024,2025-04-04,C0877,En ligne,Accessoires,Casquette,Unique,1,19.9,0,19.9
11025,2025-04-04,C0480,Boutique,T-shirts,T-shirt basique,L,1,19.9,0,19.9
11026,2025-04-04,C0321,Boutique,Pantalons,Jean droit,S,1,59.9,0,59.9
11027,2025-04-04,C0118,Boutique,Accessoires,Sac banane,Unique,1,34.9,0,34.9
11027,2025-04-04,C0118,Boutique,Pantalons,Jean slim,S,1,54.9,0,54.9
11027,2025-04-04,C0118,Boutique,Pulls & sweats,Sweat col rond,S,1,39.9,0,39.9
11028,2025-04-04,C0763,En ligne,Pantalons,Pantalon cargo,L,1,49.9,0,49.9
11029,2025-04-05,C0087,Boutique,Pantalons,Jogging,XS,1,34.9,0,34.9
11030,2025-04-05,C0013,En ligne,Accessoires,Bonnet,Unique,1,17.9,0,17.9
11031,2025-04-05,C0609,En ligne,Pantalons,Jean slim,L,1,54.9,0,54.9
11031,2025-04-05,C0609,En ligne,Accessoires,Bonnet,Unique,1,17.9,0,17.9
11032,2025-04-05,C0590,En ligne,T-shirts,T-shirt basique,L,2,19.9,0,39.8
11033,2025-04-05,C0403,En ligne,Accessoires,Écharpe,Unique,1,24.9,0,24.9
11033,2025-04-05,C0403,En ligne,T-shirts,T-shirt basique,S,1,19.9,0,19.9
11034,2025-04-05,C0752,En ligne,Accessoires,Sac banane,Unique,1,34.9,0,34.9
11035,2025-04-05,C0117,Boutique,Chaussures,Baskets blanches,42,1,89.9,0,89.9
11036,2025-04-05,C0002,Boutique,T-shirts,T-shirt imprimé,S,2,24.9,0,49.8
11037,2025-04-05,C0010,Boutique,Vestes,Veste en jean,M,2,79.9,0,159.8
11037,2025-04-05,C0010,Boutique,T-shirts,T-shirt basique,XL,1,19.9,0,19.9
11037,2025-04-05,C0010,Boutique,Accessoires,Sac banane,Unique,1,34.9,0,34.9
11038,2025-04-05,C0794,En ligne,Chaussures,Bottines,41,1,109.9,0,109.9
11039,2025-04-05,C0264,Boutique,Pantalons,Pantalon cargo,M,1,49.9,0,49.9
11040,2025-04-05,C0680,Boutique,Vestes,Doudoune,M,1,119.9,0,119.9
11040,2025-04-05,C0680,Boutique,Vestes,Doudoune,L,2,119.9,0,239.8
11040,2025-04-05,C0680,Boutique,Chaussures,Baskets blanches,39,1,89.9,0,89.9
11041,2025-04-05,C0095,Boutique,T-shirts,T-shirt basique,XL,1,19.9,0,19.9
11042,2025-04-05,C0281,Boutique,Accessoires,Ceinture,Unique,2,29.9,0,59.8
11042,2025-04-05,C0281,Boutique,Accessoires,Bonnet,Unique,1,17.9,0,17.9
11043,2025-04-05,C0340,Boutique,Accessoires,Écharpe,Unique,1,24.9,0,24.9
11044,2025-04-07,C0126,Boutique,Accessoires,Écharpe,Unique,1,24.9,0,24.9
11045,2025-04-07,C0511,Boutique,Chaussures,Sneakers running,43,2,99.9,0,199.8
11046,2025-04-07,C0167,Boutique,Accessoires,Casquette,Unique,1,19.9,0,19.9
11047,2025-04-07,C0106,Boutique,Pulls & sweats,Pull en laine,L,1,59.9,0,59.9
11048,2025-04-07,C0018,Boutique,Accessoires,Sac banane,Unique,1,34.9,0,34.9
11049,2025-04-07,C0035,En ligne,Pantalons,Jean slim,XS,1,54.9,0,54.9
11049,2025-04-07,C0035,En ligne,Accessoires,Bonnet,Unique,1,17.9,0,17.9
11050,2025-04-07,C0433,Boutique,Accessoires,Écharpe,Unique,1,24.9,0,24.9
11050,2025-04-07,C0433,Boutique,T-shirts,T-shirt imprimé,M,1,24.9,0,24.9
11050,2025-04-07,C0433,Boutique,Vestes,Coupe-vent,S,1,64.9,0,64.9
11051,2025-04-08,C0205,Boutique,Vestes,Coupe-vent,S,1,64.9,0,64.9
11052,2025-04-08,C0854,Boutique,Pantalons,Pantalon cargo,L,1,49.9,0,49.9
11053,2025-04-08,C0046,Boutique,Pantalons,Jean slim,XS,2,54.9,0,109.8
11054,2025-04-08,C0091,Boutique,Pulls & sweats,Sweat à capuche,M,1,49.9,0,49.9
11054,2025-04-08,C0091,Boutique,Vestes,Coupe-vent,XS,2,64.9,0,129.8
11055,2025-04-08,C0129,Boutique,Accessoires,Sac banane,Unique,1,34.9,0,34.9
11056,2025-04-08,C0008,En ligne,T-shirts,T-shirt oversize,S,1,29.9,0,29.9
11056,2025-04-08,C0008,En ligne,Pantalons,Pantalon cargo,S,2,49.9,0,99.8
11056,2025-04-08,C0008,En ligne,Vestes,Coupe-vent,XS,1,64.9,0,64.9
11057,2025-04-08,C0019,Boutique,T-shirts,T-shirt oversize,S,1,29.9,0,29.9
11057,2025-04-08,C0019,Boutique,Vestes,Coupe-vent,XS,2,64.9,0,129.8
11057,2025-04-08,C0019,Boutique,Pantalons,Jean droit,XS,1,59.9,0,59.9
11058,2025-04-08,C0124,Boutique,T-shirts,T-shirt basique,M,1,19.9,0,19.9
11059,2025-04-08,C0016,En ligne,T-shirts,T-shirt basique,M,1,19.9,0,19.9
11060,2025-04-08,C0698,Boutique,T-shirts,T-shirt basique,S,1,19.9,0,19.9
11060,2025-04-08,C0698,Boutique,Accessoires,Bonnet,Unique,1,17.9,0,17.9
11061,2025-04-09,C0297,En ligne,Vestes,Veste en jean,M,1,79.9,0,79.9
11062,2025-04-09,C0110,Boutique,T-shirts,T-shirt imprimé,M,1,24.9,0,24.9
11062,2025-04-09,C0110,Boutique,T-shirts,T-shirt imprimé,L,1,24.9,0,24.9
11063,2025-04-09,C0456,En ligne,Accessoires,Ceinture,Unique,2,29.9,0,59.8
11063,2025-04-09,C0456,En ligne,Pantalons,Jean slim,M,2,54.9,0,109.8
11063,2025-04-09,C0456,En ligne,Accessoires,Sac banane,Unique,1,34.9,0,34.9
11064,2025-04-09,C0538,Boutique,Chaussures,Bottines,43,1,109.9,0,109.9
11065,2025-04-09,C0092,Boutique,Accessoires,Écharpe,Unique,2,24.9,0,49.8
11066,2025-04-09,C0108,Boutique,Pantalons,Jean droit,XL,1,59.9,0,59.9
11067,2025-04-09,C0539,En ligne,Vestes,Coupe-vent,M,1,64.9,0,64.9
11067,2025-04-09,C0539,En ligne,Pantalons,Jean slim,L,1,54.9,0,54.9
11068,2025-04-09,C0086,En ligne,Pantalons,Jean droit,L,2,59.9,0,119.8
11068,2025-04-09,C0086,En ligne,Chaussures,Baskets blanches,40,1,89.9,0,89.9
11068,2025-04-09,C0086,En ligne,Chaussures,Bottines,42,1,109.9,0,109.9
11069,2025-04-09,C0064,Boutique,Accessoires,Casquette,Unique,1,19.9,0,19.9
11070,2025-04-09,C0081,Boutique,Pulls & sweats,Sweat col rond,S,1,39.9,0,39.9
11070,2025-04-09,C0081,Boutique,Vestes,Coupe-vent,S,1,64.9,0,64.9
11070,2025-04-09,C0081,Boutique,Pantalons,Pantalon cargo,L,1,49.9,0,49.9
11071,2025-04-09,C0542,Boutique,Vestes,Coupe-vent,S,2,64.9,0,129.8
11072,2025-04-09,C0018,Boutique,Pantalons,Jean slim,L,1,54.9,0,54.9
11073,2025-04-10,C0746,Boutique,Accessoires,Sac banane,Unique,1,34.9,0,34.9
11074,2025-04-10,C0366,Boutique,T-shirts,T-shirt basique,L,1,19.9,0,19.9
11075,2025-04-10,C0583,En ligne,Pulls & sweats,Sweat à capuche,XS,1,49.9,0,49.9
11075,2025-04-10,C0583,En ligne,Pantalons,Jean slim,XL,1,54.9,0,54.9
11076,2025-04-10,C0258,Boutique,Accessoires,Bonnet,Unique,2,17.9,0,35.8
11077,2025-04-10,C0074,En ligne,Vestes,Veste en jean,XS,1,79.9,0,79.9
11078,2025-04-10,C0114,Boutique,Accessoires,Casquette,Unique,1,19.9,0,19.9
11078,2025-04-10,C0114,Boutique,Pantalons,Jean droit,L,1,59.9,0,59.9
11078,2025-04-10,C0114,Boutique,T-shirts,T-shirt oversize,M,1,29.9,0,29.9
11079,2025-04-10,C0900,En ligne,Accessoires,Sac banane,Unique,2,34.9,0,69.8
11080,2025-04-10,C0784,Boutique,T-shirts,T-shirt imprimé,M,1,24.9,0,24.9
11081,2025-04-11,C0278,Boutique,Pantalons,Jean droit,M,1,59.9,0,59.9
11082,2025-04-11,C0109,Boutique,Accessoires,Casquette,Unique,1,19.9,0,19.9
11083,2025-04-11,C0548,Boutique,Chaussures,Baskets blanches,39,1,89.9,0,89.9
11084,2025-04-11,C0049,Boutique,Pantalons,Jean droit,S,1,59.9,0,59.9
11085,2025-04-11,C0377,Boutique,Accessoires,Bonnet,Unique,1,17.9,0,17.9
11086,2025-04-11,C0233,Boutique,Accessoires,Sac banane,Unique,1,34.9,0,34.9
11086,2025-04-11,C0233,Boutique,Accessoires,Casquette,Unique,2,19.9,0,39.8
11087,2025-04-11,C0008,En ligne,T-shirts,T-shirt basique,M,1,19.9,0,19.9
11088,2025-04-11,C0300,En ligne,Chaussures,Sneakers running,41,1,99.9,0,99.9
11089,2025-04-11,C0211,Boutique,Pulls & sweats,Sweat à capuche,M,1,49.9,0,49.9
11089,2025-04-11,C0211,Boutique,Pulls & sweats,Sweat col rond,L,1,39.9,0,39.9
11090,2025-04-11,C0274,Boutique,T-shirts,T-shirt imprimé,L,2,24.9,0,49.8
11091,2025-04-11,C0287,En ligne,Accessoires,Sac banane,Unique,1,34.9,0,34.9
11091,2025-04-11,C0287,En ligne,Chaussures,Baskets blanches,44,1,89.9,0,89.9
11091,2025-04-11,C0287,En ligne,Accessoires,Bonnet,Unique,1,17.9,0,17.9
11092,2025-04-11,C0057,Boutique,T-shirts,T-shirt imprimé,S,1,24.9,0,24.9
11093,2025-04-11,C0308,Boutique,Pulls & sweats,Sweat col rond,XS,1,39.9,0,39.9
11094,2025-04-11,C0057,En ligne,T-shirts,T-shirt imprimé,L,1,24.9,0,24.9
11095,2025-04-11,C0098,Boutique,Vestes,Veste en jean,XL,2,79.9,0,159.8
11096,2025-04-11,C0606,En ligne,Chaussures,Sneakers running,42,1,99.9,0,99.9
11097,2025-04-11,C0754,Boutique,Pantalons,Pantalon cargo,XL,2,49.9,0,99.8
11097,2025-04-11,C0754,Boutique,Pantalons,Pantalon cargo,M,1,49.9,0,49.9
11098,2025-04-12,C0244,En ligne,Accessoires,Écharpe,Unique,1,24.9,0,24.9
11099,2025-04-12,C0070,En ligne,T-shirts,T-shirt imprimé,L,1,24.9,0,24.9
11100,2025-04-12,C0830,Boutique,Pulls & sweats,Sweat col rond,S,1,39.9,0,39.9
11101,2025-04-12,C0060,En ligne,T-shirts,T-shirt imprimé,L,1,24.9,0,24.9
11102,2025-04-12,C0008,Boutique,Accessoires,Sac banane,Unique,1,34.9,0,34.9
11103,2025-04-12,C0024,En ligne,Pulls & sweats,Pull en laine,L,1,59.9,0,59.9
11103,2025-04-12,C0024,En ligne,T-shirts,T-shirt oversize,S,1,29.9,0,29.9
11104,2025-04-12,C0189,Boutique,Vestes,Doudoune,S,1,119.9,0,119.9
11104,2025-04-12,C0189,Boutique,Accessoires,Écharpe,Unique,2,24.9,0,49.8
11105,2025-04-12,C0109,Boutique,Chaussures,Sneakers running,39,1,99.9,0,99.9
11106,2025-04-12,C0057,En ligne,T-shirts,T-shirt oversize,L,1,29.9,0,29.9
11107,2025-04-12,C0658,Boutique,T-shirts,T-shirt oversize,M,1,29.9,0,29.9
11108,2025-04-12,C0668,Boutique,Pulls & sweats,Sweat à capuche,XS,1,49.9,0,49.9
11108,2025-04-12,C0668,Boutique,Accessoires,Sac banane,Unique,1,34.9,0,34.9
11108,2025-04-12,C0668,Boutique,Vestes,Veste en jean,L,1,79.9,0,79.9
11109,2025-04-12,C0596,Boutique,Pulls & sweats,Sweat col rond,L,1,39.9,0,39.9
11109,2025-04-12,C0596,Boutique,Pantalons,Jean slim,XL,2,54.9,0,109.8
11109,2025-04-12,C0596,Boutique,Accessoires,Sac banane,Unique,1,34.9,0,34.9
11110,2025-04-12,C0562,Boutique,T-shirts,T-shirt oversize,M,1,29.9,0,29.9
11111,2025-04-12,C0533,Boutique,Accessoires,Écharpe,Unique,2,24.9,0,49.8
11112,2025-04-12,C0103,Boutique,Pantalons,Jean slim,M,1,54.9,0,54.9
11113,2025-04-12,C0420,Boutique,Pantalons,Pantalon cargo,M,1,49.9,0,49.9
11114,2025-04-12,C0429,En ligne,Accessoires,Sac banane,Unique,1,34.9,0,34.9
11114,2025-04-12,C0429,En ligne,Accessoires,Sac banane,Unique,1,34.9,0,34.9
11115,2025-04-12,C0815,En ligne,T-shirts,T-shirt imprimé,S,1,24.9,0,24.9
11116,2025-04-12,C0792,En ligne,Pantalons,Jean droit,S,1,59.9,0,59.9
11117,2025-04-12,C0482,Boutique,T-shirts,T-shirt imprimé,S,1,24.9,0,24.9
11118,2025-04-12,C0066,Boutique,Accessoires,Écharpe,Unique,1,24.9,0,24.9
11118,2025-04-12,C0066,Boutique,Chaussures,Baskets blanches,39,1,89.9,0,89.9
11118,2025-04-12,C0066,Boutique,Pulls & sweats,Pull en laine,M,1,59.9,0,59.9
11119,2025-04-12,C0047,En ligne,Accessoires,Ceinture,Unique,1,29.9,0,29.9
11119,2025-04-12,C0047,En ligne,Chaussures,Bottines,42,1,109.9,0,109.9
11119,2025-04-12,C0047,En ligne,Chaussures,Sneakers running,43,1,99.9,0,99.9
11120,2025-04-12,C0522,En ligne,Vestes,Veste en jean,M,1,79.9,0,79.9
11120,2025-04-12,C0522,En ligne,Pulls & sweats,Sweat à capuche,M,1,49.9,0,49.9
11121,2025-04-14,C0044,En ligne,Pantalons,Jogging,M,1,34.9,0,34.9
11122,2025-04-14,C0147,En ligne,Accessoires,Bonnet,Unique,1,17.9,0,17.9
11122,2025-04-14,C0147,En ligne,Pulls & sweats,Sweat col rond,M,1,39.9,0,39.9
11122,2025-04-14,C0147,En ligne,T-shirts,T-shirt imprimé,M,1,24.9,0,24.9
11123,2025-04-14,C0296,Boutique,Vestes,Doudoune,L,2,119.9,0,239.8
11124,2025-04-14,C0027,Boutique,T-shirts,T-shirt oversize,XL,2,29.9,0,59.8
11125,2025-04-14,C0819,En ligne,Accessoires,Écharpe,Unique,1,24.9,0,24.9
11126,2025-04-14,C0585,Boutique,T-shirts,T-shirt imprimé,S,1,24.9,0,24.9
11127,2025-04-14,C0866,En ligne,Pantalons,Jean slim,XL,2,54.9,0,109.8
11127,2025-04-14,C0866,En ligne,Chaussures,Baskets blanches,39,2,89.9,0,179.8
11128,2025-04-14,C0228,Boutique,Pantalons,Pantalon cargo,L,1,49.9,0,49.9
11129,2025-04-14,C0076,Boutique,Accessoires,Ceinture,Unique,1,29.9,0,29.9
11130,2025-04-14,C0534,Boutique,Chaussures,Sneakers running,44,1,99.9,0,99.9
11130,2025-04-14,C0534,Boutique,Vestes,Doudoune,M,1,119.9,0,119.9
11131,2025-04-14,C0690,En ligne,Pantalons,Jean droit,S,1,59.9,0,59.9
11132,2025-04-14,C0113,En ligne,Chaussures,Baskets blanches,39,1,89.9,0,89.9
11133,2025-04-15,C0040,Boutique,Pantalons,Jean droit,M,1,59.9,0,59.9
11134,2025-04-15,C0185,Boutique,Accessoires,Ceinture,Unique,1,29.9,0,29.9
11134,2025-04-15,C0185,Boutique,Vestes,Coupe-vent,M,1,64.9,0,64.9
11135,2025-04-15,C0015,Boutique,Chaussures,Bottines,41,2,109.9,0,219.8
11135,2025-04-15,C0015,Boutique,Pulls & sweats,Pull en laine,M,1,59.9,0,59.9
11136,2025-04-15,C0015,Boutique,T-shirts,T-shirt imprimé,L,1,24.9,0,24.9
11137,2025-04-15,C0704,En ligne,Pantalons,Jogging,L,1,34.9,0,34.9
11138,2025-04-15,C0041,Boutique,Pantalons,Pantalon cargo,S,2,49.9,0,99.8
11138,2025-04-15,C0041,Boutique,Chaussures,Bottines,39,1,109.9,0,109.9
11139,2025-04-15,C0053,En ligne,Pantalons,Jean slim,M,2,54.9,0,109.8
11139,2025-04-15,C0053,En ligne,Pulls & sweats,Sweat col rond,XL,1,39.9,0,39.9
11140,2025-04-16,C0049,En ligne,Accessoires,Sac banane,Unique,1,34.9,0,34.9
11140,2025-04-16,C0049,En ligne,T-shirts,T-shirt basique,S,1,19.9,0,19.9
11141,2025-04-16,C0069,Boutique,Pulls & sweats,Sweat à capuche,M,2,49.9,0,99.8
11141,2025-04-16,C0069,Boutique,T-shirts,T-shirt oversize,XS,1,29.9,0,29.9
11142,2025-04-16,C0774,Boutique,Pantalons,Jogging,S,1,34.9,0,34.9
11143,2025-04-16,C0081,Boutique,Pulls & sweats,Sweat à capuche,M,1,49.9,0,49.9
11144,2025-04-16,C0838,Boutique,T-shirts,T-shirt basique,L,1,19.9,0,19.9
11145,2025-04-16,C0021,En ligne,Vestes,Doudoune,M,1,119.9,0,119.9
11145,2025-04-16,C0021,En ligne,Pantalons,Pantalon cargo,M,1,49.9,0,49.9
11146,2025-04-16,C0310,En ligne,Pulls & sweats,Sweat col rond,M,1,39.9,0,39.9
11147,2025-04-16,C0228,Boutique,Pantalons,Jean droit,XL,1,59.9,0,59.9
11148,2025-04-16,C0382,Boutique,Pantalons,Jean slim,S,1,54.9,0,54.9
11148,2025-04-16,C0382,Boutique,Pulls & sweats,Sweat col rond,M,1,39.9,0,39.9
11149,2025-04-16,C0081,Boutique,T-shirts,T-shirt imprimé,S,1,24.9,0,24.9
11150,2025-04-16,C0859,Boutique,Vestes,Doudoune,M,1,119.9,0,119.9
11150,2025-04-16,C0859,Boutique,Pantalons,Pantalon cargo,XS,1,49.9,0,49.9
11151,2025-04-16,C0614,Boutique,Chaussures,Sneakers running,43,1,99.9,0,99.9
11152,2025-04-16,C0668,En ligne,Pantalons,Jean slim,M,2,54.9,0,109.8
11153,2025-04-17,C0067,Boutique,Pantalons,Jean slim,M,1,54.9,0,54.9
11154,2025-04-17,C0103,Boutique,Accessoires,Ceinture,Unique,1,29.9,0,29.9
11155,2025-04-17,C0056,Boutique,Accessoires,Écharpe,Unique,1,24.9,0,24.9
11155,2025-04-17,C0056,Boutique,Vestes,Veste en jean,S,1,79.9,0,79.9
11156,2025-04-17,C0088,En ligne,Chaussures,Sneakers running,42,1,99.9,0,99.9
11156,2025-04-17,C0088,En ligne,Pantalons,Pantalon cargo,L,2,49.9,0,99.8
11157,2025-04-17,C0139,En ligne,Pantalons,Pantalon cargo,S,1,49.9,0,49.9
11157,2025-04-17,C0139,En ligne,T-shirts,T-shirt basique,S,1,19.9,0,19.9
11158,2025-04-17,C0551,Boutique,Vestes,Coupe-vent,M,1,64.9,0,64.9
11159,2025-04-17,C0232,Boutique,T-shirts,T-shirt imprimé,L,1,24.9,0,24.9
11160,2025-04-17,C0314,Boutique,Accessoires,Sac banane,Unique,1,34.9,0,34.9
11160,2025-04-17,C0314,Boutique,Chaussures,Baskets blanches,39,1,89.9,0,89.9
11161,2025-04-17,C0287,En ligne,T-shirts,T-shirt oversize,L,1,29.9,0,29.9
11162,2025-04-17,C0099,Boutique,Accessoires,Sac banane,Unique,1,34.9,0,34.9
11162,2025-04-17,C0099,Boutique,Pantalons,Jean droit,S,1,59.9,0,59.9
11163,2025-04-17,C0119,Boutique,T-shirts,T-shirt basique,XL,1,19.9,0,19.9
11164,2025-04-17,C0066,Boutique,Pantalons,Pantalon cargo,S,1,49.9,0,49.9
11165,2025-04-17,C0387,Boutique,Pulls & sweats,Sweat col rond,XS,1,39.9,0,39.9
11165,2025-04-17,C0387,Boutique,Vestes,Doudoune,XL,2,119.9,0,239.8
11166,2025-04-17,C0729,En ligne,Pantalons,Pantalon cargo,M,1,49.9,0,49.9
11167,2025-04-18,C0357,En ligne,Accessoires,Écharpe,Unique,1,24.9,0,24.9
11167,2025-04-18,C0357,En ligne,T-shirts,T-shirt oversize,XL,2,29.9,0,59.8
11168,2025-04-18,C0048,En ligne,T-shirts,T-shirt imprimé,S,1,24.9,0,24.9
11168,2025-04-18,C0048,En ligne,Vestes,Veste en jean,M,1,79.9,0,79.9
11169,2025-04-18,C0118,En ligne,Vestes,Coupe-vent,XS,1,64.9,0,64.9
11170,2025-04-18,C0260,En ligne,Vestes,Doudoune,XL,2,119.9,0,239.8
11171,2025-04-18,C0648,Boutique,Chaussures,Sneakers running,39,1,99.9,0,99.9
11172,2025-04-18,C0004,Boutique,Chaussures,Baskets blanches,40,2,89.9,0,179.8
11172,2025-04-18,C0004,Boutique,T-shirts,T-shirt basique,L,1,19.9,0,19.9
11173,2025-04-18,C0013,Boutique,Accessoires,Sac banane,Unique,1,34.9,0,34.9
11174,2025-04-18,C0087,Boutique,Chaussures,Sneakers running,41,1,99.9,0,99.9
11175,2025-04-18,C0681,Boutique,Chaussures,Baskets blanches,43,1,89.9,0,89.9
11175,2025-04-18,C0681,Boutique,T-shirts,T-shirt imprimé,M,1,24.9,0,24.9
11176,2025-04-18,C0026,Boutique,Vestes,Doudoune,M,1,119.9,0,119.9
11177,2025-04-18,C0060,Boutique,Vestes,Veste en jean,XL,1,79.9,0,79.9
11177,2025-04-18,C0060,Boutique,T-shirts,T-shirt basique,M,1,19.9,0,19.9
11178,2025-04-18,C0786,En ligne,Vestes,Veste en jean,L,1,79.9,0,79.9
11179,2025-04-18,C0108,Boutique,Accessoires,Bonnet,Unique,1,17.9,0,17.9
11179,2025-04-18,C0108,Boutique,Pulls & sweats,Pull en laine,S,1,59.9,0,59.9
11179,2025-04-18,C0108,Boutique,Pulls & sweats,Sweat à capuche,S,1,49.9,0,49.9
11180,2025-04-18,C0038,En ligne,T-shirts,T-shirt imprimé,M,1,24.9,0,24.9
11181,2025-04-19,C0852,En ligne,Vestes,Doudoune,S,1,119.9,0,119.9
11181,2025-04-19,C0852,En ligne,Chaussures,Bottines,44,1,109.9,0,109.9
11181,2025-04-19,C0852,En ligne,Accessoires,Bonnet,Unique,1,17.9,0,17.9
11182,2025-04-19,C0565,Boutique,T-shirts,T-shirt basique,M,1,19.9,0,19.9
11182,2025-04-19,C0565,Boutique,T-shirts,T-shirt basique,L,1,19.9,0,19.9
11183,2025-04-19,C0479,Boutique,Pulls & sweats,Sweat col rond,M,2,39.9,0,79.8
11184,2025-04-19,C0046,Boutique,Pantalons,Pantalon cargo,XL,1,49.9,0,49.9
11185,2025-04-19,C0046,Boutique,T-shirts,T-shirt basique,M,1,19.9,0,19.9
11186,2025-04-19,C0712,Boutique,Accessoires,Écharpe,Unique,1,24.9,0,24.9
11187,2025-04-19,C0495,Boutique,Accessoires,Bonnet,Unique,1,17.9,0,17.9
11188,2025-04-19,C0520,En ligne,Pulls & sweats,Sweat col rond,XS,1,39.9,0,39.9
11189,2025-04-19,C0308,Boutique,Accessoires,Bonnet,Unique,2,17.9,0,35.8
11189,2025-04-19,C0308,Boutique,Vestes,Doudoune,M,1,119.9,0,119.9
11189,2025-04-19,C0308,Boutique,Accessoires,Casquette,Unique,1,19.9,0,19.9
11190,2025-04-19,C0821,Boutique,Pantalons,Jean droit,S,1,59.9,0,59.9
11191,2025-04-19,C0024,En ligne,T-shirts,T-shirt basique,M,1,19.9,0,19.9
11192,2025-04-19,C0006,Boutique,Pantalons,Jogging,XL,1,34.9,0,34.9
11193,2025-04-19,C0852,Boutique,Accessoires,Ceinture,Unique,1,29.9,0,29.9
11194,2025-04-19,C0137,Boutique,Pulls & sweats,Sweat col rond,M,1,39.9,0,39.9
11195,2025-04-19,C0010,Boutique,Accessoires,Casquette,Unique,1,19.9,0,19.9
11195,2025-04-19,C0010,Boutique,Vestes,Doudoune,M,1,119.9,0,119.9
11196,2025-04-21,C0080,Boutique,T-shirts,T-shirt basique,S,1,19.9,0,19.9
11197,2025-04-21,C0024,Boutique,Pantalons,Jogging,XL,1,34.9,0,34.9
11198,2025-04-21,C0168,Boutique,T-shirts,T-shirt basique,L,1,19.9,0,19.9
11199,2025-04-21,C0415,Boutique,Pulls & sweats,Sweat col rond,L,1,39.9,0,39.9
11200,2025-04-21,C0084,Boutique,Accessoires,Écharpe,Unique,1,24.9,0,24.9
11201,2025-04-21,C0119,Boutique,Pantalons,Pantalon cargo,L,1,49.9,0,49.9
11201,2025-04-21,C0119,Boutique,Accessoires,Écharpe,Unique,1,24.9,0,24.9
11202,2025-04-21,C0055,Boutique,Chaussures,Baskets blanches,44,1,89.9,0,89.9
11203,2025-04-21,C0203,Boutique,Accessoires,Ceinture,Unique,1,29.9,0,29.9
11203,2025-04-21,C0203,Boutique,Pulls & sweats,Sweat à capuche,M,2,49.9,0,99.8
11204,2025-04-21,C0077,Boutique,Pulls & sweats,Pull en laine,XS,1,59.9,0,59.9
11205,2025-04-21,C0038,Boutique,Pulls & sweats,Sweat col rond,S,1,39.9,0,39.9
11206,2025-04-21,C0545,Boutique,T-shirts,T-shirt basique,S,1,19.9,0,19.9
11207,2025-04-21,C0282,Boutique,Vestes,Coupe-vent,M,1,64.9,0,64.9
11208,2025-04-21,C0042,Boutique,Accessoires,Casquette,Unique,1,19.9,0,19.9
11209,2025-04-21,C0081,Boutique,Pulls & sweats,Pull en laine,XL,1,59.9,0,59.9
11209,2025-04-21,C0081,Boutique,Pulls & sweats,Sweat col rond,XS,1,39.9,0,39.9
11210,2025-04-21,C0120,Boutique,Accessoires,Sac banane,Unique,1,34.9,0,34.9
11211,2025-04-22,C0250,Boutique,Vestes,Doudoune,M,1,119.9,0,119.9
11212,2025-04-22,C0797,En ligne,T-shirts,T-shirt imprimé,L,2,24.9,0,49.8
11213,2025-04-22,C0053,En ligne,Chaussures,Bottines,43,1,109.9,0,109.9
11213,2025-04-22,C0053,En ligne,Accessoires,Écharpe,Unique,1,24.9,0,24.9
11214,2025-04-22,C0091,Boutique,Pulls & sweats,Sweat col rond,M,1,39.9,0,39.9
11215,2025-04-22,C0610,Boutique,Accessoires,Casquette,Unique,1,19.9,0,19.9
11216,2025-04-22,C0106,Boutique,Chaussures,Baskets blanches,40,1,89.9,0,89.9
11217,2025-04-22,C0262,Boutique,Vestes,Doudoune,M,1,119.9,0,119.9
11217,2025-04-22,C0262,Boutique,Pulls & sweats,Sweat à capuche,M,1,49.9,0,49.9
11218,2025-04-22,C0097,Boutique,T-shirts,T-shirt oversize,L,1,29.9,0,29.9
11218,2025-04-22,C0097,Boutique,Vestes,Veste en jean,XS,2,79.9,0,159.8
11219,2025-04-23,C0241,Boutique,Pulls & sweats,Sweat à capuche,S,1,49.9,0,49.9
11220,2025-04-23,C0585,En ligne,Chaussures,Sneakers running,43,2,99.9,0,199.8
11220,2025-04-23,C0585,En ligne,Pantalons,Jean droit,M,1,59.9,0,59.9
11221,2025-04-23,C0047,Boutique,Chaussures,Sneakers running,41,1,99.9,0,99.9
11221,2025-04-23,C0047,Boutique,Pantalons,Jogging,M,1,34.9,0,34.9
11222,2025-04-23,C0294,Boutique,Accessoires,Bonnet,Unique,1,17.9,0,17.9
11223,2025-04-23,C0107,Boutique,T-shirts,T-shirt basique,L,1,19.9,0,19.9
11224,2025-04-23,C0421,En ligne,Pulls & sweats,Sweat col rond,XL,1,39.9,0,39.9
11225,2025-04-23,C0750,Boutique,Vestes,Doudoune,M,1,119.9,0,119.9
11226,2025-04-23,C0048,En ligne,Accessoires,Ceinture,Unique,1,29.9,0,29.9
11226,2025-04-23,C0048,En ligne,Accessoires,Bonnet,Unique,1,17.9,0,17.9
11227,2025-04-23,C0246,En ligne,Accessoires,Écharpe,Unique,1,24.9,0,24.9
11227,2025-04-23,C0246,En ligne,T-shirts,T-shirt basique,M,1,19.9,0,19.9
11227,2025-04-23,C0246,En ligne,Pulls & sweats,Sweat col rond,S,1,39.9,0,39.9
11228,2025-04-23,C0060,Boutique,Vestes,Veste en jean,XL,2,79.9,0,159.8
11229,2025-04-23,C0093,Boutique,T-shirts,T-shirt oversize,M,1,29.9,0,29.9
11230,2025-04-23,C0395,En ligne,Pulls & sweats,Sweat col rond,L,1,39.9,0,39.9
11231,2025-04-23,C0547,Boutique,Accessoires,Casquette,Unique,1,19.9,0,19.9
11232,2025-04-23,C0106,Boutique,Pantalons,Jogging,S,1,34.9,0,34.9
11233,2025-04-23,C0034,Boutique,Accessoires,Bonnet,Unique,1,17.9,0,17.9
11234,2025-04-23,C0146,Boutique,T-shirts,T-shirt basique,L,1,19.9,0,19.9
11234,2025-04-23,C0146,Boutique,Pantalons,Jogging,L,1,34.9,0,34.9
11235,2025-04-23,C0089,Boutique,Chaussures,Sneakers running,39,1,99.9,0,99.9
11235,2025-04-23,C0089,Boutique,Chaussures,Baskets blanches,39,1,89.9,0,89.9
11236,2025-04-24,C0048,Boutique,Pulls & sweats,Sweat col rond,L,1,39.9,0,39.9
11236,2025-04-24,C0048,Boutique,Pantalons,Jogging,S,1,34.9,0,34.9
11237,2025-04-24,C0132,En ligne,Pantalons,Jean droit,S,1,59.9,0,59.9
11238,2025-04-24,C0075,En ligne,Pantalons,Jogging,XL,1,34.9,0,34.9
11239,2025-04-24,C0660,En ligne,Pulls & sweats,Pull en laine,XL,1,59.9,0,59.9
11239,2025-04-24,C0660,En ligne,Vestes,Coupe-vent,M,1,64.9,0,64.9
11240,2025-04-24,C0086,Boutique,Pulls & sweats,Sweat à capuche,M,1,49.9,0,49.9
11241,2025-04-24,C0123,Boutique,Pantalons,Jean slim,L,1,54.9,0,54.9
11242,2025-04-24,C0537,Boutique,Pulls & sweats,Sweat à capuche,S,1,49.9,0,49.9
11242,2025-04-24,C0537,Boutique,Pulls & sweats,Sweat à capuche,XL,1,49.9,0,49.9
11243,2025-04-24,C0551,Boutique,T-shirts,T-shirt oversize,S,1,29.9,0,29.9
11243,2025-04-24,C0551,Boutique,Accessoires,Bonnet,Unique,1,17.9,0,17.9
11243,2025-04-24,C0551,Boutique,Chaussures,Baskets blanches,44,1,89.9,0,89.9
11244,2025-04-24,C0042,Boutique,Pulls & sweats,Sweat col rond,L,1,39.9,0,39.9
11245,2025-04-24,C0116,En ligne,T-shirts,T-shirt basique,M,1,19.9,0,19.9
11246,2025-04-24,C0550,Boutique,Accessoires,Casquette,Unique,1,19.9,0,19.9
11247,2025-04-24,C0011,Boutique,Vestes,Coupe-vent,M,1,64.9,0,64.9
11248,2025-04-25,C0114,Boutique,Vestes,Coupe-vent,M,1,64.9,0,64.9
11248,2025-04-25,C0114,Boutique,T-shirts,T-shirt imprimé,M,1,24.9,0,24.9
11249,2025-04-25,C0065,Boutique,Vestes,Veste en jean,S,2,79.9,0,159.8
11250,2025-04-25,C0072,Boutique,T-shirts,T-shirt basique,M,1,19.9,0,19.9
11250,2025-04-25,C0072,Boutique,Accessoires,Ceinture,Unique,1,29.9,0,29.9
11251,2025-04-25,C0098,Boutique,Accessoires,Ceinture,Unique,1,29.9,0,29.9
11252,2025-04-25,C0843,En ligne,Chaussures,Baskets blanches,41,1,89.9,0,89.9
11252,2025-04-25,C0843,En ligne,Pulls & sweats,Sweat col rond,L,1,39.9,0,39.9
11253,2025-04-25,C0216,Boutique,T-shirts,T-shirt imprimé,L,1,24.9,0,24.9
11254,2025-04-26,C0161,Boutique,Pantalons,Jogging,S,1,34.9,0,34.9
11255,2025-04-26,C0484,Boutique,Pulls & sweats,Pull en laine,M,1,59.9,0,59.9
11255,2025-04-26,C0484,Boutique,Chaussures,Bottines,43,1,109.9,0,109.9
11256,2025-04-26,C0054,En ligne,T-shirts,T-shirt imprimé,L,1,24.9,0,24.9
11256,2025-04-26,C0054,En ligne,Accessoires,Écharpe,Unique,1,24.9,0,24.9
11256,2025-04-26,C0054,En ligne,Chaussures,Baskets blanches,41,1,89.9,0,89.9
11257,2025-04-26,C0048,En ligne,Pantalons,Jean droit,M,1,59.9,0,59.9
11258,2025-04-26,C0281,En ligne,Pulls & sweats,Pull en laine,M,2,59.9,0,119.8
11259,2025-04-26,C0048,Boutique,Accessoires,Ceinture,Unique,1,29.9,0,29.9
11260,2025-04-26,C0601,Boutique,Vestes,Veste en jean,M,1,79.9,0,79.9
11261,2025-04-26,C0061,En ligne,Pulls & sweats,Sweat col rond,S,1,39.9,0,39.9
11261,2025-04-26,C0061,En ligne,T-shirts,T-shirt imprimé,M,1,24.9,0,24.9
11262,2025-04-26,C0336,Boutique,Pulls & sweats,Sweat col rond,L,1,39.9,0,39.9
11262,2025-04-26,C0336,Boutique,T-shirts,T-shirt basique,L,2,19.9,0,39.8
11263,2025-04-26,C0874,Boutique,Chaussures,Baskets blanches,42,1,89.9,0,89.9
11263,2025-04-26,C0874,Boutique,Pulls & sweats,Pull en laine,L,1,59.9,0,59.9
11264,2025-04-26,C0262,Boutique,T-shirts,T-shirt oversize,M,1,29.9,0,29.9
11264,2025-04-26,C0262,Boutique,Pantalons,Jean slim,XS,1,54.9,0,54.9
11264,2025-04-26,C0262,Boutique,Accessoires,Écharpe,Unique,1,24.9,0,24.9
11265,2025-04-26,C0033,Boutique,Pulls & sweats,Sweat col rond,M,1,39.9,0,39.9
11265,2025-04-26,C0033,Boutique,Vestes,Coupe-vent,S,1,64.9,0,64.9
11266,2025-04-26,C0116,Boutique,Accessoires,Casquette,Unique,1,19.9,0,19.9
11266,2025-04-26,C0116,Boutique,Pantalons,Jean droit,L,1,59.9,0,59.9
11267,2025-04-26,C0284,Boutique,Accessoires,Bonnet,Unique,1,17.9,0,17.9
11267,2025-04-26,C0284,Boutique,T-shirts,T-shirt oversize,M,1,29.9,0,29.9
11268,2025-04-28,C0022,Boutique,Vestes,Veste en jean,S,1,79.9,0,79.9
11269,2025-04-28,C0266,Boutique,Chaussures,Sneakers running,44,1,99.9,0,99.9
11270,2025-04-28,C0106,Boutique,Accessoires,Sac banane,Unique,1,34.9,0,34.9
11271,2025-04-28,C0212,Boutique,Pantalons,Jean slim,M,1,54.9,0,54.9
11272,2025-04-28,C0336,Boutique,Chaussures,Baskets blanches,42,1,89.9,0,89.9
11272,2025-04-28,C0336,Boutique,Accessoires,Bonnet,Unique,2,17.9,0,35.8
11272,2025-04-28,C0336,Boutique,T-shirts,T-shirt imprimé,XL,1,24.9,0,24.9
11273,2025-04-28,C0127,Boutique,Pantalons,Jean droit,M,1,59.9,0,59.9
11274,2025-04-28,C0027,Boutique,T-shirts,T-shirt basique,M,1,19.9,0,19.9
11275,2025-04-29,C0063,Boutique,Accessoires,Ceinture,Unique,1,29.9,0,29.9
11276,2025-04-29,C0819,Boutique,Pantalons,Jogging,M,1,34.9,0,34.9
11277,2025-04-29,C0879,En ligne,Pulls & sweats,Sweat à capuche,L,1,49.9,0,49.9
11278,2025-04-29,C0090,En ligne,Pantalons,Jogging,XL,1,34.9,0,34.9
11278,2025-04-29,C0090,En ligne,Chaussures,Bottines,40,1,109.9,0,109.9
11279,2025-04-29,C0002,En ligne,Chaussures,Baskets blanches,40,1,89.9,0,89.9
11280,2025-04-29,C0677,En ligne,Accessoires,Ceinture,Unique,1,29.9,0,29.9
11280,2025-04-29,C0677,En ligne,Accessoires,Bonnet,Unique,1,17.9,0,17.9
11281,2025-04-29,C0186,Boutique,Accessoires,Casquette,Unique,1,19.9,0,19.9
11281,2025-04-29,C0186,Boutique,Pulls & sweats,Sweat col rond,L,1,39.9,0,39.9
11281,2025-04-29,C0186,Boutique,Vestes,Doudoune,M,1,119.9,0,119.9
11282,2025-04-29,C0036,Boutique,Pantalons,Jogging,L,1,34.9,0,34.9
11283,2025-04-29,C0013,En ligne,T-shirts,T-shirt basique,M,1,19.9,0,19.9
11283,2025-04-29,C0013,En ligne,Accessoires,Sac banane,Unique,1,34.9,0,34.9
11284,2025-04-29,C0829,Boutique,Pantalons,Pantalon cargo,L,1,49.9,0,49.9
11285,2025-04-30,C0079,Boutique,Pantalons,Jean droit,M,1,59.9,0,59.9
11286,2025-04-30,C0147,En ligne,T-shirts,T-shirt imprimé,M,1,24.9,0,24.9
11287,2025-04-30,C0033,En ligne,Pulls & sweats,Pull en laine,M,1,59.9,0,59.9
11287,2025-04-30,C0033,En ligne,Vestes,Veste en jean,S,1,79.9,0,79.9
11288,2025-04-30,C0678,En ligne,Accessoires,Ceinture,Unique,1,29.9,0,29.9
11288,2025-04-30,C0678,En ligne,Accessoires,Bonnet,Unique,1,17.9,0,17.9
11289,2025-04-30,C0856,Boutique,Pulls & sweats,Sweat col rond,L,1,39.9,0,39.9
11290,2025-04-30,C0112,Boutique,Pantalons,Jean droit,S,1,59.9,0,59.9
11291,2025-04-30,C0763,En ligne,Accessoires,Écharpe,Unique,2,24.9,0,49.8
11291,2025-04-30,C0763,En ligne,T-shirts,T-shirt imprimé,M,1,24.9,0,24.9
11292,2025-04-30,C0680,En ligne,Chaussures,Bottines,41,1,109.9,0,109.9
11292,2025-04-30,C0680,En ligne,Pantalons,Jean slim,S,2,54.9,0,109.8
11293,2025-04-30,C0059,Boutique,Chaussures,Baskets blanches,41,2,89.9,0,179.8
11294,2025-04-30,C0567,Boutique,Accessoires,Sac banane,Unique,1,34.9,0,34.9
11295,2025-04-30,C0524,En ligne,Pulls & sweats,Sweat à capuche,L,1,49.9,0,49.9
11295,2025-04-30,C0524,En ligne,Pantalons,Jean droit,M,1,59.9,0,59.9
11296,2025-04-30,C0069,Boutique,Accessoires,Sac banane,Unique,1,34.9,0,34.9
11297,2025-05-01,C0880,Boutique,Chaussures,Baskets blanches,43,1,89.9,0,89.9
11297,2025-05-01,C0880,Boutique,Pulls & sweats,Sweat à capuche,XL,1,49.9,0,49.9
11298,2025-05-01,C0304,Boutique,Pulls & sweats,Pull en laine,S,1,59.9,0,59.9
11299,2025-05-01,C0001,En ligne,Vestes,Doudoune,M,2,119.9,0,239.8
11299,2025-05-01,C0001,En ligne,Accessoires,Casquette,Unique,1,19.9,0,19.9
11300,2025-05-01,C0062,Boutique,Accessoires,Bonnet,Unique,1,17.9,0,17.9
11300,2025-05-01,C0062,Boutique,T-shirts,T-shirt imprimé,S,1,24.9,0,24.9
11301,2025-05-01,C0073,En ligne,T-shirts,T-shirt imprimé,L,1,24.9,0,24.9
11301,2025-05-01,C0073,En ligne,Accessoires,Bonnet,Unique,1,17.9,0,17.9
11301,2025-05-01,C0073,En ligne,T-shirts,T-shirt imprimé,XS,1,24.9,0,24.9
11302,2025-05-01,C0040,Boutique,Vestes,Doudoune,S,1,119.9,0,119.9
11302,2025-05-01,C0040,Boutique,T-shirts,T-shirt oversize,S,1,29.9,0,29.9
11303,2025-05-01,C0773,Boutique,T-shirts,T-shirt basique,XL,1,19.9,0,19.9
11304,2025-05-01,C0060,Boutique,Chaussures,Bottines,40,1,109.9,0,109.9
11305,2025-05-01,C0091,Boutique,Vestes,Veste en jean,L,1,79.9,0,79.9
11305,2025-05-01,C0091,Boutique,Pantalons,Jogging,L,1,34.9,0,34.9
11306,2025-05-01,C0287,Boutique,Accessoires,Sac banane,Unique,1,34.9,0,34.9
11306,2025-05-01,C0287,Boutique,Vestes,Veste en jean,S,2,79.9,0,159.8
11307,2025-05-01,C0104,Boutique,T-shirts,T-shirt imprimé,S,1,24.9,0,24.9
11308,2025-05-01,C0726,Boutique,Pantalons,Jogging,S,1,34.9,0,34.9
11308,2025-05-01,C0726,Boutique,Accessoires,Casquette,Unique,1,19.9,0,19.9
11309,2025-05-01,C0098,En ligne,Chaussures,Sneakers running,42,1,99.9,0,99.9
11310,2025-05-01,C0041,Boutique,Accessoires,Sac banane,Unique,2,34.9,0,69.8
11310,2025-05-01,C0041,Boutique,T-shirts,T-shirt imprimé,L,1,24.9,0,24.9
11311,2025-05-01,C0686,Boutique,T-shirts,T-shirt oversize,S,2,29.9,0,59.8
11312,2025-05-01,C0822,En ligne,Accessoires,Écharpe,Unique,1,24.9,0,24.9
11313,2025-05-01,C0032,En ligne,Pulls & sweats,Sweat col rond,S,2,39.9,0,79.8
11313,2025-05-01,C0032,En ligne,Accessoires,Bonnet,Unique,1,17.9,0,17.9
11314,2025-05-02,C0664,Boutique,Pulls & sweats,Sweat à capuche,L,1,49.9,0,49.9
11315,2025-05-02,C0079,Boutique,Accessoires,Écharpe,Unique,1,24.9,0,24.9
11315,2025-05-02,C0079,Boutique,T-shirts,T-shirt oversize,M,1,29.9,0,29.9
11316,2025-05-02,C0655,En ligne,T-shirts,T-shirt oversize,M,1,29.9,0,29.9
11317,2025-05-02,C0371,Boutique,Pulls & sweats,Sweat à capuche,M,1,49.9,0,49.9
11317,2025-05-02,C0371,Boutique,Pantalons,Pantalon cargo,M,1,49.9,0,49.9
11317,2025-05-02,C0371,Boutique,Pulls & sweats,Sweat col rond,S,1,39.9,0,39.9
11318,2025-05-02,C0898,Boutique,T-shirts,T-shirt imprimé,M,1,24.9,0,24.9
11318,2025-05-02,C0898,Boutique,Accessoires,Casquette,Unique,1,19.9,0,19.9
11319,2025-05-02,C0898,Boutique,Pantalons,Jean slim,S,1,54.9,0,54.9
11320,2025-05-02,C0252,Boutique,T-shirts,T-shirt imprimé,L,1,24.9,0,24.9
11320,2025-05-02,C0252,Boutique,T-shirts,T-shirt basique,L,1,19.9,0,19.9
11321,2025-05-02,C0038,En ligne,Vestes,Veste en jean,M,1,79.9,0,79.9
11322,2025-05-02,C0423,En ligne,Pulls & sweats,Sweat col rond,XL,2,39.9,0,79.8
11323,2025-05-02,C0724,Boutique,Accessoires,Ceinture,Unique,1,29.9,0,29.9
11324,2025-05-02,C0241,Boutique,Accessoires,Bonnet,Unique,1,17.9,0,17.9
11325,2025-05-02,C0720,En ligne,T-shirts,T-shirt oversize,M,1,29.9,0,29.9
11326,2025-05-02,C0106,Boutique,Chaussures,Sneakers running,40,2,99.9,0,199.8
11326,2025-05-02,C0106,Boutique,Pantalons,Jean slim,M,1,54.9,0,54.9
11327,2025-05-02,C0067,Boutique,Pantalons,Jean slim,M,2,54.9,0,109.8
11328,2025-05-02,C0066,Boutique,Chaussures,Sneakers running,44,1,99.9,0,99.9
11329,2025-05-02,C0077,Boutique,Accessoires,Ceinture,Unique,1,29.9,0,29.9
11329,2025-05-02,C0077,Boutique,Pantalons,Pantalon cargo,M,1,49.9,0,49.9
11330,2025-05-02,C0417,En ligne,Chaussures,Bottines,43,2,109.9,0,219.8
11331,2025-05-02,C0097,Boutique,Accessoires,Sac banane,Unique,1,34.9,0,34.9
11332,2025-05-03,C0077,Boutique,Accessoires,Casquette,Unique,1,19.9,0,19.9
11332,2025-05-03,C0077,Boutique,Pantalons,Jean slim,S,1,54.9,0,54.9
11332,2025-05-03,C0077,Boutique,Pulls & sweats,Sweat col rond,M,2,39.9,0,79.8
11333,2025-05-03,C0714,Boutique,T-shirts,T-shirt imprimé,L,1,24.9,0,24.9
11333,2025-05-03,C0714,Boutique,Accessoires,Ceinture,Unique,1,29.9,0,29.9
11334,2025-05-03,C0026,En ligne,Vestes,Veste en jean,S,1,79.9,0,79.9
11334,2025-05-03,C0026,En ligne,T-shirts,T-shirt oversize,M,1,29.9,0,29.9
11334,2025-05-03,C0026,En ligne,Chaussures,Baskets blanches,43,1,89.9,0,89.9
11335,2025-05-03,C0042,Boutique,Accessoires,Sac banane,Unique,1,34.9,0,34.9
11336,2025-05-03,C0023,En ligne,T-shirts,T-shirt basique,S,2,19.9,0,39.8
11336,2025-05-03,C0023,En ligne,Chaussures,Baskets blanches,43,1,89.9,0,89.9
11337,2025-05-03,C0057,Boutique,T-shirts,T-shirt basique,M,1,19.9,0,19.9
11337,2025-05-03,C0057,Boutique,Vestes,Coupe-vent,L,2,64.9,0,129.8
11338,2025-05-03,C0120,Boutique,Pulls & sweats,Sweat à capuche,S,1,49.9,0,49.9
11339,2025-05-03,C0025,Boutique,Accessoires,Ceinture,Unique,2,29.9,0,59.8
11339,2025-05-03,C0025,Boutique,Pantalons,Jogging,XL,1,34.9,0,34.9
11339,2025-05-03,C0025,Boutique,Vestes,Doudoune,M,1,119.9,0,119.9
11340,2025-05-03,C0105,Boutique,T-shirts,T-shirt basique,XL,2,19.9,0,39.8
11340,2025-05-03,C0105,Boutique,Accessoires,Sac banane,Unique,1,34.9,0,34.9
11341,2025-05-03,C0680,Boutique,Pantalons,Jogging,L,1,34.9,0,34.9
11341,2025-05-03,C0680,Boutique,T-shirts,T-shirt basique,S,1,19.9,0,19.9
11341,2025-05-03,C0680,Boutique,Accessoires,Ceinture,Unique,1,29.9,0,29.9
11342,2025-05-03,C0063,En ligne,Pantalons,Jogging,XL,1,34.9,0,34.9
11343,2025-05-03,C0790,Boutique,Accessoires,Bonnet,Unique,2,17.9,0,35.8
11344,2025-05-03,C0076,Boutique,T-shirts,T-shirt imprimé,M,1,24.9,0,24.9
11345,2025-05-03,C0039,Boutique,Pantalons,Jogging,M,1,34.9,0,34.9
11346,2025-05-03,C0048,Boutique,T-shirts,T-shirt imprimé,XL,2,24.9,0,49.8
11347,2025-05-03,C0075,Boutique,Pantalons,Jean slim,M,1,54.9,0,54.9
11348,2025-05-03,C0120,Boutique,T-shirts,T-shirt imprimé,XL,2,24.9,0,49.8
11349,2025-05-05,C0046,En ligne,Vestes,Veste en jean,M,2,79.9,0,159.8
11350,2025-05-05,C0885,Boutique,Accessoires,Écharpe,Unique,1,24.9,0,24.9
11351,2025-05-05,C0106,Boutique,Accessoires,Ceinture,Unique,1,29.9,0,29.9
11352,2025-05-05,C0089,Boutique,Pantalons,Jean droit,S,1,59.9,0,59.9
11352,2025-05-05,C0089,Boutique,T-shirts,T-shirt imprimé,M,1,24.9,0,24.9
11353,2025-05-05,C0095,En ligne,Accessoires,Ceinture,Unique,1,29.9,0,29.9
11353,2025-05-05,C0095,En ligne,Pulls & sweats,Sweat col rond,L,1,39.9,0,39.9
11354,2025-05-05,C0114,Boutique,Pantalons,Jogging,M,1,34.9,0,34.9
11354,2025-05-05,C0114,Boutique,T-shirts,T-shirt imprimé,S,1,24.9,0,24.9
11354,2025-05-05,C0114,Boutique,Accessoires,Bonnet,Unique,1,17.9,0,17.9
11355,2025-05-05,C0070,En ligne,Pantalons,Jean droit,L,1,59.9,0,59.9
11355,2025-05-05,C0070,En ligne,Vestes,Coupe-vent,S,1,64.9,0,64.9
11356,2025-05-05,C0041,En ligne,T-shirts,T-shirt imprimé,M,2,24.9,0,49.8
11357,2025-05-05,C0083,En ligne,Accessoires,Sac banane,Unique,1,34.9,0,34.9
11358,2025-05-05,C0025,Boutique,T-shirts,T-shirt imprimé,S,1,24.9,0,24.9
11358,2025-05-05,C0025,Boutique,Pantalons,Jean droit,XL,1,59.9,0,59.9
11359,2025-05-05,C0088,En ligne,T-shirts,T-shirt oversize,XL,1,29.9,0,29.9
11360,2025-05-05,C0019,Boutique,T-shirts,T-shirt basique,L,1,19.9,0,19.9
11360,2025-05-05,C0019,Boutique,Chaussures,Baskets blanches,44,2,89.9,0,179.8
11361,2025-05-05,C0070,En ligne,Accessoires,Sac banane,Unique,1,34.9,0,34.9
11361,2025-05-05,C0070,En ligne,T-shirts,T-shirt oversize,XL,1,29.9,0,29.9
11362,2025-05-05,C0063,Boutique,Accessoires,Ceinture,Unique,1,29.9,0,29.9
11363,2025-05-05,C0466,Boutique,T-shirts,T-shirt oversize,XL,1,29.9,0,29.9
11364,2025-05-06,C0033,Boutique,T-shirts,T-shirt imprimé,M,1,24.9,0,24.9
11365,2025-05-06,C0555,Boutique,T-shirts,T-shirt oversize,XL,1,29.9,0,29.9
11365,2025-05-06,C0555,Boutique,Pulls & sweats,Pull en laine,M,1,59.9,0,59.9
11365,2025-05-06,C0555,Boutique,Accessoires,Ceinture,Unique,1,29.9,0,29.9
11366,2025-05-06,C0052,En ligne,T-shirts,T-shirt oversize,S,1,29.9,0,29.9
11367,2025-05-06,C0676,Boutique,Pantalons,Jogging,M,1,34.9,0,34.9
11368,2025-05-06,C0061,En ligne,Pulls & sweats,Sweat col rond,S,1,39.9,0,39.9
11368,2025-05-06,C0061,En ligne,Pulls & sweats,Sweat à capuche,XL,1,49.9,0,49.9
11369,2025-05-06,C0454,En ligne,Pantalons,Jean droit,L,1,59.9,0,59.9
11370,2025-05-06,C0160,Boutique,Accessoires,Bonnet,Unique,1,17.9,0,17.9
11371,2025-05-06,C0889,Boutique,Pantalons,Jean slim,L,1,54.9,0,54.9
11371,2025-05-06,C0889,Boutique,T-shirts,T-shirt basique,L,2,19.9,0,39.8
11372,2025-05-06,C0012,Boutique,T-shirts,T-shirt basique,M,2,19.9,0,39.8
11372,2025-05-06,C0012,Boutique,T-shirts,T-shirt oversize,M,2,29.9,0,59.8
11372,2025-05-06,C0012,Boutique,Accessoires,Ceinture,Unique,1,29.9,0,29.9
11373,2025-05-06,C0039,En ligne,Accessoires,Bonnet,Unique,1,17.9,0,17.9
11374,2025-05-07,C0576,Boutique,Accessoires,Bonnet,Unique,2,17.9,0,35.8
11375,2025-05-07,C0151,Boutique,T-shirts,T-shirt imprimé,M,1,24.9,0,24.9
11376,2025-05-07,C0601,Boutique,Accessoires,Sac banane,Unique,1,34.9,0,34.9
11376,2025-05-07,C0601,Boutique,Pantalons,Jean slim,XL,2,54.9,0,109.8
11377,2025-05-07,C0348,Boutique,T-shirts,T-shirt basique,L,1,19.9,0,19.9
11377,2025-05-07,C0348,Boutique,Accessoires,Casquette,Unique,2,19.9,0,39.8
11378,2025-05-07,C0685,En ligne,Pulls & sweats,Sweat à capuche,XL,1,49.9,0,49.9
11378,2025-05-07,C0685,En ligne,Pantalons,Jogging,M,2,34.9,0,69.8
11379,2025-05-07,C0066,En ligne,Accessoires,Ceinture,Unique,1,29.9,0,29.9
11380,2025-05-07,C0084,En ligne,Pantalons,Jogging,S,1,34.9,0,34.9
11381,2025-05-07,C0673,Boutique,Pantalons,Jean droit,XL,2,59.9,0,119.8
11382,2025-05-07,C0074,En ligne,Accessoires,Ceinture,Unique,1,29.9,0,29.9
11383,2025-05-07,C0277,Boutique,Accessoires,Ceinture,Unique,1,29.9,0,29.9
11384,2025-05-07,C0045,Boutique,Pantalons,Pantalon cargo,M,1,49.9,0,49.9
11385,2025-05-07,C0825,Boutique,Pantalons,Jean slim,S,1,54.9,0,54.9
11386,2025-05-07,C0249,En ligne,T-shirts,T-shirt basique,L,1,19.9,0,19.9
11387,2025-05-07,C0002,Boutique,Accessoires,Casquette,Unique,1,19.9,0,19.9
11388,2025-05-07,C0893,Boutique,Pulls & sweats,Sweat col rond,S,1,39.9,0,39.9
11388,2025-05-07,C0893,Boutique,Chaussures,Baskets blanches,39,2,89.9,0,179.8
11389,2025-05-07,C0092,Boutique,Accessoires,Bonnet,Unique,1,17.9,0,17.9
11390,2025-05-07,C0397,Boutique,Pantalons,Jean droit,M,1,59.9,0,59.9
11391,2025-05-07,C0481,En ligne,Accessoires,Casquette,Unique,1,19.9,0,19.9
11391,2025-05-07,C0481,En ligne,Pantalons,Jean slim,S,1,54.9,0,54.9
11392,2025-05-07,C0070,Boutique,T-shirts,T-shirt basique,L,1,19.9,0,19.9
11393,2025-05-07,C0234,En ligne,Pantalons,Jogging,S,1,34.9,0,34.9
11393,2025-05-07,C0234,En ligne,Pulls & sweats,Pull en laine,M,1,59.9,0,59.9
11394,2025-05-08,C0700,En ligne,T-shirts,T-shirt basique,XL,1,19.9,0,19.9
11394,2025-05-08,C0700,En ligne,T-shirts,T-shirt imprimé,L,1,24.9,0,24.9
11395,2025-05-08,C0013,Boutique,Pulls & sweats,Pull en laine,M,1,59.9,0,59.9
11395,2025-05-08,C0013,Boutique,Accessoires,Sac banane,Unique,1,34.9,0,34.9
11396,2025-05-08,C0462,Boutique,Pulls & sweats,Pull en laine,M,1,59.9,0,59.9
11396,2025-05-08,C0462,Boutique,Accessoires,Bonnet,Unique,1,17.9,0,17.9
11397,2025-05-08,C0089,Boutique,Pantalons,Jogging,XL,1,34.9,0,34.9
11398,2025-05-08,C0146,Boutique,Accessoires,Bonnet,Unique,1,17.9,0,17.9
11399,2025-05-08,C0112,Boutique,T-shirts,T-shirt oversize,S,2,29.9,0,59.8
11400,2025-05-08,C0223,En ligne,T-shirts,T-shirt imprimé,M,1,24.9,0,24.9
11401,2025-05-08,C0107,Boutique,T-shirts,T-shirt imprimé,M,1,24.9,0,24.9
11402,2025-05-08,C0873,En ligne,T-shirts,T-shirt basique,M,1,19.9,0,19.9
11402,2025-05-08,C0873,En ligne,Pantalons,Pantalon cargo,M,1,49.9,0,49.9
11402,2025-05-08,C0873,En ligne,Pantalons,Jean droit,XS,1,59.9,0,59.9
11403,2025-05-08,C0021,Boutique,Vestes,Coupe-vent,S,1,64.9,0,64.9
11404,2025-05-08,C0093,Boutique,T-shirts,T-shirt oversize,XS,2,29.9,0,59.8
11404,2025-05-08,C0093,Boutique,Pantalons,Jogging,XL,1,34.9,0,34.9
11405,2025-05-08,C0893,Boutique,Accessoires,Ceinture,Unique,1,29.9,0,29.9
11405,2025-05-08,C0893,Boutique,Pantalons,Pantalon cargo,XL,1,49.9,0,49.9
11406,2025-05-08,C0801,Boutique,T-shirts,T-shirt oversize,L,1,29.9,0,29.9
11406,2025-05-08,C0801,Boutique,T-shirts,T-shirt oversize,XS,1,29.9,0,29.9
11406,2025-05-08,C0801,Boutique,Pantalons,Jean slim,S,1,54.9,0,54.9
11407,2025-05-08,C0068,Boutique,Accessoires,Écharpe,Unique,1,24.9,0,24.9
11407,2025-05-08,C0068,Boutique,Pulls & sweats,Sweat à capuche,S,1,49.9,0,49.9
11408,2025-05-08,C0109,Boutique,T-shirts,T-shirt basique,L,1,19.9,0,19.9
11409,2025-05-08,C0150,Boutique,Pantalons,Pantalon cargo,M,1,49.9,0,49.9
11409,2025-05-08,C0150,Boutique,Accessoires,Bonnet,Unique,2,17.9,0,35.8
11409,2025-05-08,C0150,Boutique,Vestes,Doudoune,XS,1,119.9,0,119.9
11410,2025-05-08,C0537,Boutique,Accessoires,Ceinture,Unique,1,29.9,0,29.9
11411,2025-05-08,C0306,En ligne,T-shirts,T-shirt oversize,M,1,29.9,0,29.9
11412,2025-05-08,C0100,Boutique,Vestes,Coupe-vent,M,1,64.9,0,64.9
11413,2025-05-09,C0203,Boutique,T-shirts,T-shirt basique,XS,1,19.9,0,19.9
11414,2025-05-09,C0042,Boutique,Pulls & sweats,Sweat col rond,XS,1,39.9,0,39.9
11415,2025-05-09,C0332,Boutique,Accessoires,Casquette,Unique,1,19.9,0,19.9
11416,2025-05-09,C0097,Boutique,T-shirts,T-shirt oversize,M,1,29.9,0,29.9
11416,2025-05-09,C0097,Boutique,Accessoires,Bonnet,Unique,1,17.9,0,17.9
11417,2025-05-09,C0731,En ligne,Accessoires,Écharpe,Unique,1,24.9,0,24.9
11417,2025-05-09,C0731,En ligne,Pulls & sweats,Sweat à capuche,M,1,49.9,0,49.9
11418,2025-05-09,C0658,Boutique,Pantalons,Jean slim,M,1,54.9,0,54.9
11418,2025-05-09,C0658,Boutique,T-shirts,T-shirt imprimé,XS,1,24.9,0,24.9
11419,2025-05-09,C0025,En ligne,T-shirts,T-shirt basique,L,1,19.9,0,19.9
11419,2025-05-09,C0025,En ligne,Accessoires,Bonnet,Unique,1,17.9,0,17.9
11420,2025-05-09,C0097,Boutique,Pantalons,Pantalon cargo,L,1,49.9,0,49.9
11421,2025-05-09,C0564,En ligne,T-shirts,T-shirt basique,XS,1,19.9,0,19.9
11422,2025-05-09,C0596,Boutique,Accessoires,Ceinture,Unique,1,29.9,0,29.9
11423,2025-05-10,C0643,Boutique,Pantalons,Jogging,S,1,34.9,0,34.9
11424,2025-05-10,C0343,En ligne,Pulls & sweats,Sweat col rond,XS,1,39.9,0,39.9
11424,2025-05-10,C0343,En ligne,Vestes,Coupe-vent,L,1,64.9,0,64.9
11425,2025-05-10,C0015,En ligne,Chaussures,Baskets blanches,43,1,89.9,0,89.9
11425,2025-05-10,C0015,En ligne,Chaussures,Bottines,44,1,109.9,0,109.9
11426,2025-05-10,C0076,Boutique,T-shirts,T-shirt oversize,XL,1,29.9,0,29.9
11427,2025-05-10,C0223,Boutique,T-shirts,T-shirt basique,S,2,19.9,0,39.8
11428,2025-05-10,C0398,Boutique,Pulls & sweats,Sweat à capuche,M,2,49.9,0,99.8
11429,2025-05-10,C0815,Boutique,T-shirts,T-shirt oversize,XS,1,29.9,0,29.9
11429,2025-05-10,C0815,Boutique,T-shirts,T-shirt basique,XL,2,19.9,0,39.8
11430,2025-05-10,C0311,Boutique,Accessoires,Casquette,Unique,1,19.9,0,19.9
11430,2025-05-10,C0311,Boutique,T-shirts,T-shirt basique,L,2,19.9,0,39.8
11431,2025-05-10,C0036,Boutique,Chaussures,Baskets blanches,41,1,89.9,0,89.9
11432,2025-05-10,C0820,Boutique,Vestes,Coupe-vent,XL,1,64.9,0,64.9
11433,2025-05-10,C0179,En ligne,T-shirts,T-shirt oversize,S,1,29.9,0,29.9
11434,2025-05-10,C0073,Boutique,T-shirts,T-shirt basique,M,1,19.9,0,19.9
11434,2025-05-10,C0073,Boutique,T-shirts,T-shirt imprimé,M,1,24.9,0,24.9
11435,2025-05-10,C0591,Boutique,Accessoires,Écharpe,Unique,1,24.9,0,24.9
11435,2025-05-10,C0591,Boutique,Chaussures,Baskets blanches,39,1,89.9,0,89.9
11436,2025-05-10,C0893,En ligne,Accessoires,Casquette,Unique,2,19.9,0,39.8
11436,2025-05-10,C0893,En ligne,Accessoires,Ceinture,Unique,1,29.9,0,29.9
11437,2025-05-10,C0811,En ligne,T-shirts,T-shirt imprimé,M,1,24.9,0,24.9
11437,2025-05-10,C0811,En ligne,Accessoires,Sac banane,Unique,1,34.9,0,34.9
11438,2025-05-10,C0381,Boutique,Pulls & sweats,Sweat col rond,S,1,39.9,0,39.9
11439,2025-05-10,C0479,Boutique,T-shirts,T-shirt oversize,M,1,29.9,0,29.9
11439,2025-05-10,C0479,Boutique,Pantalons,Pantalon cargo,S,2,49.9,0,99.8
11440,2025-05-10,C0018,Boutique,Pantalons,Jean droit,M,2,59.9,0,119.8
11441,2025-05-10,C0641,En ligne,Vestes,Coupe-vent,L,1,64.9,0,64.9
11442,2025-05-10,C0105,Boutique,Pulls & sweats,Pull en laine,XL,2,59.9,0,119.8
11442,2025-05-10,C0105,Boutique,Pantalons,Jean slim,S,1,54.9,0,54.9
11443,2025-05-10,C0169,Boutique,Chaussures,Bottines,44,1,109.9,0,109.9
11443,2025-05-10,C0169,Boutique,Accessoires,Écharpe,Unique,1,24.9,0,24.9
11444,2025-05-10,C0085,Boutique,Pulls & sweats,Pull en laine,XL,1,59.9,0,59.9
11445,2025-05-10,C0083,Boutique,Accessoires,Bonnet,Unique,1,17.9,0,17.9
11445,2025-05-10,C0083,Boutique,Accessoires,Sac banane,Unique,1,34.9,0,34.9
11446,2025-05-10,C0074,Boutique,Chaussures,Bottines,43,1,109.9,0,109.9
11447,2025-05-10,C0835,En ligne,Pulls & sweats,Sweat à capuche,L,1,49.9,0,49.9
11448,2025-05-10,C0033,Boutique,Accessoires,Ceinture,Unique,1,29.9,0,29.9
11449,2025-05-10,C0352,Boutique,Pulls & sweats,Sweat col rond,L,2,39.9,0,79.8
11450,2025-05-10,C0696,Boutique,Pulls & sweats,Sweat à capuche,M,1,49.9,0,49.9
11451,2025-05-10,C0771,Boutique,Chaussures,Sneakers running,44,2,99.9,0,199.8
11452,2025-05-10,C0028,Boutique,Chaussures,Baskets blanches,43,1,89.9,0,89.9
11452,2025-05-10,C0028,Boutique,T-shirts,T-shirt basique,L,1,19.9,0,19.9
11452,2025-05-10,C0028,Boutique,Accessoires,Ceinture,Unique,1,29.9,0,29.9
11453,2025-05-10,C0078,Boutique,Pulls & sweats,Sweat col rond,S,2,39.9,0,79.8
11454,2025-05-10,C0011,Boutique,Vestes,Doudoune,M,2,119.9,0,239.8
11455,2025-05-10,C0475,En ligne,Accessoires,Sac banane,Unique,1,34.9,0,34.9
11456,2025-05-12,C0503,En ligne,Accessoires,Casquette,Unique,1,19.9,0,19.9
11457,2025-05-12,C0015,Boutique,T-shirts,T-shirt imprimé,XS,1,24.9,0,24.9
11457,2025-05-12,C0015,Boutique,Chaussures,Sneakers running,42,2,99.9,0,199.8
11457,2025-05-12,C0015,Boutique,T-shirts,T-shirt basique,L,1,19.9,0,19.9
11458,2025-05-12,C0506,En ligne,Chaussures,Baskets blanches,40,1,89.9,0,89.9
11459,2025-05-12,C0078,Boutique,Pulls & sweats,Sweat col rond,L,1,39.9,0,39.9
11460,2025-05-12,C0378,Boutique,Pantalons,Pantalon cargo,L,1,49.9,0,49.9
11461,2025-05-12,C0012,En ligne,Pulls & sweats,Pull en laine,S,1,59.9,0,59.9
11461,2025-05-12,C0012,En ligne,Accessoires,Bonnet,Unique,1,17.9,0,17.9
11461,2025-05-12,C0012,En ligne,T-shirts,T-shirt oversize,S,1,29.9,0,29.9
11462,2025-05-12,C0560,Boutique,T-shirts,T-shirt oversize,M,1,29.9,0,29.9
11463,2025-05-12,C0238,En ligne,Chaussures,Bottines,39,1,109.9,0,109.9
11464,2025-05-12,C0013,En ligne,Pantalons,Jean slim,L,1,54.9,0,54.9
11464,2025-05-12,C0013,En ligne,Pulls & sweats,Sweat à capuche,L,2,49.9,0,99.8
11465,2025-05-12,C0061,Boutique,T-shirts,T-shirt oversize,M,1,29.9,0,29.9
11466,2025-05-12,C0150,Boutique,T-shirts,T-shirt basique,XL,1,19.9,0,19.9
11466,2025-05-12,C0150,Boutique,T-shirts,T-shirt basique,L,1,19.9,0,19.9
11467,2025-05-12,C0371,Boutique,Pulls & sweats,Pull en laine,M,1,59.9,0,59.9
11467,2025-05-12,C0371,Boutique,Pulls & sweats,Sweat à capuche,XL,1,49.9,0,49.9
11468,2025-05-12,C0078,Boutique,Accessoires,Ceinture,Unique,1,29.9,0,29.9
11469,2025-05-12,C0417,Boutique,T-shirts,T-shirt oversize,M,1,29.9,0,29.9
11469,2025-05-12,C0417,Boutique,T-shirts,T-shirt oversize,XS,1,29.9,0,29.9
11470,2025-05-12,C0115,Boutique,T-shirts,T-shirt imprimé,M,1,24.9,0,24.9
11470,2025-05-12,C0115,Boutique,Accessoires,Écharpe,Unique,1,24.9,0,24.9
11471,2025-05-13,C0061,Boutique,Accessoires,Sac banane,Unique,1,34.9,0,34.9
11472,2025-05-13,C0620,Boutique,T-shirts,T-shirt imprimé,M,1,24.9,0,24.9
11472,2025-05-13,C0620,Boutique,Pulls & sweats,Sweat col rond,XS,1,39.9,0,39.9
11473,2025-05-13,C0278,Boutique,T-shirts,T-shirt imprimé,M,2,24.9,0,49.8
11474,2025-05-13,C0040,En ligne,Vestes,Veste en jean,M,1,79.9,0,79.9
11475,2025-05-13,C0787,Boutique,Accessoires,Écharpe,Unique,1,24.9,0,24.9
11475,2025-05-13,C0787,Boutique,Chaussures,Sneakers running,41,1,99.9,0,99.9
11476,2025-05-13,C0060,Boutique,Chaussures,Bottines,40,1,109.9,0,109.9
11477,2025-05-13,C0649,Boutique,Vestes,Veste en jean,M,1,79.9,0,79.9
11478,2025-05-13,C0582,Boutique,T-shirts,T-shirt basique,XL,1,19.9,0,19.9
11479,2025-05-13,C0403,En ligne,Accessoires,Ceinture,Unique,1,29.9,0,29.9
11480,2025-05-13,C0598,Boutique,Pulls & sweats,Pull en laine,M,1,59.9,0,59.9
11481,2025-05-14,C0610,En ligne,Pulls & sweats,Sweat à capuche,M,1,49.9,0,49.9
11482,2025-05-14,C0056,En ligne,T-shirts,T-shirt oversize,L,1,29.9,0,29.9
11483,2025-05-14,C0704,Boutique,Vestes,Doudoune,M,1,119.9,0,119.9
11484,2025-05-14,C0284,En ligne,T-shirts,T-shirt oversize,S,1,29.9,0,29.9
11485,2025-05-14,C0861,En ligne,Pantalons,Jean droit,XL,1,59.9,0,59.9
11486,2025-05-14,C0070,Boutique,T-shirts,T-shirt oversize,XL,1,29.9,0,29.9
11486,2025-05-14,C0070,Boutique,Accessoires,Casquette,Unique,1,19.9,0,19.9
11486,2025-05-14,C0070,Boutique,Accessoires,Bonnet,Unique,1,17.9,0,17.9
11487,2025-05-14,C0178,Boutique,T-shirts,T-shirt oversize,M,1,29.9,0,29.9
11488,2025-05-14,C0396,Boutique,Accessoires,Ceinture,Unique,1,29.9,0,29.9
11489,2025-05-14,C0757,Boutique,Chaussures,Baskets blanches,41,1,89.9,0,89.9
11489,2025-05-14,C0757,Boutique,T-shirts,T-shirt oversize,L,1,29.9,0,29.9
11490,2025-05-14,C0330,En ligne,Pulls & sweats,Pull en laine,M,1,59.9,0,59.9
11491,2025-05-14,C0616,Boutique,T-shirts,T-shirt imprimé,M,1,24.9,0,24.9
11491,2025-05-14,C0616,Boutique,Pulls & sweats,Sweat à capuche,XL,1,49.9,0,49.9
11492,2025-05-14,C0113,Boutique,Accessoires,Bonnet,Unique,1,17.9,0,17.9
11493,2025-05-14,C0092,Boutique,Pulls & sweats,Pull en laine,M,1,59.9,0,59.9
11494,2025-05-15,C0357,En ligne,Accessoires,Ceinture,Unique,1,29.9,0,29.9
11495,2025-05-15,C0075,Boutique,Accessoires,Casquette,Unique,2,19.9,0,39.8
11496,2025-05-15,C0098,En ligne,T-shirts,T-shirt oversize,XS,1,29.9,0,29.9
11496,2025-05-15,C0098,En ligne,T-shirts,T-shirt imprimé,S,1,24.9,0,24.9
11497,2025-05-15,C0286,Boutique,Pulls & sweats,Sweat à capuche,S,1,49.9,0,49.9
11498,2025-05-15,C0007,Boutique,Accessoires,Bonnet,Unique,1,17.9,0,17.9
11498,2025-05-15,C0007,Boutique,Pantalons,Jogging,S,2,34.9,0,69.8
11499,2025-05-15,C0201,Boutique,Chaussures,Bottines,40,1,109.9,0,109.9
11500,2025-05-15,C0798,Boutique,Chaussures,Baskets blanches,40,1,89.9,0,89.9
11500,2025-05-15,C0798,Boutique,T-shirts,T-shirt basique,S,1,19.9,0,19.9
11501,2025-05-15,C0105,En ligne,T-shirts,T-shirt basique,M,1,19.9,0,19.9
11502,2025-05-15,C0248,Boutique,Pantalons,Pantalon cargo,M,1,49.9,0,49.9
11502,2025-05-15,C0248,Boutique,Chaussures,Sneakers running,44,1,99.9,0,99.9
11503,2025-05-15,C0044,En ligne,T-shirts,T-shirt imprimé,M,1,24.9,0,24.9
11504,2025-05-16,C0564,Boutique,Pantalons,Pantalon cargo,M,1,49.9,0,49.9
11505,2025-05-16,C0415,Boutique,Pulls & sweats,Sweat col rond,S,2,39.9,0,79.8
11506,2025-05-16,C0010,Boutique,Pulls & sweats,Sweat col rond,M,2,39.9,0,79.8
11507,2025-05-16,C0004,Boutique,T-shirts,T-shirt imprimé,L,1,24.9,0,24.9
11508,2025-05-16,C0605,Boutique,Vestes,Veste en jean,S,1,79.9,0,79.9
11508,2025-05-16,C0605,Boutique,Accessoires,Ceinture,Unique,1,29.9,0,29.9
11509,2025-05-16,C0092,Boutique,Pantalons,Jogging,S,2,34.9,0,69.8
11509,2025-05-16,C0092,Boutique,T-shirts,T-shirt oversize,S,2,29.9,0,59.8
11510,2025-05-16,C0060,Boutique,Accessoires,Casquette,Unique,1,19.9,0,19.9
11510,2025-05-16,C0060,Boutique,Pulls & sweats,Sweat col rond,XS,1,39.9,0,39.9
11511,2025-05-16,C0868,Boutique,T-shirts,T-shirt oversize,XL,1,29.9,0,29.9
11512,2025-05-16,C0092,Boutique,Pantalons,Pantalon cargo,M,1,49.9,0,49.9
11513,2025-05-16,C0472,Boutique,Pulls & sweats,Sweat col rond,XL,1,39.9,0,39.9
11514,2025-05-16,C0444,Boutique,Chaussures,Sneakers running,43,1,99.9,0,99.9
11515,2025-05-16,C0020,Boutique,Vestes,Veste en jean,L,1,79.9,0,79.9
11516,2025-05-16,C0098,Boutique,Pulls & sweats,Pull en laine,XS,1,59.9,0,59.9
11517,2025-05-16,C0018,En ligne,Pulls & sweats,Sweat à capuche,M,1,49.9,0,49.9
11518,2025-05-16,C0216,En ligne,Accessoires,Écharpe,Unique,1,24.9,0,24.9
11519,2025-05-17,C0170,Boutique,T-shirts,T-shirt imprimé,M,1,24.9,0,24.9
11520,2025-05-17,C0382,Boutique,T-shirts,T-shirt oversize,XL,1,29.9,0,29.9
11520,2025-05-17,C0382,Boutique,Chaussures,Sneakers running,43,1,99.9,0,99.9
11520,2025-05-17,C0382,Boutique,T-shirts,T-shirt oversize,M,1,29.9,0,29.9
11521,2025-05-17,C0826,Boutique,T-shirts,T-shirt basique,S,1,19.9,0,19.9
11521,2025-05-17,C0826,Boutique,Accessoires,Écharpe,Unique,1,24.9,0,24.9
11522,2025-05-17,C0415,En ligne,Accessoires,Écharpe,Unique,1,24.9,0,24.9
11523,2025-05-17,C0029,Boutique,Accessoires,Ceinture,Unique,2,29.9,0,59.8
11524,2025-05-17,C0715,Boutique,Chaussures,Bottines,41,1,109.9,0,109.9
11525,2025-05-17,C0021,Boutique,Vestes,Veste en jean,XS,2,79.9,0,159.8
11525,2025-05-17,C0021,Boutique,Pulls & sweats,Pull en laine,M,1,59.9,0,59.9
11525,2025-05-17,C0021,Boutique,T-shirts,T-shirt imprimé,S,1,24.9,0,24.9
11526,2025-05-17,C0504,Boutique,T-shirts,T-shirt imprimé,S,1,24.9,0,24.9
11527,2025-05-17,C0169,Boutique,Pantalons,Jean slim,S,1,54.9,0,54.9
11528,2025-05-17,C0154,Boutique,T-shirts,T-shirt oversize,XL,1,29.9,0,29.9
11529,2025-05-17,C0023,En ligne,Accessoires,Écharpe,Unique,1,24.9,0,24.9
11530,2025-05-17,C0022,Boutique,T-shirts,T-shirt oversize,XS,1,29.9,0,29.9
11531,2025-05-17,C0119,En ligne,Pulls & sweats,Pull en laine,M,1,59.9,0,59.9
11532,2025-05-17,C0539,En ligne,T-shirts,T-shirt imprimé,S,1,24.9,0,24.9
11532,2025-05-17,C0539,En ligne,Vestes,Coupe-vent,M,1,64.9,0,64.9
11533,2025-05-17,C0037,En ligne,Vestes,Coupe-vent,M,1,64.9,0,64.9
11533,2025-05-17,C0037,En ligne,Accessoires,Écharpe,Unique,1,24.9,0,24.9
11534,2025-05-17,C0411,Boutique,Accessoires,Écharpe,Unique,1,24.9,0,24.9
11534,2025-05-17,C0411,Boutique,T-shirts,T-shirt imprimé,S,1,24.9,0,24.9
11534,2025-05-17,C0411,Boutique,T-shirts,T-shirt oversize,S,2,29.9,0,59.8
11535,2025-05-17,C0130,En ligne,Chaussures,Sneakers running,40,1,99.9,0,99.9
11536,2025-05-17,C0446,Boutique,Vestes,Coupe-vent,M,1,64.9,0,64.9
11536,2025-05-17,C0446,Boutique,Accessoires,Bonnet,Unique,2,17.9,0,35.8
11536,2025-05-17,C0446,Boutique,Vestes,Veste en jean,S,1,79.9,0,79.9
11537,2025-05-17,C0005,Boutique,Pulls & sweats,Pull en laine,XL,1,59.9,0,59.9
11537,2025-05-17,C0005,Boutique,Chaussures,Bottines,41,1,109.9,0,109.9
11538,2025-05-17,C0725,Boutique,Accessoires,Sac banane,Unique,2,34.9,0,69.8
11539,2025-05-17,C0112,Boutique,Pulls & sweats,Pull en laine,M,2,59.9,0,119.8
11539,2025-05-17,C0112,Boutique,T-shirts,T-shirt basique,M,1,19.9,0,19.9
11539,2025-05-17,C0112,Boutique,Accessoires,Bonnet,Unique,1,17.9,0,17.9
11540,2025-05-19,C0729,Boutique,Pulls & sweats,Sweat à capuche,L,1,49.9,0,49.9
11540,2025-05-19,C0729,Boutique,Pantalons,Jean droit,L,1,59.9,0,59.9
11541,2025-05-19,C0762,Boutique,Accessoires,Sac banane,Unique,1,34.9,0,34.9
11542,2025-05-19,C0446,Boutique,T-shirts,T-shirt oversize,S,1,29.9,0,29.9
11542,2025-05-19,C0446,Boutique,Accessoires,Ceinture,Unique,1,29.9,0,29.9
11543,2025-05-19,C0053,Boutique,T-shirts,T-shirt imprimé,XL,2,24.9,0,49.8
11543,2025-05-19,C0053,Boutique,Vestes,Doudoune,L,2,119.9,0,239.8
11543,2025-05-19,C0053,Boutique,T-shirts,T-shirt imprimé,L,1,24.9,0,24.9
11544,2025-05-19,C0030,Boutique,Pulls & sweats,Sweat à capuche,XS,1,49.9,0,49.9
11545,2025-05-19,C0461,En ligne,T-shirts,T-shirt basique,S,1,19.9,0,19.9
11546,2025-05-19,C0560,Boutique,Accessoires,Écharpe,Unique,1,24.9,0,24.9
11547,2025-05-19,C0509,Boutique,Vestes,Veste en jean,L,1,79.9,0,79.9
11548,2025-05-20,C0399,Boutique,Pantalons,Jean droit,M,1,59.9,0,59.9
11549,2025-05-20,C0032,Boutique,T-shirts,T-shirt oversize,S,1,29.9,0,29.9
11550,2025-05-20,C0033,Boutique,T-shirts,T-shirt basique,L,1,19.9,0,19.9
11550,2025-05-20,C0033,Boutique,Pulls & sweats,Sweat col rond,L,1,39.9,0,39.9
11550,2025-05-20,C0033,Boutique,T-shirts,T-shirt basique,L,2,19.9,0,39.8
11551,2025-05-20,C0031,En ligne,Chaussures,Bottines,39,2,109.9,0,219.8
11551,2025-05-20,C0031,En ligne,Chaussures,Bottines,43,1,109.9,0,109.9
11552,2025-05-20,C0126,Boutique,Chaussures,Bottines,41,1,109.9,0,109.9
11552,2025-05-20,C0126,Boutique,T-shirts,T-shirt basique,S,1,19.9,0,19.9
11553,2025-05-20,C0117,Boutique,Chaussures,Baskets blanches,41,1,89.9,0,89.9
11553,2025-05-20,C0117,Boutique,T-shirts,T-shirt oversize,M,1,29.9,0,29.9
11553,2025-05-20,C0117,Boutique,Accessoires,Écharpe,Unique,1,24.9,0,24.9
11554,2025-05-20,C0812,Boutique,Pantalons,Jogging,S,1,34.9,0,34.9
11555,2025-05-20,C0793,Boutique,Accessoires,Bonnet,Unique,1,17.9,0,17.9
11555,2025-05-20,C0793,Boutique,Accessoires,Ceinture,Unique,1,29.9,0,29.9
11556,2025-05-20,C0330,Boutique,T-shirts,T-shirt imprimé,M,1,24.9,0,24.9
11557,2025-05-20,C0086,Boutique,Pulls & sweats,Sweat à capuche,L,2,49.9,0,99.8
11557,2025-05-20,C0086,Boutique,T-shirts,T-shirt basique,M,1,19.9,0,19.9
11558,2025-05-20,C0018,Boutique,Pantalons,Pantalon cargo,L,1,49.9,0,49.9
11559,2025-05-20,C0654,Boutique,Accessoires,Écharpe,Unique,1,24.9,0,24.9
11560,2025-05-20,C0039,Boutique,Chaussures,Bottines,41,2,109.9,0,219.8
11560,2025-05-20,C0039,Boutique,Pulls & sweats,Pull en laine,XL,2,59.9,0,119.8
11560,2025-05-20,C0039,Boutique,Pulls & sweats,Pull en laine,S,1,59.9,0,59.9
11561,2025-05-20,C0037,Boutique,Accessoires,Sac banane,Unique,1,34.9,0,34.9
11561,2025-05-20,C0037,Boutique,Accessoires,Écharpe,Unique,1,24.9,0,24.9
11562,2025-05-20,C0787,Boutique,T-shirts,T-shirt basique,XS,1,19.9,0,19.9
11562,2025-05-20,C0787,Boutique,T-shirts,T-shirt imprimé,M,1,24.9,0,24.9
11563,2025-05-20,C0880,En ligne,Accessoires,Sac banane,Unique,1,34.9,0,34.9
11563,2025-05-20,C0880,En ligne,Pantalons,Pantalon cargo,M,1,49.9,0,49.9
11564,2025-05-20,C0320,Boutique,Vestes,Veste en jean,S,1,79.9,0,79.9
11565,2025-05-21,C0115,Boutique,Pulls & sweats,Sweat col rond,S,1,39.9,0,39.9
11566,2025-05-21,C0814,En ligne,T-shirts,T-shirt oversize,S,1,29.9,0,29.9
11567,2025-05-21,C0482,En ligne,T-shirts,T-shirt oversize,XL,1,29.9,0,29.9
11567,2025-05-21,C0482,En ligne,T-shirts,T-shirt oversize,M,2,29.9,0,59.8
11568,2025-05-21,C0863,En ligne,T-shirts,T-shirt basique,M,1,19.9,0,19.9
11569,2025-05-21,C0300,Boutique,Pantalons,Pantalon cargo,M,1,49.9,0,49.9
11570,2025-05-21,C0724,Boutique,Pantalons,Jean slim,S,1,54.9,0,54.9
11570,2025-05-21,C0724,Boutique,T-shirts,T-shirt basique,L,1,19.9,0,19.9
11571,2025-05-21,C0688,En ligne,T-shirts,T-shirt basique,L,1,19.9,0,19.9
11571,2025-05-21,C0688,En ligne,Chaussures,Baskets blanches,41,2,89.9,0,179.8
11572,2025-05-21,C0589,En ligne,T-shirts,T-shirt oversize,S,1,29.9,0,29.9
11573,2025-05-21,C0019,En ligne,T-shirts,T-shirt imprimé,M,1,24.9,0,24.9
11573,2025-05-21,C0019,En ligne,Vestes,Coupe-vent,L,1,64.9,0,64.9
11574,2025-05-21,C0150,En ligne,Accessoires,Bonnet,Unique,1,17.9,0,17.9
11575,2025-05-21,C0448,En ligne,Pantalons,Jean slim,L,1,54.9,0,54.9
11576,2025-05-21,C0537,En ligne,Accessoires,Bonnet,Unique,1,17.9,0,17.9
11577,2025-05-21,C0099,En ligne,Pantalons,Jogging,L,1,34.9,0,34.9
11577,2025-05-21,C0099,En ligne,Pantalons,Pantalon cargo,XL,1,49.9,0,49.9
11578,2025-05-21,C0062,En ligne,T-shirts,T-shirt basique,M,1,19.9,0,19.9
11578,2025-05-21,C0062,En ligne,Accessoires,Sac banane,Unique,1,34.9,0,34.9
11578,2025-05-21,C0062,En ligne,Accessoires,Casquette,Unique,1,19.9,0,19.9
11579,2025-05-21,C0033,Boutique,Vestes,Veste en jean,XS,1,79.9,0,79.9
11580,2025-05-21,C0110,En ligne,Accessoires,Sac banane,Unique,2,34.9,0,69.8
11581,2025-05-21,C0543,Boutique,Accessoires,Casquette,Unique,1,19.9,0,19.9
11581,2025-05-21,C0543,Boutique,T-shirts,T-shirt oversize,M,1,29.9,0,29.9
11582,2025-05-21,C0062,En ligne,Pulls & sweats,Pull en laine,L,1,59.9,0,59.9
11583,2025-05-21,C0644,Boutique,Vestes,Coupe-vent,M,1,64.9,0,64.9
11583,2025-05-21,C0644,Boutique,Vestes,Doudoune,L,1,119.9,0,119.9
11584,2025-05-21,C0098,En ligne,T-shirts,T-shirt oversize,XS,1,29.9,0,29.9
11585,2025-05-21,C0141,En ligne,T-shirts,T-shirt imprimé,L,1,24.9,0,24.9
11585,2025-05-21,C0141,En ligne,T-shirts,T-shirt oversize,S,1,29.9,0,29.9
11586,2025-05-21,C0224,Boutique,T-shirts,T-shirt oversize,XL,1,29.9,0,29.9
11587,2025-05-22,C0461,Boutique,Accessoires,Sac banane,Unique,1,34.9,0,34.9
11588,2025-05-22,C0811,Boutique,Accessoires,Bonnet,Unique,1,17.9,0,17.9
11588,2025-05-22,C0811,Boutique,Chaussures,Sneakers running,44,1,99.9,0,99.9
11589,2025-05-22,C0863,Boutique,Accessoires,Écharpe,Unique,1,24.9,0,24.9
11589,2025-05-22,C0863,Boutique,Pantalons,Jean droit,S,2,59.9,0,119.8
11589,2025-05-22,C0863,Boutique,Pulls & sweats,Pull en laine,L,2,59.9,0,119.8
11590,2025-05-22,C0169,En ligne,Vestes,Doudoune,S,1,119.9,0,119.9
11591,2025-05-22,C0240,Boutique,T-shirts,T-shirt basique,S,1,19.9,0,19.9
11591,2025-05-22,C0240,Boutique,T-shirts,T-shirt imprimé,S,1,24.9,0,24.9
11592,2025-05-22,C0117,Boutique,Chaussures,Bottines,42,1,109.9,0,109.9
11593,2025-05-22,C0009,Boutique,Pulls & sweats,Sweat à capuche,M,1,49.9,0,49.9
11594,2025-05-22,C0431,En ligne,T-shirts,T-shirt basique,M,1,19.9,0,19.9
11594,2025-05-22,C0431,En ligne,Chaussures,Baskets blanches,43,1,89.9,0,89.9
11595,2025-05-22,C0694,Boutique,Pantalons,Pantalon cargo,S,2,49.9,0,99.8
11595,2025-05-22,C0694,Boutique,Accessoires,Sac banane,Unique,1,34.9,0,34.9
11595,2025-05-22,C0694,Boutique,T-shirts,T-shirt imprimé,M,1,24.9,0,24.9
11596,2025-05-22,C0286,Boutique,Accessoires,Casquette,Unique,1,19.9,0,19.9
11596,2025-05-22,C0286,Boutique,Pulls & sweats,Sweat col rond,S,1,39.9,0,39.9
11597,2025-05-22,C0816,Boutique,T-shirts,T-shirt oversize,L,1,29.9,0,29.9
11597,2025-05-22,C0816,Boutique,Pantalons,Jogging,M,2,34.9,0,69.8
11597,2025-05-22,C0816,Boutique,Chaussures,Baskets blanches,40,1,89.9,0,89.9
11598,2025-05-22,C0238,Boutique,T-shirts,T-shirt oversize,XS,1,29.9,0,29.9
11599,2025-05-22,C0086,Boutique,T-shirts,T-shirt imprimé,L,1,24.9,0,24.9
11600,2025-05-22,C0063,Boutique,Accessoires,Bonnet,Unique,1,17.9,0,17.9
11601,2025-05-22,C0019,Boutique,Chaussures,Sneakers running,41,1,99.9,0,99.9
11602,2025-05-22,C0698,En ligne,T-shirts,T-shirt basique,L,1,19.9,0,19.9
11602,2025-05-22,C0698,En ligne,Chaussures,Sneakers running,41,1,99.9,0,99.9
11603,2025-05-22,C0096,Boutique,T-shirts,T-shirt basique,L,1,19.9,0,19.9
11604,2025-05-22,C0552,Boutique,Vestes,Coupe-vent,S,1,64.9,0,64.9
11605,2025-05-22,C0049,Boutique,Pantalons,Pantalon cargo,S,1,49.9,0,49.9
11605,2025-05-22,C0049,Boutique,T-shirts,T-shirt basique,M,1,19.9,0,19.9
11606,2025-05-23,C0079,En ligne,Pulls & sweats,Sweat col rond,M,1,39.9,0,39.9
11606,2025-05-23,C0079,En ligne,Pantalons,Jogging,XS,1,34.9,0,34.9
11607,2025-05-23,C0085,En ligne,Pulls & sweats,Pull en laine,L,1,59.9,0,59.9
11608,2025-05-23,C0020,Boutique,T-shirts,T-shirt basique,M,1,19.9,0,19.9
11609,2025-05-23,C0379,Boutique,Accessoires,Sac banane,Unique,1,34.9,0,34.9
11610,2025-05-23,C0092,En ligne,Pulls & sweats,Sweat à capuche,L,1,49.9,0,49.9
11611,2025-05-23,C0633,Boutique,Chaussures,Sneakers running,43,2,99.9,0,199.8
11611,2025-05-23,C0633,Boutique,T-shirts,T-shirt basique,L,1,19.9,0,19.9
11611,2025-05-23,C0633,Boutique,Accessoires,Ceinture,Unique,1,29.9,0,29.9
11612,2025-05-23,C0570,Boutique,T-shirts,T-shirt oversize,L,1,29.9,0,29.9
11612,2025-05-23,C0570,Boutique,T-shirts,T-shirt imprimé,XL,1,24.9,0,24.9
11613,2025-05-23,C0388,Boutique,Vestes,Veste en jean,S,1,79.9,0,79.9
11614,2025-05-23,C0090,Boutique,Chaussures,Sneakers running,44,1,99.9,0,99.9
11614,2025-05-23,C0090,Boutique,Vestes,Veste en jean,S,1,79.9,0,79.9
11615,2025-05-24,C0054,Boutique,Chaussures,Sneakers running,39,1,99.9,0,99.9
11616,2025-05-24,C0100,En ligne,T-shirts,T-shirt imprimé,XL,1,24.9,0,24.9
11617,2025-05-24,C0046,Boutique,Pulls & sweats,Sweat à capuche,L,1,49.9,0,49.9
11618,2025-05-24,C0378,Boutique,Pulls & sweats,Sweat col rond,S,1,39.9,0,39.9
11618,2025-05-24,C0378,Boutique,Pulls & sweats,Pull en laine,L,1,59.9,0,59.9
11619,2025-05-24,C0835,Boutique,T-shirts,T-shirt basique,M,1,19.9,0,19.9
11619,2025-05-24,C0835,Boutique,Pantalons,Jean droit,S,1,59.9,0,59.9
11619,2025-05-24,C0835,Boutique,Chaussures,Baskets blanches,44,1,89.9,0,89.9
11620,2025-05-24,C0089,Boutique,Vestes,Veste en jean,XL,1,79.9,0,79.9
11621,2025-05-24,C0098,Boutique,Pantalons,Pantalon cargo,S,2,49.9,0,99.8
11622,2025-05-24,C0827,En ligne,T-shirts,T-shirt oversize,M,1,29.9,0,29.9
11623,2025-05-24,C0127,Boutique,T-shirts,T-shirt oversize,L,1,29.9,0,29.9
11623,2025-05-24,C0127,Boutique,Pantalons,Jean droit,M,1,59.9,0,59.9
11624,2025-05-24,C0113,Boutique,T-shirts,T-shirt basique,M,2,19.9,0,39.8
11625,2025-05-24,C0777,Boutique,T-shirts,T-shirt oversize,L,2,29.9,0,59.8
11625,2025-05-24,C0777,Boutique,Chaussures,Sneakers running,39,2,99.9,0,199.8
11625,2025-05-24,C0777,Boutique,Accessoires,Bonnet,Unique,1,17.9,0,17.9
11626,2025-05-24,C0031,Boutique,Pulls & sweats,Sweat col rond,M,1,39.9,0,39.9
11627,2025-05-24,C0251,Boutique,Vestes,Veste en jean,S,1,79.9,0,79.9
11628,2025-05-24,C0123,Boutique,Accessoires,Sac banane,Unique,1,34.9,0,34.9
11628,2025-05-24,C0123,Boutique,Pulls & sweats,Sweat col rond,S,1,39.9,0,39.9
11628,2025-05-24,C0123,Boutique,T-shirts,T-shirt imprimé,L,1,24.9,0,24.9
11629,2025-05-24,C0655,Boutique,Pantalons,Jean droit,M,1,59.9,0,59.9
11630,2025-05-24,C0004,Boutique,Pulls & sweats,Sweat à capuche,S,1,49.9,0,49.9
11630,2025-05-24,C0004,Boutique,T-shirts,T-shirt oversize,XS,1,29.9,0,29.9
11631,2025-05-24,C0344,Boutique,T-shirts,T-shirt basique,L,1,19.9,0,19.9
11632,2025-05-24,C0067,Boutique,T-shirts,T-shirt imprimé,L,1,24.9,0,24.9
11632,2025-05-24,C0067,Boutique,Pulls & sweats,Pull en laine,M,2,59.9,0,119.8
11632,2025-05-24,C0067,Boutique,Accessoires,Casquette,Unique,1,19.9,0,19.9
11633,2025-05-24,C0096,En ligne,T-shirts,T-shirt basique,XL,2,19.9,0,39.8
11633,2025-05-24,C0096,En ligne,T-shirts,T-shirt basique,M,1,19.9,0,19.9
11634,2025-05-24,C0838,Boutique,T-shirts,T-shirt imprimé,XL,1,24.9,0,24.9
11635,2025-05-24,C0023,Boutique,Pulls & sweats,Sweat à capuche,M,1,49.9,0,49.9
11636,2025-05-24,C0074,En ligne,Pantalons,Jean droit,XL,1,59.9,0,59.9
11636,2025-05-24,C0074,En ligne,Accessoires,Écharpe,Unique,1,24.9,0,24.9
11637,2025-05-26,C0006,Boutique,Chaussures,Bottines,42,1,109.9,0,109.9
11637,2025-05-26,C0006,Boutique,Accessoires,Sac banane,Unique,1,34.9,0,34.9
11637,2025-05-26,C0006,Boutique,Pantalons,Jogging,S,1,34.9,0,34.9
11638,2025-05-26,C0093,En ligne,Pulls & sweats,Sweat col rond,M,1,39.9,0,39.9
11639,2025-05-26,C0048,Boutique,T-shirts,T-shirt imprimé,S,1,24.9,0,24.9
11640,2025-05-26,C0058,Boutique,T-shirts,T-shirt oversize,L,1,29.9,0,29.9
11641,2025-05-26,C0786,Boutique,Accessoires,Écharpe,Unique,1,24.9,0,24.9
11641,2025-05-26,C0786,Boutique,Vestes,Coupe-vent,L,1,64.9,0,64.9
11642,2025-05-26,C0875,Boutique,Pulls & sweats,Sweat col rond,M,1,39.9,0,39.9
11642,2025-05-26,C0875,Boutique,Vestes,Coupe-vent,M,1,64.9,0,64.9
11643,2025-05-26,C0003,Boutique,Pantalons,Jean droit,XL,2,59.9,0,119.8
11643,2025-05-26,C0003,Boutique,T-shirts,T-shirt basique,S,1,19.9,0,19.9
11644,2025-05-26,C0414,Boutique,T-shirts,T-shirt oversize,XL,1,29.9,0,29.9
11644,2025-05-26,C0414,Boutique,Pantalons,Jogging,M,1,34.9,0,34.9
11644,2025-05-26,C0414,Boutique,Pulls & sweats,Sweat à capuche,S,1,49.9,0,49.9
11645,2025-05-26,C0072,Boutique,Pantalons,Jean droit,L,1,59.9,0,59.9
11645,2025-05-26,C0072,Boutique,Accessoires,Bonnet,Unique,2,17.9,0,35.8
11646,2025-05-26,C0674,Boutique,Accessoires,Écharpe,Unique,1,24.9,0,24.9
11646,2025-05-26,C0674,Boutique,Accessoires,Ceinture,Unique,2,29.9,0,59.8
11647,2025-05-26,C0019,Boutique,Pantalons,Jean slim,L,1,54.9,0,54.9
11648,2025-05-26,C0076,Boutique,T-shirts,T-shirt oversize,L,1,29.9,0,29.9
11649,2025-05-26,C0049,Boutique,Accessoires,Bonnet,Unique,1,17.9,0,17.9
11649,2025-05-26,C0049,Boutique,Pantalons,Jogging,L,1,34.9,0,34.9
11650,2025-05-26,C0785,En ligne,Pantalons,Jean slim,S,1,54.9,0,54.9
11651,2025-05-27,C0102,Boutique,T-shirts,T-shirt basique,L,2,19.9,0,39.8
11651,2025-05-27,C0102,Boutique,T-shirts,T-shirt basique,L,1,19.9,0,19.9
11652,2025-05-27,C0615,Boutique,T-shirts,T-shirt basique,XL,1,19.9,0,19.9
11652,2025-05-27,C0615,Boutique,Pulls & sweats,Sweat à capuche,L,1,49.9,0,49.9
11653,2025-05-27,C0343,Boutique,T-shirts,T-shirt basique,XS,1,19.9,0,19.9
11653,2025-05-27,C0343,Boutique,Vestes,Doudoune,M,1,119.9,0,119.9
11654,2025-05-27,C0330,En ligne,T-shirts,T-shirt oversize,XL,1,29.9,0,29.9
11655,2025-05-27,C0658,Boutique,Chaussures,Baskets blanches,41,1,89.9,0,89.9
11656,2025-05-27,C0064,Boutique,Pulls & sweats,Sweat à capuche,M,1,49.9,0,49.9
11657,2025-05-27,C0052,Boutique,T-shirts,T-shirt basique,M,1,19.9,0,19.9
11658,2025-05-27,C0112,Boutique,Pantalons,Jogging,XL,2,34.9,0,69.8
11658,2025-05-27,C0112,Boutique,Pantalons,Jean slim,S,1,54.9,0,54.9
11659,2025-05-27,C0068,Boutique,Accessoires,Bonnet,Unique,1,17.9,0,17.9
11660,2025-05-27,C0120,En ligne,Pulls & sweats,Sweat à capuche,XL,1,49.9,0,49.9
11660,2025-05-27,C0120,En ligne,Pulls & sweats,Pull en laine,XS,1,59.9,0,59.9
11660,2025-05-27,C0120,En ligne,T-shirts,T-shirt basique,XS,1,19.9,0,19.9
11661,2025-05-27,C0049,En ligne,T-shirts,T-shirt oversize,M,2,29.9,0,59.8
11661,2025-05-27,C0049,En ligne,Pantalons,Pantalon cargo,S,1,49.9,0,49.9
11662,2025-05-27,C0684,Boutique,Pantalons,Jean droit,M,2,59.9,0,119.8
11663,2025-05-27,C0051,En ligne,Accessoires,Ceinture,Unique,1,29.9,0,29.9
11664,2025-05-28,C0243,Boutique,Accessoires,Ceinture,Unique,1,29.9,0,29.9
11664,2025-05-28,C0243,Boutique,T-shirts,T-shirt basique,L,2,19.9,0,39.8
11665,2025-05-28,C0526,En ligne,T-shirts,T-shirt basique,XL,1,19.9,0,19.9
11666,2025-05-28,C0604,Boutique,Vestes,Veste en jean,XL,1,79.9,0,79.9
11667,2025-05-28,C0070,Boutique,Chaussures,Sneakers running,40,1,99.9,0,99.9
11667,2025-05-28,C0070,Boutique,Chaussures,Baskets blanches,43,2,89.9,0,179.8
11668,2025-05-28,C0015,Boutique,Chaussures,Bottines,41,1,109.9,0,109.9
11669,2025-05-28,C0097,Boutique,Pantalons,Jogging,XL,1,34.9,0,34.9
11669,2025-05-28,C0097,Boutique,T-shirts,T-shirt imprimé,M,1,24.9,0,24.9
11670,2025-05-28,C0242,Boutique,Accessoires,Casquette,Unique,1,19.9,0,19.9
11671,2025-05-28,C0070,En ligne,T-shirts,T-shirt basique,M,1,19.9,0,19.9
11671,2025-05-28,C0070,En ligne,T-shirts,T-shirt imprimé,L,1,24.9,0,24.9
11672,2025-05-28,C0043,Boutique,T-shirts,T-shirt imprimé,S,1,24.9,0,24.9
11673,2025-05-28,C0084,Boutique,Accessoires,Bonnet,Unique,1,17.9,0,17.9
11674,2025-05-28,C0059,Boutique,Pantalons,Pantalon cargo,L,1,49.9,0,49.9
11674,2025-05-28,C0059,Boutique,Pantalons,Jean slim,S,2,54.9,0,109.8
11674,2025-05-28,C0059,Boutique,Accessoires,Écharpe,Unique,1,24.9,0,24.9
11675,2025-05-28,C0709,Boutique,Pantalons,Pantalon cargo,S,1,49.9,0,49.9
11675,2025-05-28,C0709,Boutique,T-shirts,T-shirt oversize,L,1,29.9,0,29.9
11676,2025-05-28,C0645,En ligne,Pulls & sweats,Sweat col rond,M,1,39.9,0,39.9
11677,2025-05-28,C0037,Boutique,Pulls & sweats,Sweat à capuche,M,1,49.9,0,49.9
11678,2025-05-28,C0490,En ligne,Vestes,Doudoune,M,2,119.9,0,239.8
11678,2025-05-28,C0490,En ligne,Pulls & sweats,Sweat à capuche,XS,2,49.9,0,99.8
11679,2025-05-28,C0473,Boutique,Pulls & sweats,Sweat à capuche,M,2,49.9,0,99.8
11680,2025-05-28,C0510,Boutique,Accessoires,Écharpe,Unique,1,24.9,0,24.9
11681,2025-05-28,C0096,En ligne,Pulls & sweats,Sweat col rond,L,1,39.9,0,39.9
11681,2025-05-28,C0096,En ligne,Chaussures,Baskets blanches,44,1,89.9,0,89.9
11682,2025-05-28,C0004,Boutique,Chaussures,Bottines,43,1,109.9,0,109.9
11682,2025-05-28,C0004,Boutique,Pulls & sweats,Pull en laine,XS,1,59.9,0,59.9
11683,2025-05-29,C0798,Boutique,T-shirts,T-shirt basique,M,2,19.9,0,39.8
11683,2025-05-29,C0798,Boutique,Pantalons,Jean droit,L,1,59.9,0,59.9
11684,2025-05-29,C0191,Boutique,T-shirts,T-shirt oversize,L,1,29.9,0,29.9
11684,2025-05-29,C0191,Boutique,Accessoires,Bonnet,Unique,2,17.9,0,35.8
11685,2025-05-29,C0116,Boutique,Pulls & sweats,Sweat à capuche,L,1,49.9,0,49.9
11685,2025-05-29,C0116,Boutique,Accessoires,Bonnet,Unique,1,17.9,0,17.9
11685,2025-05-29,C0116,Boutique,Pulls & sweats,Pull en laine,XL,1,59.9,0,59.9
11686,2025-05-29,C0074,En ligne,T-shirts,T-shirt oversize,M,1,29.9,0,29.9
11686,2025-05-29,C0074,En ligne,Chaussures,Bottines,43,1,109.9,0,109.9
11686,2025-05-29,C0074,En ligne,T-shirts,T-shirt oversize,M,1,29.9,0,29.9
11687,2025-05-29,C0502,Boutique,Accessoires,Sac banane,Unique,1,34.9,0,34.9
11687,2025-05-29,C0502,Boutique,Vestes,Veste en jean,S,1,79.9,0,79.9
11687,2025-05-29,C0502,Boutique,T-shirts,T-shirt basique,L,1,19.9,0,19.9
11688,2025-05-29,C0087,Boutique,T-shirts,T-shirt basique,M,2,19.9,0,39.8
11688,2025-05-29,C0087,Boutique,T-shirts,T-shirt basique,L,1,19.9,0,19.9
11689,2025-05-29,C0276,Boutique,Pulls & sweats,Pull en laine,M,1,59.9,0,59.9
11690,2025-05-29,C0335,Boutique,T-shirts,T-shirt basique,XL,1,19.9,0,19.9
11691,2025-05-29,C0488,Boutique,T-shirts,T-shirt imprimé,M,1,24.9,0,24.9
11691,2025-05-29,C0488,Boutique,T-shirts,T-shirt oversize,L,1,29.9,0,29.9
11691,2025-05-29,C0488,Boutique,Chaussures,Sneakers running,41,1,99.9,0,99.9
11692,2025-05-29,C0812,En ligne,T-shirts,T-shirt imprimé,XL,1,24.9,0,24.9
11692,2025-05-29,C0812,En ligne,T-shirts,T-shirt oversize,M,1,29.9,0,29.9
11693,2025-05-29,C0855,En ligne,T-shirts,T-shirt basique,M,1,19.9,0,19.9
11694,2025-05-29,C0786,Boutique,T-shirts,T-shirt imprimé,XL,1,24.9,0,24.9
11695,2025-05-29,C0427,En ligne,Chaussures,Sneakers running,42,1,99.9,0,99.9
11696,2025-05-29,C0287,En ligne,Pantalons,Pantalon cargo,XL,1,49.9,0,49.9
11697,2025-05-29,C0287,Boutique,Pantalons,Pantalon cargo,M,1,49.9,0,49.9
11698,2025-05-29,C0629,En ligne,Pulls & sweats,Sweat col rond,XL,2,39.9,0,79.8
11699,2025-05-30,C0439,Boutique,Accessoires,Casquette,Unique,2,19.9,0,39.8
11700,2025-05-30,C0103,Boutique,Pantalons,Jean droit,S,1,59.9,0,59.9
11700,2025-05-30,C0103,Boutique,Vestes,Doudoune,L,1,119.9,0,119.9
11701,2025-05-30,C0001,Boutique,Pantalons,Jogging,S,1,34.9,0,34.9
11702,2025-05-30,C0039,En ligne,Vestes,Veste en jean,XL,1,79.9,0,79.9
11703,2025-05-30,C0512,Boutique,Accessoires,Ceinture,Unique,1,29.9,0,29.9
11703,2025-05-30,C0512,Boutique,Vestes,Veste en jean,S,1,79.9,0,79.9
11704,2025-05-30,C0765,En ligne,Pantalons,Jean droit,S,2,59.9,0,119.8
11705,2025-05-30,C0072,Boutique,T-shirts,T-shirt oversize,S,1,29.9,0,29.9
11705,2025-05-30,C0072,Boutique,T-shirts,T-shirt basique,M,1,19.9,0,19.9
11706,2025-05-30,C0661,En ligne,T-shirts,T-shirt imprimé,XL,1,24.9,0,24.9
11707,2025-05-30,C0426,En ligne,Chaussures,Bottines,43,1,109.9,0,109.9
11708,2025-05-30,C0061,Boutique,Vestes,Doudoune,XL,1,119.9,0,119.9
11708,2025-05-30,C0061,Boutique,Pantalons,Pantalon cargo,XL,1,49.9,0,49.9
11709,2025-05-30,C0273,Boutique,Accessoires,Casquette,Unique,1,19.9,0,19.9
11710,2025-05-30,C0524,Boutique,Chaussures,Bottines,43,2,109.9,0,219.8
11710,2025-05-30,C0524,Boutique,T-shirts,T-shirt basique,M,1,19.9,0,19.9
11711,2025-05-30,C0057,Boutique,T-shirts,T-shirt imprimé,S,1,24.9,0,24.9
11711,2025-05-30,C0057,Boutique,Chaussures,Sneakers running,43,1,99.9,0,99.9
11712,2025-05-30,C0191,Boutique,Pulls & sweats,Sweat à capuche,XL,1,49.9,0,49.9
11712,2025-05-30,C0191,Boutique,Accessoires,Bonnet,Unique,1,17.9,0,17.9
11712,2025-05-30,C0191,Boutique,Accessoires,Casquette,Unique,1,19.9,0,19.9
11713,2025-05-30,C0674,Boutique,Pulls & sweats,Sweat col rond,S,1,39.9,0,39.9
11714,2025-05-30,C0084,Boutique,Accessoires,Sac banane,Unique,1,34.9,0,34.9
11714,2025-05-30,C0084,Boutique,Pantalons,Pantalon cargo,S,1,49.9,0,49.9
11714,2025-05-30,C0084,Boutique,Chaussures,Bottines,42,1,109.9,0,109.9
11715,2025-05-31,C0003,Boutique,T-shirts,T-shirt imprimé,L,1,24.9,0,24.9
11716,2025-05-31,C0058,Boutique,Pantalons,Jean slim,S,1,54.9,0,54.9
11716,2025-05-31,C0058,Boutique,T-shirts,T-shirt basique,L,1,19.9,0,19.9
11717,2025-05-31,C0778,Boutique,T-shirts,T-shirt imprimé,L,1,24.9,0,24.9
11718,2025-05-31,C0072,Boutique,T-shirts,T-shirt basique,L,1,19.9,0,19.9
11719,2025-05-31,C0102,Boutique,Chaussures,Baskets blanches,40,1,89.9,0,89.9
11719,2025-05-31,C0102,Boutique,T-shirts,T-shirt basique,M,1,19.9,0,19.9
11720,2025-05-31,C0703,Boutique,Pantalons,Jogging,S,1,34.9,0,34.9
11721,2025-05-31,C0722,Boutique,Pulls & sweats,Sweat à capuche,M,1,49.9,0,49.9
11721,2025-05-31,C0722,Boutique,T-shirts,T-shirt basique,S,1,19.9,0,19.9
11722,2025-05-31,C0119,Boutique,Pantalons,Pantalon cargo,XS,1,49.9,0,49.9
11723,2025-05-31,C0167,Boutique,Pantalons,Jean slim,S,1,54.9,0,54.9
11723,2025-05-31,C0167,Boutique,Pantalons,Pantalon cargo,S,1,49.9,0,49.9
11724,2025-05-31,C0036,Boutique,T-shirts,T-shirt oversize,XL,1,29.9,0,29.9
11724,2025-05-31,C0036,Boutique,Pantalons,Jogging,L,1,34.9,0,34.9
11725,2025-05-31,C0624,Boutique,T-shirts,T-shirt basique,S,1,19.9,0,19.9
11726,2025-05-31,C0111,Boutique,Pantalons,Jogging,S,1,34.9,0,34.9
11726,2025-05-31,C0111,Boutique,T-shirts,T-shirt oversize,S,1,29.9,0,29.9
11727,2025-05-31,C0014,En ligne,T-shirts,T-shirt oversize,S,1,29.9,0,29.9
11728,2025-05-31,C0096,Boutique,Accessoires,Bonnet,Unique,2,17.9,0,35.8
11728,2025-05-31,C0096,Boutique,Chaussures,Baskets blanches,43,1,89.9,0,89.9
11729,2025-05-31,C0049,Boutique,Vestes,Veste en jean,L,1,79.9,0,79.9
11730,2025-05-31,C0067,En ligne,T-shirts,T-shirt basique,XS,1,19.9,0,19.9
11730,2025-05-31,C0067,En ligne,Pantalons,Jogging,S,1,34.9,0,34.9
11731,2025-05-31,C0002,Boutique,T-shirts,T-shirt oversize,S,1,29.9,0,29.9
11732,2025-05-31,C0606,En ligne,Accessoires,Écharpe,Unique,1,24.9,0,24.9
11732,2025-05-31,C0606,En ligne,Accessoires,Casquette,Unique,1,19.9,0,19.9
11733,2025-05-31,C0002,Boutique,Vestes,Coupe-vent,L,1,64.9,0,64.9
11734,2025-05-31,C0844,En ligne,Accessoires,Casquette,Unique,1,19.9,0,19.9
11735,2025-05-31,C0120,Boutique,Pulls & sweats,Pull en laine,S,1,59.9,0,59.9
11736,2025-05-31,C0266,Boutique,Chaussures,Baskets blanches,42,1,89.9,0,89.9
11736,2025-05-31,C0266,Boutique,Accessoires,Ceinture,Unique,1,29.9,0,29.9
11737,2025-05-31,C0491,En ligne,T-shirts,T-shirt oversize,M,1,29.9,0,29.9
11738,2025-06-02,C0605,En ligne,T-shirts,T-shirt imprimé,XL,1,24.9,0,24.9
11739,2025-06-02,C0041,En ligne,Accessoires,Casquette,Unique,1,19.9,0,19.9
11739,2025-06-02,C0041,En ligne,Chaussures,Bottines,39,1,109.9,0,109.9
11740,2025-06-02,C0079,Boutique,Accessoires,Sac banane,Unique,2,34.9,0,69.8
11740,2025-06-02,C0079,Boutique,Vestes,Veste en jean,L,1,79.9,0,79.9
11740,2025-06-02,C0079,Boutique,Vestes,Veste en jean,L,1,79.9,0,79.9
11741,2025-06-02,C0381,En ligne,Accessoires,Écharpe,Unique,1,24.9,0,24.9
11741,2025-06-02,C0381,En ligne,T-shirts,T-shirt imprimé,XS,1,24.9,0,24.9
11742,2025-06-02,C0008,Boutique,Pantalons,Jean slim,L,1,54.9,0,54.9
11742,2025-06-02,C0008,Boutique,Chaussures,Bottines,39,1,109.9,0,109.9
11743,2025-06-02,C0283,Boutique,T-shirts,T-shirt oversize,XS,1,29.9,0,29.9
11744,2025-06-02,C0094,Boutique,T-shirts,T-shirt basique,S,2,19.9,0,39.8
11745,2025-06-02,C0008,Boutique,T-shirts,T-shirt imprimé,XS,1,24.9,0,24.9
11746,2025-06-02,C0341,En ligne,Accessoires,Écharpe,Unique,2,24.9,0,49.8
11747,2025-06-02,C0504,Boutique,T-shirts,T-shirt oversize,XS,1,29.9,0,29.9
11747,2025-06-02,C0504,Boutique,Pulls & sweats,Pull en laine,M,1,59.9,0,59.9
11748,2025-06-02,C0055,Boutique,Pantalons,Jean droit,XS,1,59.9,0,59.9
11749,2025-06-02,C0086,Boutique,Pantalons,Jean droit,XL,1,59.9,0,59.9
11749,2025-06-02,C0086,Boutique,Pulls & sweats,Pull en laine,XL,1,59.9,0,59.9
11750,2025-06-02,C0153,En ligne,Pantalons,Jean droit,M,1,59.9,0,59.9
11751,2025-06-02,C0035,Boutique,T-shirts,T-shirt imprimé,XS,1,24.9,0,24.9
11752,2025-06-02,C0015,En ligne,Chaussures,Baskets blanches,39,2,89.9,0,179.8
11753,2025-06-03,C0084,En ligne,Chaussures,Sneakers running,44,1,99.9,0,99.9
11754,2025-06-03,C0717,Boutique,T-shirts,T-shirt basique,L,1,19.9,0,19.9
11754,2025-06-03,C0717,Boutique,Chaussures,Bottines,39,1,109.9,0,109.9
11755,2025-06-03,C0078,Boutique,T-shirts,T-shirt oversize,XL,1,29.9,0,29.9
11755,2025-06-03,C0078,Boutique,Pulls & sweats,Sweat col rond,M,1,39.9,0,39.9
11756,2025-06-03,C0009,En ligne,Chaussures,Bottines,43,1,109.9,0,109.9
11757,2025-06-03,C0105,Boutique,T-shirts,T-shirt basique,XL,1,19.9,0,19.9
11758,2025-06-03,C0585,En ligne,T-shirts,T-shirt imprimé,S,1,24.9,0,24.9
11759,2025-06-03,C0528,Boutique,Pantalons,Jean slim,M,2,54.9,0,109.8
11760,2025-06-03,C0092,Boutique,Accessoires,Bonnet,Unique,1,17.9,0,17.9
11761,2025-06-03,C0528,Boutique,Accessoires,Casquette,Unique,1,19.9,0,19.9
11761,2025-06-03,C0528,Boutique,T-shirts,T-shirt basique,L,1,19.9,0,19.9
11761,2025-06-03,C0528,Boutique,Vestes,Coupe-vent,S,1,64.9,0,64.9
11762,2025-06-03,C0559,Boutique,T-shirts,T-shirt oversize,M,1,29.9,0,29.9
11762,2025-06-03,C0559,Boutique,Pantalons,Jogging,XL,2,34.9,0,69.8
11763,2025-06-03,C0057,Boutique,Pantalons,Pantalon cargo,M,2,49.9,0,99.8
11763,2025-06-03,C0057,Boutique,Accessoires,Casquette,Unique,2,19.9,0,39.8
11764,2025-06-03,C0267,Boutique,Chaussures,Bottines,41,2,109.9,0,219.8
11765,2025-06-03,C0756,Boutique,Pantalons,Pantalon cargo,XS,1,49.9,0,49.9
11766,2025-06-04,C0006,Boutique,Chaussures,Baskets blanches,42,1,89.9,0,89.9
11767,2025-06-04,C0307,Boutique,Vestes,Doudoune,M,2,119.9,0,239.8
11768,2025-06-04,C0837,Boutique,Pantalons,Jogging,M,1,34.9,0,34.9
11768,2025-06-04,C0837,Boutique,Pantalons,Jogging,XL,1,34.9,0,34.9
11769,2025-06-04,C0489,Boutique,T-shirts,T-shirt imprimé,S,1,24.9,0,24.9
11770,2025-06-04,C0091,Boutique,T-shirts,T-shirt basique,M,1,19.9,0,19.9
11771,2025-06-04,C0063,En ligne,Chaussures,Sneakers running,44,1,99.9,0,99.9
11771,2025-06-04,C0063,En ligne,Pulls & sweats,Sweat à capuche,M,1,49.9,0,49.9
11772,2025-06-04,C0825,Boutique,T-shirts,T-shirt oversize,M,1,29.9,0,29.9
11772,2025-06-04,C0825,Boutique,Pulls & sweats,Sweat col rond,M,1,39.9,0,39.9
11773,2025-06-04,C0032,Boutique,Pulls & sweats,Pull en laine,M,1,59.9,0,59.9
11773,2025-06-04,C0032,Boutique,T-shirts,T-shirt basique,M,1,19.9,0,19.9
11773,2025-06-04,C0032,Boutique,Pulls & sweats,Sweat à capuche,M,2,49.9,0,99.8
11774,2025-06-04,C0846,Boutique,Pantalons,Jean slim,M,1,54.9,0,54.9
11775,2025-06-04,C0228,En ligne,Chaussures,Baskets blanches,42,1,89.9,0,89.9
11776,2025-06-04,C0034,Boutique,Accessoires,Sac banane,Unique,1,34.9,0,34.9
11777,2025-06-04,C0436,En ligne,T-shirts,T-shirt basique,L,1,19.9,0,19.9
11777,2025-06-04,C0436,En ligne,Pantalons,Jean droit,L,1,59.9,0,59.9
11778,2025-06-04,C0835,En ligne,T-shirts,T-shirt imprimé,S,1,24.9,0,24.9
11778,2025-06-04,C0835,En ligne,Chaussures,Baskets blanches,40,1,89.9,0,89.9
11779,2025-06-04,C0033,Boutique,Pulls & sweats,Sweat col rond,S,1,39.9,0,39.9
11780,2025-06-04,C0286,Boutique,T-shirts,T-shirt oversize,M,1,29.9,0,29.9
11781,2025-06-04,C0025,Boutique,Accessoires,Ceinture,Unique,1,29.9,0,29.9
11782,2025-06-04,C0097,Boutique,Accessoires,Casquette,Unique,1,19.9,0,19.9
11782,2025-06-04,C0097,Boutique,T-shirts,T-shirt imprimé,M,1,24.9,0,24.9
11783,2025-06-04,C0043,Boutique,Chaussures,Bottines,43,1,109.9,0,109.9
11783,2025-06-04,C0043,Boutique,T-shirts,T-shirt imprimé,S,1,24.9,0,24.9
11783,2025-06-04,C0043,Boutique,Pantalons,Jean slim,L,1,54.9,0,54.9
11784,2025-06-04,C0404,Boutique,Pantalons,Jean droit,M,1,59.9,0,59.9
11784,2025-06-04,C0404,Boutique,Chaussures,Sneakers running,43,1,99.9,0,99.9
11784,2025-06-04,C0404,Boutique,Pulls & sweats,Pull en laine,L,1,59.9,0,59.9
11785,2025-06-05,C0076,En ligne,Chaussures,Baskets blanches,40,1,89.9,0,89.9
11786,2025-06-05,C0696,En ligne,Accessoires,Écharpe,Unique,1,24.9,0,24.9
11786,2025-06-05,C0696,En ligne,Accessoires,Casquette,Unique,1,19.9,0,19.9
11787,2025-06-05,C0011,Boutique,T-shirts,T-shirt oversize,L,1,29.9,0,29.9
11787,2025-06-05,C0011,Boutique,Accessoires,Bonnet,Unique,1,17.9,0,17.9
11788,2025-06-05,C0091,Boutique,Pantalons,Pantalon cargo,XS,1,49.9,0,49.9
11789,2025-06-05,C0051,En ligne,Pantalons,Jean droit,XL,1,59.9,0,59.9
11789,2025-06-05,C0051,En ligne,T-shirts,T-shirt basique,M,1,19.9,0,19.9
11790,2025-06-05,C0111,En ligne,Accessoires,Sac banane,Unique,1,34.9,0,34.9
11790,2025-06-05,C0111,En ligne,Pantalons,Jean slim,M,1,54.9,0,54.9
11790,2025-06-05,C0111,En ligne,T-shirts,T-shirt imprimé,L,1,24.9,0,24.9
11791,2025-06-05,C0454,Boutique,Pantalons,Pantalon cargo,XL,1,49.9,0,49.9
11791,2025-06-05,C0454,Boutique,T-shirts,T-shirt oversize,XS,1,29.9,0,29.9
11792,2025-06-05,C0110,Boutique,Pulls & sweats,Pull en laine,L,1,59.9,0,59.9
11793,2025-06-05,C0054,Boutique,T-shirts,T-shirt oversize,M,1,29.9,0,29.9
11794,2025-06-05,C0007,En ligne,Pulls & sweats,Sweat à capuche,S,1,49.9,0,49.9
11794,2025-06-05,C0007,En ligne,T-shirts,T-shirt imprimé,XL,1,24.9,0,24.9
11794,2025-06-05,C0007,En ligne,Chaussures,Bottines,40,1,109.9,0,109.9
11795,2025-06-05,C0628,En ligne,T-shirts,T-shirt imprimé,S,1,24.9,0,24.9
11796,2025-06-05,C0110,Boutique,Pantalons,Jogging,XS,2,34.9,0,69.8
11796,2025-06-05,C0110,Boutique,Accessoires,Sac banane,Unique,1,34.9,0,34.9
11796,2025-06-05,C0110,Boutique,Pantalons,Jogging,M,1,34.9,0,34.9
11797,2025-06-05,C0201,Boutique,Pantalons,Pantalon cargo,L,1,49.9,0,49.9
11798,2025-06-05,C0103,En ligne,Chaussures,Bottines,44,2,109.9,0,219.8
11799,2025-06-05,C0078,En ligne,T-shirts,T-shirt basique,S,1,19.9,0,19.9
11800,2025-06-05,C0491,Boutique,Chaussures,Sneakers running,43,1,99.9,0,99.9
11801,2025-06-05,C0071,Boutique,T-shirts,T-shirt imprimé,S,2,24.9,0,49.8
11801,2025-06-05,C0071,Boutique,T-shirts,T-shirt oversize,L,1,29.9,0,29.9
11802,2025-06-05,C0900,En ligne,Accessoires,Écharpe,Unique,1,24.9,0,24.9
11802,2025-06-05,C0900,En ligne,Chaussures,Bottines,44,1,109.9,0,109.9
11803,2025-06-05,C0084,Boutique,Accessoires,Casquette,Unique,1,19.9,0,19.9
11803,2025-06-05,C0084,Boutique,Accessoires,Bonnet,Unique,2,17.9,0,35.8
11804,2025-06-05,C0293,Boutique,Chaussures,Bottines,43,1,109.9,0,109.9
11804,2025-06-05,C0293,Boutique,Chaussures,Baskets blanches,42,1,89.9,0,89.9
11805,2025-06-05,C0249,Boutique,Chaussures,Baskets blanches,39,1,89.9,0,89.9
11805,2025-06-05,C0249,Boutique,T-shirts,T-shirt oversize,L,1,29.9,0,29.9
11806,2025-06-05,C0487,Boutique,Pantalons,Jean slim,M,1,54.9,0,54.9
11807,2025-06-06,C0082,En ligne,Accessoires,Bonnet,Unique,1,17.9,0,17.9
11808,2025-06-06,C0850,En ligne,T-shirts,T-shirt basique,XS,2,19.9,0,39.8
11808,2025-06-06,C0850,En ligne,Accessoires,Casquette,Unique,1,19.9,0,19.9
11809,2025-06-06,C0406,Boutique,Pantalons,Jean slim,M,1,54.9,0,54.9
11810,2025-06-06,C0033,En ligne,T-shirts,T-shirt imprimé,L,1,24.9,0,24.9
11810,2025-06-06,C0033,En ligne,T-shirts,T-shirt oversize,L,2,29.9,0,59.8
11811,2025-06-06,C0635,En ligne,Pantalons,Jean slim,L,1,54.9,0,54.9
11811,2025-06-06,C0635,En ligne,Accessoires,Écharpe,Unique,1,24.9,0,24.9
11812,2025-06-06,C0151,Boutique,Pantalons,Pantalon cargo,L,2,49.9,0,99.8
11812,2025-06-06,C0151,Boutique,Accessoires,Sac banane,Unique,1,34.9,0,34.9
11812,2025-06-06,C0151,Boutique,Accessoires,Sac banane,Unique,1,34.9,0,34.9
11813,2025-06-06,C0114,Boutique,T-shirts,T-shirt imprimé,L,1,24.9,0,24.9
11814,2025-06-06,C0108,En ligne,T-shirts,T-shirt imprimé,L,1,24.9,0,24.9
11815,2025-06-06,C0613,Boutique,Chaussures,Baskets blanches,40,1,89.9,0,89.9
11815,2025-06-06,C0613,Boutique,Accessoires,Bonnet,Unique,1,17.9,0,17.9
11815,2025-06-06,C0613,Boutique,T-shirts,T-shirt basique,L,1,19.9,0,19.9
11816,2025-06-06,C0015,Boutique,Pantalons,Jogging,S,2,34.9,0,69.8
11816,2025-06-06,C0015,Boutique,Accessoires,Bonnet,Unique,2,17.9,0,35.8
11817,2025-06-06,C0528,Boutique,Pantalons,Jean droit,S,1,59.9,0,59.9
11817,2025-06-06,C0528,Boutique,Accessoires,Casquette,Unique,1,19.9,0,19.9
11818,2025-06-06,C0001,En ligne,Pulls & sweats,Pull en laine,XS,1,59.9,0,59.9
11818,2025-06-06,C0001,En ligne,T-shirts,T-shirt oversize,L,1,29.9,0,29.9
11819,2025-06-06,C0693,Boutique,T-shirts,T-shirt basique,S,1,19.9,0,19.9
11820,2025-06-06,C0012,En ligne,T-shirts,T-shirt oversize,M,1,29.9,0,29.9
11820,2025-06-06,C0012,En ligne,T-shirts,T-shirt basique,L,1,19.9,0,19.9
11820,2025-06-06,C0012,En ligne,Accessoires,Écharpe,Unique,1,24.9,0,24.9
11821,2025-06-06,C0877,Boutique,T-shirts,T-shirt imprimé,M,2,24.9,0,49.8
11822,2025-06-07,C0810,En ligne,Chaussures,Baskets blanches,42,1,89.9,0,89.9
11823,2025-06-07,C0004,Boutique,Accessoires,Sac banane,Unique,1,34.9,0,34.9
11823,2025-06-07,C0004,Boutique,Accessoires,Écharpe,Unique,1,24.9,0,24.9
11824,2025-06-07,C0447,Boutique,Pulls & sweats,Pull en laine,XS,1,59.9,0,59.9
11824,2025-06-07,C0447,Boutique,Vestes,Veste en jean,S,1,79.9,0,79.9
11825,2025-06-07,C0108,Boutique,Accessoires,Casquette,Unique,1,19.9,0,19.9
11825,2025-06-07,C0108,Boutique,Pantalons,Jean slim,L,1,54.9,0,54.9
11825,2025-06-07,C0108,Boutique,Accessoires,Écharpe,Unique,1,24.9,0,24.9
11826,2025-06-07,C0536,Boutique,Pantalons,Jean droit,M,1,59.9,0,59.9
11827,2025-06-07,C0019,Boutique,Pantalons,Jogging,M,1,34.9,0,34.9
11827,2025-06-07,C0019,Boutique,Accessoires,Sac banane,Unique,1,34.9,0,34.9
11828,2025-06-07,C0569,Boutique,T-shirts,T-shirt oversize,L,2,29.9,0,59.8
11828,2025-06-07,C0569,Boutique,Pantalons,Jean slim,M,1,54.9,0,54.9
11829,2025-06-07,C0185,Boutique,Pantalons,Jogging,M,1,34.9,0,34.9
11829,2025-06-07,C0185,Boutique,T-shirts,T-shirt basique,XL,1,19.9,0,19.9
11830,2025-06-07,C0368,Boutique,Pantalons,Jean droit,M,1,59.9,0,59.9
11830,2025-06-07,C0368,Boutique,T-shirts,T-shirt basique,XL,1,19.9,0,19.9
11830,2025-06-07,C0368,Boutique,Pantalons,Jean droit,L,2,59.9,0,119.8
11831,2025-06-07,C0066,Boutique,Pantalons,Jogging,S,1,34.9,0,34.9
11831,2025-06-07,C0066,Boutique,Chaussures,Bottines,43,1,109.9,0,109.9
11831,2025-06-07,C0066,Boutique,T-shirts,T-shirt basique,L,1,19.9,0,19.9
11832,2025-06-07,C0565,En ligne,Chaussures,Bottines,42,2,109.9,0,219.8
11833,2025-06-07,C0021,En ligne,T-shirts,T-shirt oversize,XS,1,29.9,0,29.9
11833,2025-06-07,C0021,En ligne,Chaussures,Bottines,41,1,109.9,0,109.9
11833,2025-06-07,C0021,En ligne,T-shirts,T-shirt basique,M,1,19.9,0,19.9
11834,2025-06-07,C0382,Boutique,T-shirts,T-shirt oversize,L,1,29.9,0,29.9
11834,2025-06-07,C0382,Boutique,T-shirts,T-shirt imprimé,XS,1,24.9,0,24.9
11835,2025-06-07,C0752,En ligne,T-shirts,T-shirt oversize,M,2,29.9,0,59.8
11835,2025-06-07,C0752,En ligne,Accessoires,Ceinture,Unique,1,29.9,0,29.9
11836,2025-06-07,C0286,Boutique,T-shirts,T-shirt basique,M,2,19.9,0,39.8
11837,2025-06-07,C0807,En ligne,Pantalons,Jean droit,S,1,59.9,0,59.9
11838,2025-06-07,C0093,En ligne,Pulls & sweats,Sweat col rond,L,2,39.9,0,79.8
11839,2025-06-07,C0062,En ligne,Accessoires,Casquette,Unique,1,19.9,0,19.9
11839,2025-06-07,C0062,En ligne,Pantalons,Jean slim,L,1,54.9,0,54.9
11840,2025-06-07,C0112,Boutique,T-shirts,T-shirt imprimé,XL,1,24.9,0,24.9
11840,2025-06-07,C0112,Boutique,Chaussures,Baskets blanches,42,2,89.9,0,179.8
11841,2025-06-07,C0073,En ligne,Pantalons,Jogging,L,1,34.9,0,34.9
11842,2025-06-07,C0062,En ligne,Accessoires,Casquette,Unique,2,19.9,0,39.8
11842,2025-06-07,C0062,En ligne,Pantalons,Pantalon cargo,M,1,49.9,0,49.9
11843,2025-06-07,C0104,Boutique,Pantalons,Jogging,M,1,34.9,0,34.9
11843,2025-06-07,C0104,Boutique,Accessoires,Ceinture,Unique,1,29.9,0,29.9
11844,2025-06-07,C0286,Boutique,Pulls & sweats,Sweat col rond,L,1,39.9,0,39.9
11844,2025-06-07,C0286,Boutique,Chaussures,Baskets blanches,40,2,89.9,0,179.8
11845,2025-06-07,C0831,Boutique,Accessoires,Casquette,Unique,1,19.9,0,19.9
11846,2025-06-07,C0020,Boutique,Pantalons,Jean droit,XS,1,59.9,0,59.9
11847,2025-06-09,C0810,Boutique,Pantalons,Jean droit,XL,1,59.9,0,59.9
11848,2025-06-09,C0062,Boutique,Pantalons,Jean slim,M,1,54.9,0,54.9
11849,2025-06-09,C0225,Boutique,Accessoires,Sac banane,Unique,1,34.9,0,34.9
11849,2025-06-09,C0225,Boutique,Pantalons,Jean droit,S,1,59.9,0,59.9
11849,2025-06-09,C0225,Boutique,Accessoires,Écharpe,Unique,1,24.9,0,24.9
11850,2025-06-09,C0007,Boutique,Accessoires,Écharpe,Unique,1,24.9,0,24.9
11851,2025-06-09,C0058,Boutique,T-shirts,T-shirt imprimé,M,1,24.9,0,24.9
11852,2025-06-09,C0010,Boutique,T-shirts,T-shirt imprimé,M,1,24.9,0,24.9
11853,2025-06-09,C0749,En ligne,T-shirts,T-shirt basique,S,1,19.9,0,19.9
11853,2025-06-09,C0749,En ligne,T-shirts,T-shirt oversize,S,2,29.9,0,59.8
11853,2025-06-09,C0749,En ligne,Accessoires,Casquette,Unique,1,19.9,0,19.9
11854,2025-06-09,C0722,Boutique,T-shirts,T-shirt oversize,L,1,29.9,0,29.9
11854,2025-06-09,C0722,Boutique,Pulls & sweats,Sweat col rond,S,1,39.9,0,39.9
11855,2025-06-09,C0275,Boutique,T-shirts,T-shirt basique,L,2,19.9,0,39.8
11856,2025-06-09,C0116,Boutique,Pantalons,Jean slim,L,1,54.9,0,54.9
11856,2025-06-09,C0116,Boutique,Chaussures,Sneakers running,39,2,99.9,0,199.8
11857,2025-06-09,C0044,En ligne,T-shirts,T-shirt imprimé,L,2,24.9,0,49.8
11857,2025-06-09,C0044,En ligne,Chaussures,Bottines,43,1,109.9,0,109.9
11858,2025-06-09,C0057,En ligne,Pantalons,Jogging,L,1,34.9,0,34.9
11858,2025-06-09,C0057,En ligne,Pantalons,Jean slim,L,2,54.9,0,109.8
11858,2025-06-09,C0057,En ligne,Pantalons,Pantalon cargo,XL,1,49.9,0,49.9
11859,2025-06-09,C0850,En ligne,Pulls & sweats,Sweat col rond,XL,1,39.9,0,39.9
11860,2025-06-10,C0593,En ligne,T-shirts,T-shirt basique,M,2,19.9,0,39.8
11861,2025-06-10,C0716,Boutique,T-shirts,T-shirt imprimé,XL,1,24.9,0,24.9
11862,2025-06-10,C0670,Boutique,Accessoires,Sac banane,Unique,1,34.9,0,34.9
11862,2025-06-10,C0670,Boutique,Chaussures,Baskets blanches,44,2,89.9,0,179.8
11863,2025-06-10,C0151,En ligne,T-shirts,T-shirt imprimé,M,2,24.9,0,49.8
11864,2025-06-10,C0660,En ligne,Accessoires,Sac banane,Unique,1,34.9,0,34.9
11865,2025-06-10,C0735,Boutique,Accessoires,Bonnet,Unique,2,17.9,0,35.8
11866,2025-06-10,C0712,Boutique,Accessoires,Bonnet,Unique,1,17.9,0,17.9
11866,2025-06-10,C0712,Boutique,T-shirts,T-shirt oversize,XL,1,29.9,0,29.9
11867,2025-06-10,C0022,En ligne,Pulls & sweats,Sweat à capuche,XS,1,49.9,0,49.9
11868,2025-06-10,C0045,Boutique,T-shirts,T-shirt imprimé,S,1,24.9,0,24.9
11869,2025-06-10,C0037,En ligne,T-shirts,T-shirt basique,L,1,19.9,0,19.9
11870,2025-06-10,C0798,En ligne,T-shirts,T-shirt basique,L,1,19.9,0,19.9
11870,2025-06-10,C0798,En ligne,T-shirts,T-shirt basique,XL,1,19.9,0,19.9
11871,2025-06-10,C0048,Boutique,Chaussures,Sneakers running,42,1,99.9,0,99.9
11872,2025-06-10,C0249,En ligne,T-shirts,T-shirt imprimé,S,1,24.9,0,24.9
11872,2025-06-10,C0249,En ligne,T-shirts,T-shirt basique,L,1,19.9,0,19.9
11873,2025-06-10,C0468,Boutique,Pantalons,Jogging,M,1,34.9,0,34.9
11873,2025-06-10,C0468,Boutique,T-shirts,T-shirt basique,M,1,19.9,0,19.9
11874,2025-06-10,C0172,Boutique,Accessoires,Ceinture,Unique,1,29.9,0,29.9
11875,2025-06-11,C0817,En ligne,Pantalons,Pantalon cargo,XS,1,49.9,0,49.9
11875,2025-06-11,C0817,En ligne,Pantalons,Jogging,L,2,34.9,0,69.8
11876,2025-06-11,C0117,Boutique,T-shirts,T-shirt basique,L,1,19.9,0,19.9
11877,2025-06-11,C0025,Boutique,T-shirts,T-shirt oversize,S,1,29.9,0,29.9
11877,2025-06-11,C0025,Boutique,T-shirts,T-shirt oversize,M,1,29.9,0,29.9
11877,2025-06-11,C0025,Boutique,Accessoires,Casquette,Unique,1,19.9,0,19.9
11878,2025-06-11,C0445,En ligne,Pulls & sweats,Sweat col rond,M,1,39.9,0,39.9
11879,2025-06-11,C0076,Boutique,Pantalons,Jogging,L,1,34.9,0,34.9
11880,2025-06-11,C0067,En ligne,Accessoires,Écharpe,Unique,2,24.9,0,49.8
11881,2025-06-11,C0784,Boutique,T-shirts,T-shirt oversize,M,2,29.9,0,59.8
11881,2025-06-11,C0784,Boutique,T-shirts,T-shirt oversize,S,1,29.9,0,29.9
11882,2025-06-11,C0340,Boutique,T-shirts,T-shirt basique,S,2,19.9,0,39.8
11883,2025-06-11,C0489,En ligne,Pantalons,Pantalon cargo,L,1,49.9,0,49.9
11884,2025-06-11,C0235,En ligne,T-shirts,T-shirt basique,M,1,19.9,0,19.9
11884,2025-06-11,C0235,En ligne,T-shirts,T-shirt basique,XL,1,19.9,0,19.9
11884,2025-06-11,C0235,En ligne,Accessoires,Casquette,Unique,1,19.9,0,19.9
11885,2025-06-11,C0369,Boutique,Chaussures,Sneakers running,44,1,99.9,0,99.9
11885,2025-06-11,C0369,Boutique,Chaussures,Baskets blanches,40,1,89.9,0,89.9
11886,2025-06-11,C0284,Boutique,T-shirts,T-shirt basique,M,1,19.9,0,19.9
11886,2025-06-11,C0284,Boutique,T-shirts,T-shirt basique,S,1,19.9,0,19.9
11887,2025-06-11,C0025,En ligne,T-shirts,T-shirt basique,XL,1,19.9,0,19.9
11887,2025-06-11,C0025,En ligne,Pulls & sweats,Pull en laine,L,1,59.9,0,59.9
11888,2025-06-11,C0353,Boutique,Accessoires,Ceinture,Unique,1,29.9,0,29.9
11889,2025-06-12,C0069,En ligne,Chaussures,Sneakers running,43,1,99.9,0,99.9
11889,2025-06-12,C0069,En ligne,T-shirts,T-shirt oversize,L,2,29.9,0,59.8
11890,2025-06-12,C0481,En ligne,T-shirts,T-shirt basique,XL,1,19.9,0,19.9
11890,2025-06-12,C0481,En ligne,T-shirts,T-shirt basique,L,1,19.9,0,19.9
11891,2025-06-12,C0841,En ligne,Pulls & sweats,Sweat à capuche,L,1,49.9,0,49.9
11891,2025-06-12,C0841,En ligne,T-shirts,T-shirt basique,XS,1,19.9,0,19.9
11892,2025-06-12,C0052,Boutique,Accessoires,Ceinture,Unique,1,29.9,0,29.9
11893,2025-06-12,C0042,Boutique,Accessoires,Casquette,Unique,1,19.9,0,19.9
11893,2025-06-12,C0042,Boutique,Accessoires,Écharpe,Unique,1,24.9,0,24.9
11894,2025-06-12,C0037,Boutique,T-shirts,T-shirt basique,M,1,19.9,0,19.9
11894,2025-06-12,C0037,Boutique,Accessoires,Écharpe,Unique,1,24.9,0,24.9
11895,2025-06-12,C0029,Boutique,T-shirts,T-shirt oversize,M,1,29.9,0,29.9
11896,2025-06-12,C0022,Boutique,Accessoires,Casquette,Unique,1,19.9,0,19.9
11897,2025-06-12,C0028,Boutique,Accessoires,Écharpe,Unique,2,24.9,0,49.8
11897,2025-06-12,C0028,Boutique,Pantalons,Pantalon cargo,S,1,49.9,0,49.9
11898,2025-06-13,C0871,Boutique,T-shirts,T-shirt oversize,XL,1,29.9,0,29.9
11898,2025-06-13,C0871,Boutique,Accessoires,Sac banane,Unique,1,34.9,0,34.9
11899,2025-06-13,C0418,En ligne,T-shirts,T-shirt oversize,M,1,29.9,0,29.9
11900,2025-06-13,C0270,En ligne,Accessoires,Bonnet,Unique,1,17.9,0,17.9
11901,2025-06-13,C0289,Boutique,T-shirts,T-shirt imprimé,M,1,24.9,0,24.9
11901,2025-06-13,C0289,Boutique,T-shirts,T-shirt basique,S,1,19.9,0,19.9
11901,2025-06-13,C0289,Boutique,Accessoires,Bonnet,Unique,1,17.9,0,17.9
11902,2025-06-13,C0375,Boutique,Pulls & sweats,Pull en laine,S,2,59.9,0,119.8
11903,2025-06-13,C0798,Boutique,Pantalons,Pantalon cargo,L,1,49.9,0,49.9
11903,2025-06-13,C0798,Boutique,Pulls & sweats,Sweat col rond,L,2,39.9,0,79.8
11903,2025-06-13,C0798,Boutique,T-shirts,T-shirt oversize,S,1,29.9,0,29.9
11904,2025-06-13,C0448,Boutique,Accessoires,Ceinture,Unique,1,29.9,0,29.9
11905,2025-06-13,C0796,Boutique,T-shirts,T-shirt basique,S,2,19.9,0,39.8
11905,2025-06-13,C0796,Boutique,T-shirts,T-shirt imprimé,M,1,24.9,0,24.9
11905,2025-06-13,C0796,Boutique,Accessoires,Sac banane,Unique,1,34.9,0,34.9
11906,2025-06-13,C0634,Boutique,T-shirts,T-shirt imprimé,M,1,24.9,0,24.9
11907,2025-06-13,C0101,Boutique,Pulls & sweats,Pull en laine,L,1,59.9,0,59.9
11908,2025-06-13,C0059,Boutique,T-shirts,T-shirt oversize,S,1,29.9,0,29.9
11909,2025-06-13,C0016,Boutique,Accessoires,Écharpe,Unique,1,24.9,0,24.9
11910,2025-06-13,C0254,Boutique,Pulls & sweats,Sweat à capuche,M,1,49.9,0,49.9
11911,2025-06-13,C0092,Boutique,Pulls & sweats,Sweat col rond,S,1,39.9,0,39.9
11912,2025-06-13,C0698,Boutique,Vestes,Coupe-vent,XL,1,64.9,0,64.9
11913,2025-06-13,C0172,En ligne,T-shirts,T-shirt oversize,XL,1,29.9,0,29.9
11914,2025-06-13,C0326,En ligne,Accessoires,Écharpe,Unique,1,24.9,0,24.9
11915,2025-06-13,C0114,Boutique,T-shirts,T-shirt oversize,L,1,29.9,0,29.9
11915,2025-06-13,C0114,Boutique,T-shirts,T-shirt imprimé,XL,1,24.9,0,24.9
11916,2025-06-13,C0836,Boutique,Pulls & sweats,Pull en laine,L,2,59.9,0,119.8
11916,2025-06-13,C0836,Boutique,T-shirts,T-shirt imprimé,S,1,24.9,0,24.9
11917,2025-06-13,C0699,Boutique,Pantalons,Jean slim,XS,1,54.9,0,54.9
11918,2025-06-13,C0782,Boutique,T-shirts,T-shirt imprimé,XS,2,24.9,0,49.8
11919,2025-06-13,C0377,Boutique,Accessoires,Casquette,Unique,1,19.9,0,19.9
11920,2025-06-13,C0110,Boutique,T-shirts,T-shirt basique,L,1,19.9,0,19.9
11920,2025-06-13,C0110,Boutique,Accessoires,Casquette,Unique,1,19.9,0,19.9
11921,2025-06-14,C0811,En ligne,Chaussures,Sneakers running,44,1,99.9,0,99.9
11921,2025-06-14,C0811,En ligne,T-shirts,T-shirt basique,S,2,19.9,0,39.8
11921,2025-06-14,C0811,En ligne,T-shirts,T-shirt oversize,L,1,29.9,0,29.9
11922,2025-06-14,C0401,En ligne,Pantalons,Jean droit,L,1,59.9,0,59.9
11922,2025-06-14,C0401,En ligne,Pantalons,Jean droit,L,1,59.9,0,59.9
11923,2025-06-14,C0361,Boutique,Chaussures,Baskets blanches,40,1,89.9,0,89.9
11923,2025-06-14,C0361,Boutique,Vestes,Veste en jean,M,1,79.9,0,79.9
11924,2025-06-14,C0618,Boutique,T-shirts,T-shirt imprimé,L,1,24.9,0,24.9
11925,2025-06-14,C0228,Boutique,T-shirts,T-shirt imprimé,M,1,24.9,0,24.9
11926,2025-06-14,C0051,En ligne,Accessoires,Casquette,Unique,1,19.9,0,19.9
11927,2025-06-14,C0064,Boutique,Pantalons,Jean droit,S,1,59.9,0,59.9
11928,2025-06-14,C0002,Boutique,T-shirts,T-shirt oversize,L,1,29.9,0,29.9
11929,2025-06-14,C0572,Boutique,T-shirts,T-shirt basique,M,2,19.9,0,39.8
11929,2025-06-14,C0572,Boutique,Accessoires,Ceinture,Unique,2,29.9,0,59.8
11930,2025-06-14,C0547,Boutique,Pantalons,Pantalon cargo,S,1,49.9,0,49.9
11930,2025-06-14,C0547,Boutique,T-shirts,T-shirt basique,XL,2,19.9,0,39.8
11931,2025-06-14,C0021,Boutique,Vestes,Coupe-vent,XL,1,64.9,0,64.9
11932,2025-06-14,C0086,Boutique,Chaussures,Sneakers running,44,2,99.9,0,199.8
11933,2025-06-14,C0183,Boutique,T-shirts,T-shirt basique,M,1,19.9,0,19.9
11934,2025-06-14,C0217,Boutique,Pulls & sweats,Sweat col rond,M,1,39.9,0,39.9
11935,2025-06-14,C0069,Boutique,T-shirts,T-shirt imprimé,M,1,24.9,0,24.9
11936,2025-06-14,C0031,En ligne,T-shirts,T-shirt oversize,L,2,29.9,0,59.8
11936,2025-06-14,C0031,En ligne,Chaussures,Bottines,44,1,109.9,0,109.9
11937,2025-06-14,C0100,Boutique,T-shirts,T-shirt imprimé,S,1,24.9,0,24.9
11938,2025-06-14,C0485,Boutique,T-shirts,T-shirt imprimé,XS,1,24.9,0,24.9
11939,2025-06-14,C0073,En ligne,Vestes,Doudoune,M,1,119.9,0,119.9
11940,2025-06-16,C0690,Boutique,T-shirts,T-shirt oversize,L,1,29.9,0,29.9
11941,2025-06-16,C0217,Boutique,Pantalons,Jean droit,L,1,59.9,0,59.9
11942,2025-06-16,C0019,En ligne,T-shirts,T-shirt basique,L,1,19.9,0,19.9
11943,2025-06-16,C0140,Boutique,T-shirts,T-shirt basique,L,1,19.9,0,19.9
11944,2025-06-16,C0636,Boutique,Vestes,Veste en jean,XL,1,79.9,0,79.9
11945,2025-06-16,C0076,En ligne,Pantalons,Jean slim,XL,1,54.9,0,54.9
11946,2025-06-16,C0057,Boutique,T-shirts,T-shirt imprimé,XL,1,24.9,0,24.9
11946,2025-06-16,C0057,Boutique,Pantalons,Jogging,M,1,34.9,0,34.9
11947,2025-06-16,C0082,Boutique,Chaussures,Sneakers running,40,1,99.9,0,99.9
11947,2025-06-16,C0082,Boutique,T-shirts,T-shirt basique,M,1,19.9,0,19.9
11947,2025-06-16,C0082,Boutique,T-shirts,T-shirt basique,L,2,19.9,0,39.8
11948,2025-06-16,C0653,Boutique,T-shirts,T-shirt basique,XS,1,19.9,0,19.9
11949,2025-06-16,C0794,Boutique,T-shirts,T-shirt imprimé,M,1,24.9,0,24.9
11949,2025-06-16,C0794,Boutique,Accessoires,Ceinture,Unique,1,29.9,0,29.9
11950,2025-06-16,C0018,Boutique,Pulls & sweats,Pull en laine,L,1,59.9,0,59.9
11951,2025-06-16,C0305,Boutique,Accessoires,Casquette,Unique,1,19.9,0,19.9
11952,2025-06-16,C0114,Boutique,T-shirts,T-shirt imprimé,M,1,24.9,0,24.9
11952,2025-06-16,C0114,Boutique,T-shirts,T-shirt oversize,S,1,29.9,0,29.9
11953,2025-06-16,C0396,Boutique,Pantalons,Jogging,S,1,34.9,0,34.9
11954,2025-06-16,C0666,Boutique,Pulls & sweats,Pull en laine,L,1,59.9,0,59.9
11955,2025-06-17,C0737,En ligne,T-shirts,T-shirt oversize,M,1,29.9,0,29.9
11956,2025-06-17,C0039,En ligne,T-shirts,T-shirt imprimé,L,2,24.9,0,49.8
11957,2025-06-17,C0584,Boutique,T-shirts,T-shirt imprimé,M,1,24.9,0,24.9
11957,2025-06-17,C0584,Boutique,T-shirts,T-shirt imprimé,XL,1,24.9,0,24.9
11958,2025-06-17,C0300,Boutique,T-shirts,T-shirt basique,M,1,19.9,0,19.9
11959,2025-06-17,C0073,Boutique,Chaussures,Baskets blanches,41,1,89.9,0,89.9
11960,2025-06-17,C0058,En ligne,T-shirts,T-shirt imprimé,M,1,24.9,0,24.9
11961,2025-06-17,C0674,Boutique,T-shirts,T-shirt oversize,M,1,29.9,0,29.9
11962,2025-06-17,C0489,Boutique,Pantalons,Pantalon cargo,S,1,49.9,0,49.9
11963,2025-06-17,C0779,Boutique,Chaussures,Baskets blanches,39,2,89.9,0,179.8
11964,2025-06-17,C0309,Boutique,T-shirts,T-shirt oversize,M,1,29.9,0,29.9
11965,2025-06-17,C0103,Boutique,T-shirts,T-shirt basique,M,1,19.9,0,19.9
11965,2025-06-17,C0103,Boutique,Pantalons,Pantalon cargo,XS,1,49.9,0,49.9
11966,2025-06-17,C0229,Boutique,T-shirts,T-shirt oversize,S,2,29.9,0,59.8
11966,2025-06-17,C0229,Boutique,Accessoires,Bonnet,Unique,1,17.9,0,17.9
11967,2025-06-17,C0880,Boutique,Chaussures,Bottines,43,1,109.9,0,109.9
11968,2025-06-18,C0003,Boutique,Accessoires,Sac banane,Unique,1,34.9,0,34.9
11969,2025-06-18,C0268,Boutique,T-shirts,T-shirt oversize,M,1,29.9,0,29.9
11970,2025-06-18,C0029,Boutique,T-shirts,T-shirt basique,S,1,19.9,0,19.9
11971,2025-06-18,C0162,Boutique,T-shirts,T-shirt basique,M,1,19.9,0,19.9
11971,2025-06-18,C0162,Boutique,T-shirts,T-shirt imprimé,S,1,24.9,0,24.9
11972,2025-06-18,C0085,Boutique,Pantalons,Jogging,M,1,34.9,0,34.9
11973,2025-06-18,C0071,Boutique,Chaussures,Sneakers running,40,1,99.9,0,99.9
11973,2025-06-18,C0071,Boutique,Pantalons,Pantalon cargo,M,1,49.9,0,49.9
11973,2025-06-18,C0071,Boutique,T-shirts,T-shirt oversize,L,1,29.9,0,29.9
11974,2025-06-18,C0293,En ligne,Accessoires,Écharpe,Unique,1,24.9,0,24.9
11975,2025-06-18,C0020,En ligne,Accessoires,Casquette,Unique,1,19.9,0,19.9
11975,2025-06-18,C0020,En ligne,Accessoires,Sac banane,Unique,2,34.9,0,69.8
11976,2025-06-18,C0347,En ligne,Chaussures,Baskets blanches,40,1,89.9,0,89.9
11976,2025-06-18,C0347,En ligne,Pantalons,Jean droit,S,1,59.9,0,59.9
11977,2025-06-18,C0018,Boutique,T-shirts,T-shirt basique,S,2,19.9,0,39.8
11978,2025-06-18,C0033,Boutique,Chaussures,Baskets blanches,42,1,89.9,0,89.9
11979,2025-06-18,C0374,Boutique,Accessoires,Bonnet,Unique,1,17.9,0,17.9
11980,2025-06-19,C0356,Boutique,Accessoires,Casquette,Unique,1,19.9,0,19.9
11981,2025-06-19,C0216,En ligne,T-shirts,T-shirt basique,M,1,19.9,0,19.9
11981,2025-06-19,C0216,En ligne,T-shirts,T-shirt imprimé,XS,1,24.9,0,24.9
11981,2025-06-19,C0216,En ligne,T-shirts,T-shirt basique,M,1,19.9,0,19.9
11982,2025-06-19,C0819,Boutique,Accessoires,Casquette,Unique,1,19.9,0,19.9
11982,2025-06-19,C0819,Boutique,Chaussures,Baskets blanches,40,1,89.9,0,89.9
11983,2025-06-19,C0113,Boutique,Accessoires,Ceinture,Unique,2,29.9,0,59.8
11984,2025-06-19,C0114,Boutique,Accessoires,Ceinture,Unique,1,29.9,0,29.9
11984,2025-06-19,C0114,Boutique,Chaussures,Bottines,42,1,109.9,0,109.9
11985,2025-06-19,C0101,Boutique,T-shirts,T-shirt imprimé,M,1,24.9,0,24.9
11985,2025-06-19,C0101,Boutique,Pantalons,Jogging,L,1,34.9,0,34.9
11985,2025-06-19,C0101,Boutique,Vestes,Veste en jean,XL,1,79.9,0,79.9
11986,2025-06-19,C0041,Boutique,Pantalons,Pantalon cargo,L,1,49.9,0,49.9
11986,2025-06-19,C0041,Boutique,T-shirts,T-shirt imprimé,L,2,24.9,0,49.8
11987,2025-06-19,C0032,Boutique,Pantalons,Jean slim,S,1,54.9,0,54.9
11987,2025-06-19,C0032,Boutique,T-shirts,T-shirt basique,M,1,19.9,0,19.9
11988,2025-06-19,C0242,Boutique,Pantalons,Jean slim,XL,1,54.9,0,54.9
11988,2025-06-19,C0242,Boutique,Accessoires,Ceinture,Unique,2,29.9,0,59.8
11988,2025-06-19,C0242,Boutique,Accessoires,Ceinture,Unique,1,29.9,0,29.9
11989,2025-06-19,C0081,Boutique,T-shirts,T-shirt oversize,M,2,29.9,0,59.8
11990,2025-06-19,C0183,Boutique,Accessoires,Casquette,Unique,1,19.9,0,19.9
11990,2025-06-19,C0183,Boutique,T-shirts,T-shirt basique,XL,2,19.9,0,39.8
11991,2025-06-19,C0256,En ligne,T-shirts,T-shirt imprimé,S,2,24.9,0,49.8
11992,2025-06-19,C0023,Boutique,Accessoires,Sac banane,Unique,2,34.9,0,69.8
11993,2025-06-19,C0025,Boutique,T-shirts,T-shirt oversize,S,1,29.9,0,29.9
11993,2025-06-19,C0025,Boutique,T-shirts,T-shirt imprimé,XL,1,24.9,0,24.9
11994,2025-06-19,C0065,Boutique,Pantalons,Pantalon cargo,M,1,49.9,0,49.9
11995,2025-06-19,C0011,Boutique,Pulls & sweats,Sweat col rond,XS,1,39.9,0,39.9
11995,2025-06-19,C0011,Boutique,Chaussures,Bottines,44,1,109.9,0,109.9
11996,2025-06-19,C0264,Boutique,Pulls & sweats,Sweat col rond,S,1,39.9,0,39.9
11996,2025-06-19,C0264,Boutique,Accessoires,Écharpe,Unique,1,24.9,0,24.9
11996,2025-06-19,C0264,Boutique,T-shirts,T-shirt imprimé,M,2,24.9,0,49.8
11997,2025-06-19,C0164,Boutique,T-shirts,T-shirt basique,M,2,19.9,0,39.8
11998,2025-06-19,C0104,Boutique,T-shirts,T-shirt oversize,S,2,29.9,0,59.8
11999,2025-06-19,C0010,Boutique,Accessoires,Ceinture,Unique,1,29.9,0,29.9
11999,2025-06-19,C0010,Boutique,T-shirts,T-shirt imprimé,L,1,24.9,0,24.9
12000,2025-06-19,C0239,Boutique,Chaussures,Baskets blanches,40,1,89.9,0,89.9
12001,2025-06-20,C0185,En ligne,T-shirts,T-shirt imprimé,XS,1,24.9,0,24.9
12002,2025-06-20,C0348,En ligne,T-shirts,T-shirt oversize,L,1,29.9,0,29.9
12003,2025-06-20,C0074,Boutique,Chaussures,Baskets blanches,44,1,89.9,0,89.9
12003,2025-06-20,C0074,Boutique,T-shirts,T-shirt basique,L,1,19.9,0,19.9
12004,2025-06-20,C0382,Boutique,Accessoires,Casquette,Unique,1,19.9,0,19.9
12005,2025-06-20,C0891,Boutique,Pantalons,Jogging,XS,1,34.9,0,34.9
12006,2025-06-20,C0113,Boutique,Pantalons,Jogging,M,1,34.9,0,34.9
12007,2025-06-20,C0108,Boutique,Pulls & sweats,Sweat col rond,XL,2,39.9,0,79.8
12008,2025-06-20,C0654,Boutique,T-shirts,T-shirt imprimé,XL,1,24.9,0,24.9
12009,2025-06-20,C0289,Boutique,T-shirts,T-shirt oversize,M,1,29.9,0,29.9
12010,2025-06-20,C0038,Boutique,T-shirts,T-shirt imprimé,S,1,24.9,0,24.9
12011,2025-06-20,C0003,Boutique,T-shirts,T-shirt oversize,S,1,29.9,0,29.9
12012,2025-06-20,C0289,Boutique,Accessoires,Sac banane,Unique,1,34.9,0,34.9
12012,2025-06-20,C0289,Boutique,Chaussures,Baskets blanches,43,1,89.9,0,89.9
12012,2025-06-20,C0289,Boutique,Pantalons,Jogging,M,1,34.9,0,34.9
12013,2025-06-20,C0590,Boutique,T-shirts,T-shirt oversize,L,1,29.9,0,29.9
12014,2025-06-20,C0029,Boutique,T-shirts,T-shirt oversize,L,1,29.9,0,29.9
12015,2025-06-20,C0045,Boutique,Pantalons,Jean droit,S,1,59.9,0,59.9
12015,2025-06-20,C0045,Boutique,T-shirts,T-shirt imprimé,M,1,24.9,0,24.9
12016,2025-06-20,C0032,Boutique,Pantalons,Jean slim,M,2,54.9,0,109.8
12016,2025-06-20,C0032,Boutique,T-shirts,T-shirt imprimé,M,1,24.9,0,24.9
12017,2025-06-20,C0579,Boutique,Pantalons,Jogging,M,1,34.9,0,34.9
12018,2025-06-20,C0250,Boutique,Pantalons,Jean droit,M,2,59.9,0,119.8
12019,2025-06-20,C0690,Boutique,T-shirts,T-shirt imprimé,L,1,24.9,0,24.9
12019,2025-06-20,C0690,Boutique,Pantalons,Jean slim,XL,2,54.9,0,109.8
12019,2025-06-20,C0690,Boutique,Accessoires,Ceinture,Unique,1,29.9,0,29.9
12020,2025-06-21,C0254,Boutique,Accessoires,Casquette,Unique,2,19.9,0,39.8
12021,2025-06-21,C0085,Boutique,Accessoires,Sac banane,Unique,1,34.9,0,34.9
12022,2025-06-21,C0870,Boutique,T-shirts,T-shirt basique,M,1,19.9,0,19.9
12022,2025-06-21,C0870,Boutique,Accessoires,Sac banane,Unique,1,34.9,0,34.9
12022,2025-06-21,C0870,Boutique,Chaussures,Sneakers running,39,2,99.9,0,199.8
12023,2025-06-21,C0494,Boutique,T-shirts,T-shirt oversize,L,1,29.9,0,29.9
12024,2025-06-21,C0082,Boutique,T-shirts,T-shirt oversize,S,1,29.9,0,29.9
12025,2025-06-21,C0017,Boutique,Pulls & sweats,Pull en laine,L,2,59.9,0,119.8
12026,2025-06-21,C0076,Boutique,Vestes,Coupe-vent,M,1,64.9,0,64.9
12026,2025-06-21,C0076,Boutique,Pantalons,Jean slim,L,2,54.9,0,109.8
12027,2025-06-21,C0051,Boutique,Accessoires,Sac banane,Unique,1,34.9,0,34.9
12027,2025-06-21,C0051,Boutique,T-shirts,T-shirt imprimé,S,1,24.9,0,24.9
12028,2025-06-21,C0027,Boutique,Pantalons,Jean droit,S,1,59.9,0,59.9
12029,2025-06-21,C0056,Boutique,Pantalons,Pantalon cargo,M,2,49.9,0,99.8
12030,2025-06-21,C0456,En ligne,Chaussures,Bottines,41,1,109.9,0,109.9
12031,2025-06-21,C0057,Boutique,T-shirts,T-shirt basique,M,1,19.9,0,19.9
12032,2025-06-21,C0088,Boutique,Chaussures,Sneakers running,41,1,99.9,0,99.9
12033,2025-06-23,C0822,Boutique,Pulls & sweats,Sweat à capuche,M,1,49.9,0,49.9
12034,2025-06-23,C0352,En ligne,Pantalons,Jean slim,S,2,54.9,0,109.8
12034,2025-06-23,C0352,En ligne,Pantalons,Jean slim,M,1,54.9,0,54.9
12035,2025-06-23,C0171,Boutique,Pulls & sweats,Sweat à capuche,S,1,49.9,0,49.9
12036,2025-06-23,C0033,En ligne,Pantalons,Jogging,M,1,34.9,0,34.9
12037,2025-06-23,C0019,Boutique,Pantalons,Pantalon cargo,S,1,49.9,0,49.9
12038,2025-06-23,C0072,Boutique,T-shirts,T-shirt oversize,M,1,29.9,0,29.9
12039,2025-06-23,C0105,Boutique,Pantalons,Jogging,L,1,34.9,0,34.9
12040,2025-06-23,C0567,Boutique,T-shirts,T-shirt basique,M,2,19.9,0,39.8
12040,2025-06-23,C0567,Boutique,T-shirts,T-shirt basique,S,1,19.9,0,19.9
12040,2025-06-23,C0567,Boutique,Chaussures,Sneakers running,44,1,99.9,0,99.9
12041,2025-06-23,C0607,Boutique,T-shirts,T-shirt basique,XL,1,19.9,0,19.9
12041,2025-06-23,C0607,Boutique,T-shirts,T-shirt imprimé,S,1,24.9,0,24.9
12042,2025-06-23,C0846,Boutique,Accessoires,Écharpe,Unique,1,24.9,0,24.9
12043,2025-06-23,C0515,Boutique,Accessoires,Casquette,Unique,1,19.9,0,19.9
12043,2025-06-23,C0515,Boutique,T-shirts,T-shirt oversize,XS,1,29.9,0,29.9
12043,2025-06-23,C0515,Boutique,Vestes,Doudoune,XL,1,119.9,0,119.9
12044,2025-06-23,C0030,En ligne,Accessoires,Écharpe,Unique,1,24.9,0,24.9
12045,2025-06-23,C0045,Boutique,T-shirts,T-shirt imprimé,XL,1,24.9,0,24.9
12046,2025-06-23,C0384,En ligne,Pulls & sweats,Sweat à capuche,XL,1,49.9,0,49.9
12046,2025-06-23,C0384,En ligne,Pantalons,Jogging,S,2,34.9,0,69.8
12046,2025-06-23,C0384,En ligne,Accessoires,Bonnet,Unique,1,17.9,0,17.9
12047,2025-06-23,C0128,Boutique,T-shirts,T-shirt oversize,S,1,29.9,0,29.9
12048,2025-06-23,C0265,Boutique,Pulls & sweats,Sweat col rond,L,1,39.9,0,39.9
12049,2025-06-23,C0029,Boutique,T-shirts,T-shirt basique,M,1,19.9,0,19.9
12050,2025-06-23,C0084,Boutique,Chaussures,Baskets blanches,44,1,89.9,0,89.9
12051,2025-06-24,C0095,En ligne,T-shirts,T-shirt basique,XS,2,19.9,0,39.8
12052,2025-06-24,C0484,En ligne,T-shirts,T-shirt imprimé,M,1,24.9,0,24.9
12052,2025-06-24,C0484,En ligne,T-shirts,T-shirt oversize,S,1,29.9,0,29.9
12053,2025-06-24,C0042,Boutique,T-shirts,T-shirt basique,M,1,19.9,0,19.9
12054,2025-06-24,C0355,En ligne,T-shirts,T-shirt basique,M,2,19.9,0,39.8
12054,2025-06-24,C0355,En ligne,T-shirts,T-shirt basique,XS,1,19.9,0,19.9
12055,2025-06-24,C0542,Boutique,T-shirts,T-shirt basique,M,1,19.9,0,19.9
12056,2025-06-24,C0030,Boutique,T-shirts,T-shirt basique,XL,1,19.9,0,19.9
12056,2025-06-24,C0030,Boutique,Chaussures,Sneakers running,42,1,99.9,0,99.9
12057,2025-06-24,C0075,Boutique,Pantalons,Jean droit,L,1,59.9,0,59.9
12057,2025-06-24,C0075,Boutique,Pantalons,Jean slim,M,1,54.9,0,54.9
12058,2025-06-24,C0228,En ligne,Pulls & sweats,Sweat à capuche,S,1,49.9,0,49.9
12059,2025-06-24,C0616,Boutique,T-shirts,T-shirt imprimé,XL,1,24.9,0,24.9
12060,2025-06-24,C0571,En ligne,Pantalons,Jogging,S,1,34.9,0,34.9
12060,2025-06-24,C0571,En ligne,Pantalons,Jean droit,XS,1,59.9,0,59.9
12061,2025-06-24,C0057,Boutique,Accessoires,Bonnet,Unique,2,17.9,0,35.8
12062,2025-06-24,C0495,Boutique,T-shirts,T-shirt oversize,S,1,29.9,0,29.9
12062,2025-06-24,C0495,Boutique,Pulls & sweats,Pull en laine,S,1,59.9,0,59.9
12063,2025-06-24,C0012,Boutique,Pulls & sweats,Sweat à capuche,M,1,49.9,0,49.9
12064,2025-06-24,C0318,En ligne,T-shirts,T-shirt oversize,XL,1,29.9,0,29.9
12064,2025-06-24,C0318,En ligne,Vestes,Veste en jean,XL,1,79.9,0,79.9
12065,2025-06-24,C0076,Boutique,Chaussures,Baskets blanches,43,1,89.9,0,89.9
12065,2025-06-24,C0076,Boutique,Pantalons,Jogging,XS,1,34.9,0,34.9
12066,2025-06-24,C0853,Boutique,T-shirts,T-shirt oversize,M,1,29.9,0,29.9
12066,2025-06-24,C0853,Boutique,Chaussures,Bottines,40,2,109.9,0,219.8
12067,2025-06-24,C0400,En ligne,Accessoires,Écharpe,Unique,1,24.9,0,24.9
12067,2025-06-24,C0400,En ligne,Accessoires,Sac banane,Unique,1,34.9,0,34.9
12067,2025-06-24,C0400,En ligne,Pantalons,Jogging,XL,1,34.9,0,34.9
12068,2025-06-24,C0100,Boutique,Chaussures,Bottines,40,1,109.9,0,109.9
12069,2025-06-24,C0760,En ligne,T-shirts,T-shirt basique,M,1,19.9,0,19.9
12070,2025-06-24,C0624,Boutique,Vestes,Doudoune,S,1,119.9,0,119.9
12070,2025-06-24,C0624,Boutique,Pantalons,Jogging,M,2,34.9,0,69.8
12071,2025-06-25,C0769,Boutique,Accessoires,Écharpe,Unique,1,24.9,0,24.9
12072,2025-06-25,C0814,Boutique,Chaussures,Baskets blanches,42,1,89.9,0,89.9
12073,2025-06-25,C0108,En ligne,Vestes,Doudoune,M,1,119.9,0,119.9
12073,2025-06-25,C0108,En ligne,Pulls & sweats,Sweat col rond,S,1,39.9,0,39.9
12074,2025-06-25,C0063,Boutique,Accessoires,Écharpe,Unique,1,24.9,0,24.9
12075,2025-06-25,C0024,Boutique,Accessoires,Sac banane,Unique,1,34.9,0,34.9
12075,2025-06-25,C0024,Boutique,T-shirts,T-shirt basique,M,1,19.9,0,19.9
12076,2025-06-25,C0019,Boutique,Pulls & sweats,Sweat à capuche,L,1,49.9,0,49.9
12077,2025-06-25,C0107,Boutique,Pantalons,Jean slim,M,1,54.9,0,54.9
12077,2025-06-25,C0107,Boutique,Chaussures,Sneakers running,40,1,99.9,0,99.9
12078,2025-06-26,C0125,Boutique,T-shirts,T-shirt basique,M,2,19.9,0,39.8
12078,2025-06-26,C0125,Boutique,Accessoires,Ceinture,Unique,1,29.9,0,29.9
12079,2025-06-26,C0323,Boutique,Pulls & sweats,Sweat col rond,M,1,39.9,0,39.9
12080,2025-06-26,C0817,En ligne,T-shirts,T-shirt imprimé,XL,1,24.9,0,24.9
12081,2025-06-26,C0092,Boutique,Accessoires,Sac banane,Unique,1,34.9,0,34.9
12082,2025-06-26,C0052,En ligne,T-shirts,T-shirt imprimé,M,1,24.9,0,24.9
12083,2025-06-26,C0215,Boutique,T-shirts,T-shirt basique,M,1,19.9,0,19.9
12083,2025-06-26,C0215,Boutique,Accessoires,Ceinture,Unique,1,29.9,0,29.9
12084,2025-06-26,C0299,Boutique,Chaussures,Bottines,40,1,109.9,0,109.9
12085,2025-06-26,C0582,En ligne,Accessoires,Casquette,Unique,1,19.9,0,19.9
12086,2025-06-26,C0087,Boutique,Accessoires,Bonnet,Unique,1,17.9,0,17.9
12086,2025-06-26,C0087,Boutique,T-shirts,T-shirt basique,M,2,19.9,0,39.8
12087,2025-06-26,C0785,Boutique,T-shirts,T-shirt basique,M,1,19.9,0,19.9
12088,2025-06-26,C0033,En ligne,Chaussures,Baskets blanches,39,1,89.9,0,89.9
12088,2025-06-26,C0033,En ligne,Vestes,Coupe-vent,XL,1,64.9,0,64.9
12089,2025-06-26,C0210,Boutique,Vestes,Veste en jean,S,1,79.9,0,79.9
12089,2025-06-26,C0210,Boutique,Accessoires,Casquette,Unique,1,19.9,0,19.9
12090,2025-06-26,C0560,En ligne,T-shirts,T-shirt imprimé,M,1,24.9,0,24.9
12091,2025-06-26,C0878,Boutique,Vestes,Coupe-vent,S,1,64.9,0,64.9
12092,2025-06-26,C0236,Boutique,Accessoires,Sac banane,Unique,1,34.9,0,34.9
12092,2025-06-26,C0236,Boutique,Accessoires,Ceinture,Unique,1,29.9,0,29.9
12093,2025-06-27,C0097,Boutique,Pantalons,Jean slim,S,1,54.9,0,54.9
12093,2025-06-27,C0097,Boutique,Pantalons,Pantalon cargo,M,2,49.9,0,99.8
12094,2025-06-27,C0893,Boutique,T-shirts,T-shirt oversize,L,1,29.9,0,29.9
12094,2025-06-27,C0893,Boutique,T-shirts,T-shirt oversize,S,2,29.9,0,59.8
12094,2025-06-27,C0893,Boutique,Pantalons,Jogging,S,1,34.9,0,34.9
12095,2025-06-27,C0436,Boutique,Accessoires,Casquette,Unique,1,19.9,0,19.9
12095,2025-06-27,C0436,Boutique,Accessoires,Écharpe,Unique,1,24.9,0,24.9
12095,2025-06-27,C0436,Boutique,Chaussures,Baskets blanches,40,1,89.9,0,89.9
12096,2025-06-27,C0779,Boutique,Pantalons,Jogging,L,1,34.9,0,34.9
12097,2025-06-27,C0228,Boutique,T-shirts,T-shirt imprimé,L,1,24.9,0,24.9
12098,2025-06-27,C0092,En ligne,Accessoires,Écharpe,Unique,1,24.9,0,24.9
12099,2025-06-27,C0895,Boutique,Pantalons,Jogging,S,1,34.9,0,34.9
12100,2025-06-27,C0006,Boutique,Accessoires,Bonnet,Unique,2,17.9,0,35.8
12101,2025-06-27,C0742,Boutique,T-shirts,T-shirt imprimé,XS,1,24.9,0,24.9
12102,2025-06-27,C0089,Boutique,Chaussures,Baskets blanches,40,1,89.9,0,89.9
12103,2025-06-27,C0100,En ligne,T-shirts,T-shirt oversize,M,1,29.9,0,29.9
12104,2025-06-27,C0082,Boutique,T-shirts,T-shirt imprimé,L,1,24.9,0,24.9
12105,2025-06-27,C0155,Boutique,Accessoires,Sac banane,Unique,1,34.9,0,34.9
12105,2025-06-27,C0155,Boutique,T-shirts,T-shirt imprimé,M,1,24.9,0,24.9
12105,2025-06-27,C0155,Boutique,T-shirts,T-shirt basique,XS,1,19.9,0,19.9
12106,2025-06-27,C0711,Boutique,Pulls & sweats,Sweat à capuche,L,1,49.9,0,49.9
12107,2025-06-28,C0102,Boutique,Pantalons,Jean droit,M,1,59.9,0,59.9
12108,2025-06-28,C0058,Boutique,T-shirts,T-shirt oversize,L,1,29.9,0,29.9
12109,2025-06-28,C0103,Boutique,Pantalons,Jean droit,M,1,59.9,0,59.9
12110,2025-06-28,C0044,Boutique,T-shirts,T-shirt basique,S,1,19.9,0,19.9
12110,2025-06-28,C0044,Boutique,Accessoires,Sac banane,Unique,2,34.9,0,69.8
12111,2025-06-28,C0060,En ligne,T-shirts,T-shirt basique,S,1,19.9,0,19.9
12112,2025-06-28,C0027,Boutique,T-shirts,T-shirt oversize,XS,1,29.9,0,29.9
12113,2025-06-28,C0019,En ligne,Accessoires,Écharpe,Unique,2,24.9,0,49.8
12114,2025-06-28,C0287,Boutique,Accessoires,Casquette,Unique,1,19.9,0,19.9
12114,2025-06-28,C0287,Boutique,Pantalons,Jean slim,XS,1,54.9,0,54.9
12115,2025-06-28,C0032,Boutique,T-shirts,T-shirt basique,S,1,19.9,0,19.9
12115,2025-06-28,C0032,Boutique,Accessoires,Bonnet,Unique,1,17.9,0,17.9
12115,2025-06-28,C0032,Boutique,T-shirts,T-shirt oversize,S,1,29.9,0,29.9
12116,2025-06-28,C0117,Boutique,T-shirts,T-shirt oversize,L,2,29.9,0,59.8
12116,2025-06-28,C0117,Boutique,T-shirts,T-shirt imprimé,L,1,24.9,0,24.9
12117,2025-06-28,C0486,Boutique,T-shirts,T-shirt oversize,L,1,29.9,0,29.9
12118,2025-06-28,C0013,En ligne,Pulls & sweats,Sweat col rond,L,1,39.9,0,39.9
12119,2025-06-28,C0025,Boutique,T-shirts,T-shirt imprimé,M,1,24.9,0,24.9
12119,2025-06-28,C0025,Boutique,Pantalons,Jean slim,S,1,54.9,0,54.9
12120,2025-06-28,C0086,En ligne,Pantalons,Jean slim,M,1,54.9,0,54.9
12120,2025-06-28,C0086,En ligne,Accessoires,Écharpe,Unique,1,24.9,0,24.9
12120,2025-06-28,C0086,En ligne,Accessoires,Ceinture,Unique,1,29.9,0,29.9
12121,2025-06-28,C0811,Boutique,Chaussures,Baskets blanches,42,1,89.9,0,89.9
12121,2025-06-28,C0811,Boutique,Accessoires,Casquette,Unique,1,19.9,0,19.9
12121,2025-06-28,C0811,Boutique,T-shirts,T-shirt imprimé,M,1,24.9,0,24.9
12122,2025-06-28,C0106,Boutique,Accessoires,Casquette,Unique,1,19.9,0,19.9
12122,2025-06-28,C0106,Boutique,Pantalons,Jean droit,M,1,59.9,0,59.9
12122,2025-06-28,C0106,Boutique,T-shirts,T-shirt oversize,L,1,29.9,0,29.9
12123,2025-06-28,C0787,Boutique,Pulls & sweats,Sweat col rond,L,1,39.9,0,39.9
12123,2025-06-28,C0787,Boutique,Accessoires,Bonnet,Unique,1,17.9,0,17.9
12123,2025-06-28,C0787,Boutique,T-shirts,T-shirt imprimé,XL,1,24.9,0,24.9
12124,2025-06-28,C0021,En ligne,Pantalons,Pantalon cargo,S,1,49.9,0,49.9
12125,2025-06-28,C0010,En ligne,T-shirts,T-shirt oversize,XL,1,29.9,0,29.9
12125,2025-06-28,C0010,En ligne,T-shirts,T-shirt basique,M,1,19.9,0,19.9
12125,2025-06-28,C0010,En ligne,Accessoires,Bonnet,Unique,1,17.9,0,17.9
12126,2025-06-28,C0071,Boutique,T-shirts,T-shirt oversize,M,2,29.9,0,59.8
12127,2025-06-28,C0627,En ligne,Pantalons,Jean slim,S,1,54.9,0,54.9
12128,2025-06-28,C0024,Boutique,T-shirts,T-shirt oversize,L,1,29.9,0,29.9
12128,2025-06-28,C0024,Boutique,Accessoires,Bonnet,Unique,1,17.9,0,17.9
12129,2025-06-28,C0059,Boutique,Pantalons,Jogging,M,1,34.9,0,34.9
12130,2025-06-28,C0070,Boutique,Pantalons,Jean slim,L,2,54.9,0,109.8
12131,2025-06-28,C0492,Boutique,T-shirts,T-shirt basique,L,2,19.9,0,39.8
12132,2025-06-28,C0528,En ligne,Pulls & sweats,Sweat à capuche,S,1,49.9,0,49.9
12133,2025-06-28,C0099,Boutique,T-shirts,T-shirt oversize,M,1,29.9,0,29.9
12134,2025-06-28,C0065,En ligne,Accessoires,Bonnet,Unique,2,17.9,0,35.8
12135,2025-06-28,C0034,Boutique,T-shirts,T-shirt basique,S,1,19.9,0,19.9
12135,2025-06-28,C0034,Boutique,Pulls & sweats,Sweat à capuche,M,1,49.9,0,49.9
12136,2025-06-30,C0114,Boutique,Pulls & sweats,Sweat à capuche,S,1,49.9,0,49.9
12136,2025-06-30,C0114,Boutique,Pantalons,Pantalon cargo,L,2,49.9,0,99.8
12137,2025-06-30,C0724,Boutique,Chaussures,Baskets blanches,44,2,89.9,0,179.8
12137,2025-06-30,C0724,Boutique,T-shirts,T-shirt imprimé,L,1,24.9,0,24.9
12137,2025-06-30,C0724,Boutique,Accessoires,Bonnet,Unique,2,17.9,0,35.8
12138,2025-06-30,C0005,Boutique,T-shirts,T-shirt imprimé,XL,1,24.9,0,24.9
12139,2025-06-30,C0809,Boutique,T-shirts,T-shirt imprimé,XL,1,24.9,0,24.9
12139,2025-06-30,C0809,Boutique,T-shirts,T-shirt imprimé,S,1,24.9,0,24.9
12140,2025-06-30,C0013,Boutique,T-shirts,T-shirt oversize,M,1,29.9,0,29.9
12141,2025-06-30,C0072,Boutique,Accessoires,Écharpe,Unique,1,24.9,0,24.9
12141,2025-06-30,C0072,Boutique,T-shirts,T-shirt imprimé,XS,1,24.9,0,24.9
12142,2025-06-30,C0178,En ligne,Pulls & sweats,Sweat à capuche,M,1,49.9,0,49.9
12143,2025-06-30,C0470,En ligne,Accessoires,Bonnet,Unique,1,17.9,0,17.9
12144,2025-06-30,C0582,Boutique,Pulls & sweats,Pull en laine,XS,1,59.9,0,59.9
12144,2025-06-30,C0582,Boutique,Accessoires,Sac banane,Unique,1,34.9,0,34.9
12144,2025-06-30,C0582,Boutique,T-shirts,T-shirt oversize,L,1,29.9,0,29.9
12145,2025-06-30,C0105,Boutique,Accessoires,Écharpe,Unique,1,24.9,0,24.9
12145,2025-06-30,C0105,Boutique,Chaussures,Bottines,40,1,109.9,0,109.9
12146,2025-07-01,C0430,Boutique,T-shirts,T-shirt basique,S,1,19.9,30,13.93
12146,2025-07-01,C0430,Boutique,T-shirts,T-shirt oversize,S,1,29.9,0,29.9
12147,2025-07-01,C0504,Boutique,T-shirts,T-shirt imprimé,M,1,24.9,0,24.9
12148,2025-07-01,C0041,Boutique,T-shirts,T-shirt imprimé,M,1,24.9,30,17.43
12148,2025-07-01,C0041,Boutique,T-shirts,T-shirt imprimé,M,1,24.9,0,24.9
12149,2025-07-01,C0090,Boutique,Accessoires,Écharpe,Unique,2,24.9,0,49.8
12149,2025-07-01,C0090,Boutique,Pantalons,Jogging,M,2,34.9,30,48.86
12149,2025-07-01,C0090,Boutique,Pantalons,Pantalon cargo,M,1,49.9,30,34.93
12150,2025-07-01,C0021,Boutique,T-shirts,T-shirt basique,L,1,19.9,0,19.9
12150,2025-07-01,C0021,Boutique,T-shirts,T-shirt oversize,S,1,29.9,30,20.93
12151,2025-07-01,C0111,En ligne,T-shirts,T-shirt oversize,M,1,29.9,0,29.9
12152,2025-07-01,C0015,En ligne,Vestes,Veste en jean,S,1,79.9,0,79.9
12153,2025-07-01,C0101,En ligne,Chaussures,Bottines,39,1,109.9,0,109.9
12153,2025-07-01,C0101,En ligne,Chaussures,Baskets blanches,40,1,89.9,0,89.9
12153,2025-07-01,C0101,En ligne,Pantalons,Jean slim,XS,1,54.9,30,38.43
12154,2025-07-01,C0240,Boutique,Pantalons,Pantalon cargo,L,1,49.9,0,49.9
12155,2025-07-01,C0541,Boutique,Pulls & sweats,Sweat à capuche,L,2,49.9,30,69.86
12156,2025-07-01,C0109,En ligne,T-shirts,T-shirt basique,M,1,19.9,0,19.9
12157,2025-07-01,C0286,En ligne,T-shirts,T-shirt basique,M,1,19.9,30,13.93
12157,2025-07-01,C0286,En ligne,Chaussures,Sneakers running,40,1,99.9,0,99.9
12158,2025-07-01,C0103,Boutique,Pantalons,Jean slim,XS,2,54.9,30,76.86
12158,2025-07-01,C0103,Boutique,Chaussures,Baskets blanches,43,1,89.9,30,62.93
12159,2025-07-01,C0051,En ligne,T-shirts,T-shirt basique,M,1,19.9,0,19.9
12159,2025-07-01,C0051,En ligne,T-shirts,T-shirt basique,S,1,19.9,30,13.93
12160,2025-07-02,C0047,Boutique,Vestes,Veste en jean,XL,2,79.9,30,111.86
12161,2025-07-02,C0092,Boutique,T-shirts,T-shirt oversize,S,1,29.9,30,20.93
12161,2025-07-02,C0092,Boutique,Accessoires,Ceinture,Unique,1,29.9,30,20.93
12162,2025-07-02,C0002,Boutique,Accessoires,Écharpe,Unique,1,24.9,30,17.43
12163,2025-07-02,C0024,Boutique,Pantalons,Jogging,S,1,34.9,30,24.43
12164,2025-07-02,C0779,En ligne,T-shirts,T-shirt imprimé,L,1,24.9,30,17.43
12165,2025-07-02,C0079,Boutique,T-shirts,T-shirt basique,M,1,19.9,0,19.9
12165,2025-07-02,C0079,Boutique,Accessoires,Écharpe,Unique,1,24.9,0,24.9
12166,2025-07-02,C0497,Boutique,Pantalons,Jogging,XL,1,34.9,30,24.43
12167,2025-07-02,C0037,Boutique,Chaussures,Bottines,43,1,109.9,30,76.93
12167,2025-07-02,C0037,Boutique,T-shirts,T-shirt basique,S,1,19.9,0,19.9
12168,2025-07-02,C0139,En ligne,T-shirts,T-shirt basique,XL,1,19.9,30,13.93
12169,2025-07-02,C0782,Boutique,Pantalons,Jogging,L,1,34.9,30,24.43
12170,2025-07-02,C0366,En ligne,T-shirts,T-shirt oversize,M,1,29.9,0,29.9
12170,2025-07-02,C0366,En ligne,Chaussures,Baskets blanches,39,1,89.9,30,62.93
12171,2025-07-02,C0306,Boutique,T-shirts,T-shirt basique,XL,1,19.9,30,13.93
12172,2025-07-02,C0665,Boutique,Accessoires,Écharpe,Unique,1,24.9,0,24.9
12173,2025-07-02,C0635,Boutique,T-shirts,T-shirt oversize,S,2,29.9,30,41.86
12174,2025-07-02,C0117,En ligne,Accessoires,Casquette,Unique,1,19.9,30,13.93
12175,2025-07-02,C0019,En ligne,T-shirts,T-shirt oversize,M,1,29.9,0,29.9
12175,2025-07-02,C0019,En ligne,T-shirts,T-shirt imprimé,S,1,24.9,0,24.9
12175,2025-07-02,C0019,En ligne,Accessoires,Sac banane,Unique,2,34.9,30,48.86
12176,2025-07-02,C0096,En ligne,T-shirts,T-shirt imprimé,L,2,24.9,30,34.86
12177,2025-07-02,C0065,Boutique,Pulls & sweats,Sweat à capuche,M,1,49.9,30,34.93
12178,2025-07-02,C0885,En ligne,T-shirts,T-shirt imprimé,S,2,24.9,30,34.86
12179,2025-07-02,C0048,Boutique,T-shirts,T-shirt imprimé,XL,1,24.9,30,17.43
12180,2025-07-03,C0086,Boutique,T-shirts,T-shirt imprimé,S,1,24.9,30,17.43
12181,2025-07-03,C0863,Boutique,Pulls & sweats,Pull en laine,XS,1,59.9,30,41.93
12181,2025-07-03,C0863,Boutique,T-shirts,T-shirt imprimé,M,1,24.9,0,24.9
12182,2025-07-03,C0104,En ligne,Pantalons,Jean droit,S,1,59.9,0,59.9
12182,2025-07-03,C0104,En ligne,Pantalons,Pantalon cargo,L,2,49.9,30,69.86
12183,2025-07-03,C0304,Boutique,Pantalons,Pantalon cargo,M,1,49.9,0,49.9
12183,2025-07-03,C0304,Boutique,T-shirts,T-shirt basique,M,1,19.9,0,19.9
12184,2025-07-03,C0152,Boutique,Pantalons,Pantalon cargo,M,2,49.9,30,69.86
12185,2025-07-03,C0058,Boutique,T-shirts,T-shirt imprimé,L,2,24.9,0,49.8
12186,2025-07-03,C0214,Boutique,Pulls & sweats,Pull en laine,S,1,59.9,30,41.93
12186,2025-07-03,C0214,Boutique,Accessoires,Ceinture,Unique,1,29.9,0,29.9
12186,2025-07-03,C0214,Boutique,Pantalons,Jogging,L,2,34.9,0,69.8
12187,2025-07-03,C0536,Boutique,T-shirts,T-shirt basique,L,1,19.9,0,19.9
12188,2025-07-03,C0045,Boutique,Accessoires,Sac banane,Unique,1,34.9,30,24.43
12188,2025-07-03,C0045,Boutique,Pantalons,Jean slim,L,2,54.9,30,76.86
12189,2025-07-04,C0025,Boutique,Pulls & sweats,Sweat à capuche,XL,1,49.9,30,34.93
12189,2025-07-04,C0025,Boutique,Pantalons,Pantalon cargo,L,1,49.9,30,34.93
12190,2025-07-04,C0884,En ligne,Pantalons,Jean droit,L,1,59.9,30,41.93
12190,2025-07-04,C0884,En ligne,Chaussures,Baskets blanches,39,1,89.9,30,62.93
12191,2025-07-04,C0180,Boutique,T-shirts,T-shirt basique,L,1,19.9,0,19.9
12192,2025-07-04,C0622,En ligne,Pulls & sweats,Sweat à capuche,XL,1,49.9,30,34.93
12193,2025-07-04,C0037,En ligne,Pantalons,Jean droit,S,1,59.9,30,41.93
12194,2025-07-04,C0593,En ligne,Accessoires,Bonnet,Unique,1,17.9,30,12.53
12195,2025-07-04,C0583,Boutique,Accessoires,Écharpe,Unique,1,24.9,30,17.43
12196,2025-07-04,C0080,En ligne,Accessoires,Ceinture,Unique,1,29.9,0,29.9
12197,2025-07-04,C0028,Boutique,Accessoires,Ceinture,Unique,2,29.9,30,41.86
12198,2025-07-04,C0002,Boutique,T-shirts,T-shirt basique,S,1,19.9,30,13.93
12199,2025-07-04,C0074,En ligne,Accessoires,Bonnet,Unique,1,17.9,0,17.9
12200,2025-07-04,C0248,Boutique,T-shirts,T-shirt oversize,XL,1,29.9,30,20.93
12201,2025-07-04,C0021,Boutique,Pantalons,Pantalon cargo,L,1,49.9,0,49.9
12201,2025-07-04,C0021,Boutique,T-shirts,T-shirt imprimé,M,1,24.9,0,24.9
12202,2025-07-05,C0090,En ligne,Accessoires,Bonnet,Unique,1,17.9,30,12.53
12203,2025-07-05,C0577,Boutique,Accessoires,Ceinture,Unique,1,29.9,0,29.9
12204,2025-07-05,C0465,Boutique,T-shirts,T-shirt basique,L,1,19.9,30,13.93
12205,2025-07-05,C0024,Boutique,Accessoires,Ceinture,Unique,1,29.9,30,20.93
12206,2025-07-05,C0373,Boutique,T-shirts,T-shirt basique,XL,1,19.9,0,19.9
12206,2025-07-05,C0373,Boutique,Pantalons,Jean droit,L,1,59.9,30,41.93
12207,2025-07-05,C0796,Boutique,Accessoires,Sac banane,Unique,1,34.9,30,24.43
12208,2025-07-05,C0036,Boutique,T-shirts,T-shirt basique,XL,1,19.9,30,13.93
12209,2025-07-05,C0009,En ligne,Accessoires,Écharpe,Unique,1,24.9,0,24.9
12209,2025-07-05,C0009,En ligne,T-shirts,T-shirt oversize,M,1,29.9,30,20.93
12210,2025-07-05,C0035,En ligne,Pantalons,Pantalon cargo,S,1,49.9,30,34.93
12211,2025-07-05,C0198,Boutique,T-shirts,T-shirt basique,L,1,19.9,30,13.93
12212,2025-07-05,C0073,Boutique,Vestes,Doudoune,S,1,119.9,0,119.9
12213,2025-07-05,C0021,Boutique,Accessoires,Sac banane,Unique,1,34.9,0,34.9
12214,2025-07-05,C0630,En ligne,T-shirts,T-shirt imprimé,M,1,24.9,30,17.43
12215,2025-07-05,C0285,En ligne,T-shirts,T-shirt oversize,S,1,29.9,30,20.93
12215,2025-07-05,C0285,En ligne,T-shirts,T-shirt imprimé,S,1,24.9,0,24.9
12215,2025-07-05,C0285,En ligne,T-shirts,T-shirt imprimé,S,1,24.9,0,24.9
12216,2025-07-05,C0093,Boutique,Accessoires,Écharpe,Unique,1,24.9,30,17.43
12216,2025-07-05,C0093,Boutique,Accessoires,Ceinture,Unique,1,29.9,30,20.93
12216,2025-07-05,C0093,Boutique,Accessoires,Casquette,Unique,2,19.9,30,27.86
12217,2025-07-05,C0785,En ligne,Pantalons,Pantalon cargo,XS,1,49.9,30,34.93
12218,2025-07-05,C0014,En ligne,Accessoires,Écharpe,Unique,1,24.9,30,17.43
12218,2025-07-05,C0014,En ligne,T-shirts,T-shirt basique,S,1,19.9,0,19.9
12219,2025-07-05,C0051,Boutique,Accessoires,Ceinture,Unique,1,29.9,30,20.93
12220,2025-07-05,C0130,Boutique,Accessoires,Bonnet,Unique,2,17.9,30,25.06
12220,2025-07-05,C0130,Boutique,T-shirts,T-shirt imprimé,L,1,24.9,0,24.9
12221,2025-07-05,C0113,Boutique,Accessoires,Écharpe,Unique,1,24.9,30,17.43
12221,2025-07-05,C0113,Boutique,T-shirts,T-shirt imprimé,S,1,24.9,0,24.9
12222,2025-07-05,C0031,Boutique,Accessoires,Ceinture,Unique,1,29.9,30,20.93
12223,2025-07-05,C0059,En ligne,Pantalons,Pantalon cargo,XL,2,49.9,30,69.86
12224,2025-07-05,C0065,Boutique,Pantalons,Jean droit,XL,1,59.9,30,41.93
12225,2025-07-05,C0056,Boutique,Pulls & sweats,Sweat à capuche,M,1,49.9,30,34.93
12226,2025-07-05,C0075,Boutique,Accessoires,Écharpe,Unique,1,24.9,30,17.43
12227,2025-07-05,C0173,Boutique,Accessoires,Casquette,Unique,1,19.9,30,13.93
12228,2025-07-05,C0102,Boutique,T-shirts,T-shirt imprimé,S,1,24.9,30,17.43
12228,2025-07-05,C0102,Boutique,Chaussures,Baskets blanches,40,1,89.9,30,62.93
12229,2025-07-05,C0252,Boutique,Pantalons,Jean droit,M,1,59.9,0,59.9
12230,2025-07-07,C0455,En ligne,T-shirts,T-shirt imprimé,M,1,24.9,30,17.43
12231,2025-07-07,C0190,En ligne,Vestes,Doudoune,XS,1,119.9,0,119.9
12231,2025-07-07,C0190,En ligne,Chaussures,Sneakers running,40,1,99.9,30,69.93
12232,2025-07-07,C0182,En ligne,Pantalons,Jean slim,L,2,54.9,30,76.86
12233,2025-07-07,C0430,Boutique,T-shirts,T-shirt imprimé,S,1,24.9,30,17.43
12233,2025-07-07,C0430,Boutique,T-shirts,T-shirt oversize,XS,1,29.9,0,29.9
12233,2025-07-07,C0430,Boutique,Accessoires,Bonnet,Unique,1,17.9,30,12.53
12234,2025-07-07,C0363,En ligne,T-shirts,T-shirt basique,M,1,19.9,30,13.93
12235,2025-07-07,C0151,Boutique,T-shirts,T-shirt basique,L,1,19.9,30,13.93
12235,2025-07-07,C0151,Boutique,Accessoires,Écharpe,Unique,1,24.9,30,17.43
12236,2025-07-07,C0141,Boutique,T-shirts,T-shirt imprimé,XL,2,24.9,30,34.86
12236,2025-07-07,C0141,Boutique,T-shirts,T-shirt basique,M,1,19.9,0,19.9
12237,2025-07-07,C0054,Boutique,Pulls & sweats,Sweat col rond,S,1,39.9,30,27.93
12237,2025-07-07,C0054,Boutique,Pantalons,Jean slim,L,1,54.9,0,54.9
12238,2025-07-07,C0879,Boutique,Pulls & sweats,Sweat à capuche,M,1,49.9,30,34.93
12239,2025-07-07,C0039,Boutique,T-shirts,T-shirt oversize,L,1,29.9,30,20.93
12240,2025-07-07,C0064,En ligne,Pulls & sweats,Pull en laine,M,1,59.9,30,41.93
12241,2025-07-07,C0073,Boutique,T-shirts,T-shirt imprimé,S,1,24.9,30,17.43
12242,2025-07-07,C0141,Boutique,T-shirts,T-shirt imprimé,L,1,24.9,30,17.43
12243,2025-07-08,C0004,Boutique,Accessoires,Écharpe,Unique,1,24.9,0,24.9
12244,2025-07-08,C0051,Boutique,Accessoires,Sac banane,Unique,1,34.9,0,34.9
12245,2025-07-08,C0226,Boutique,Chaussures,Baskets blanches,44,1,89.9,0,89.9
12246,2025-07-08,C0097,En ligne,Accessoires,Sac banane,Unique,1,34.9,30,24.43
12247,2025-07-08,C0094,Boutique,Pantalons,Pantalon cargo,M,2,49.9,30,69.86
12248,2025-07-08,C0696,Boutique,Pulls & sweats,Sweat à capuche,L,1,49.9,30,34.93
12248,2025-07-08,C0696,Boutique,Pantalons,Jean slim,M,2,54.9,30,76.86
12249,2025-07-08,C0591,Boutique,Pantalons,Pantalon cargo,L,1,49.9,30,34.93
12250,2025-07-08,C0021,En ligne,Pulls & sweats,Pull en laine,S,1,59.9,0,59.9
12251,2025-07-08,C0035,Boutique,T-shirts,T-shirt basique,L,1,19.9,0,19.9
12252,2025-07-08,C0052,Boutique,Accessoires,Sac banane,Unique,2,34.9,30,48.86
12252,2025-07-08,C0052,Boutique,T-shirts,T-shirt imprimé,M,2,24.9,30,34.86
12253,2025-07-08,C0011,Boutique,Pantalons,Jogging,M,1,34.9,30,24.43
12253,2025-07-08,C0011,Boutique,Pantalons,Jean slim,M,1,54.9,0,54.9
12254,2025-07-08,C0088,Boutique,Chaussures,Sneakers running,39,1,99.9,0,99.9
12254,2025-07-08,C0088,Boutique,Chaussures,Bottines,39,1,109.9,0,109.9
12255,2025-07-08,C0653,Boutique,Accessoires,Ceinture,Unique,1,29.9,0,29.9
12256,2025-07-08,C0784,Boutique,Accessoires,Ceinture,Unique,1,29.9,30,20.93
12257,2025-07-08,C0008,Boutique,T-shirts,T-shirt oversize,S,2,29.9,30,41.86
12258,2025-07-08,C0596,En ligne,Accessoires,Casquette,Unique,1,19.9,30,13.93
12258,2025-07-08,C0596,En ligne,Pantalons,Jean droit,M,1,59.9,30,41.93
12259,2025-07-09,C0114,Boutique,T-shirts,T-shirt basique,XS,1,19.9,0,19.9
12259,2025-07-09,C0114,Boutique,Pulls & sweats,Pull en laine,M,1,59.9,30,41.93
12260,2025-07-09,C0027,Boutique,Chaussures,Sneakers running,44,1,99.9,0,99.9
12261,2025-07-09,C0335,Boutique,Pantalons,Jean slim,M,1,54.9,30,38.43
12261,2025-07-09,C0335,Boutique,Accessoires,Ceinture,Unique,1,29.9,30,20.93
12261,2025-07-09,C0335,Boutique,T-shirts,T-shirt oversize,S,1,29.9,30,20.93
12262,2025-07-09,C0078,Boutique,T-shirts,T-shirt oversize,S,2,29.9,0,59.8
12262,2025-07-09,C0078,Boutique,Accessoires,Casquette,Unique,1,19.9,0,19.9
12262,2025-07-09,C0078,Boutique,Chaussures,Sneakers running,39,1,99.9,0,99.9
12263,2025-07-09,C0515,Boutique,Vestes,Coupe-vent,S,1,64.9,30,45.43
12264,2025-07-09,C0541,Boutique,Accessoires,Casquette,Unique,1,19.9,0,19.9
12264,2025-07-09,C0541,Boutique,T-shirts,T-shirt oversize,XL,2,29.9,0,59.8
12265,2025-07-09,C0096,Boutique,Pantalons,Jean slim,M,1,54.9,30,38.43
12266,2025-07-09,C0081,En ligne,T-shirts,T-shirt basique,M,1,19.9,30,13.93
12267,2025-07-09,C0880,En ligne,T-shirts,T-shirt basique,S,1,19.9,30,13.93
12268,2025-07-09,C0304,Boutique,T-shirts,T-shirt basique,S,1,19.9,30,13.93
12268,2025-07-09,C0304,Boutique,Pantalons,Pantalon cargo,L,2,49.9,30,69.86
12269,2025-07-09,C0091,En ligne,Pulls & sweats,Sweat col rond,XL,1,39.9,0,39.9
12270,2025-07-09,C0015,En ligne,T-shirts,T-shirt basique,L,1,19.9,30,13.93
12271,2025-07-09,C0016,Boutique,Accessoires,Ceinture,Unique,1,29.9,0,29.9
12271,2025-07-09,C0016,Boutique,T-shirts,T-shirt imprimé,M,1,24.9,0,24.9
12272,2025-07-09,C0658,En ligne,Chaussures,Bottines,39,2,109.9,30,153.86
12272,2025-07-09,C0658,En ligne,Chaussures,Bottines,40,1,109.9,0,109.9
12272,2025-07-09,C0658,En ligne,T-shirts,T-shirt oversize,M,2,29.9,30,41.86
12273,2025-07-09,C0160,Boutique,T-shirts,T-shirt basique,M,1,19.9,30,13.93
12274,2025-07-09,C0722,En ligne,Chaussures,Bottines,41,1,109.9,0,109.9
12274,2025-07-09,C0722,En ligne,T-shirts,T-shirt imprimé,L,1,24.9,0,24.9
12275,2025-07-09,C0046,En ligne,T-shirts,T-shirt basique,L,1,19.9,0,19.9
12275,2025-07-09,C0046,En ligne,Accessoires,Écharpe,Unique,1,24.9,0,24.9
12276,2025-07-09,C0847,Boutique,Accessoires,Sac banane,Unique,1,34.9,30,24.43
12276,2025-07-09,C0847,Boutique,Chaussures,Bottines,41,2,109.9,30,153.86
12277,2025-07-09,C0092,Boutique,T-shirts,T-shirt basique,M,1,19.9,30,13.93
12278,2025-07-09,C0795,Boutique,T-shirts,T-shirt basique,M,1,19.9,30,13.93
12279,2025-07-09,C0876,Boutique,T-shirts,T-shirt basique,M,2,19.9,30,27.86
12279,2025-07-09,C0876,Boutique,T-shirts,T-shirt imprimé,M,1,24.9,30,17.43
12279,2025-07-09,C0876,Boutique,Pulls & sweats,Pull en laine,M,2,59.9,30,83.86
12280,2025-07-09,C0045,Boutique,Accessoires,Sac banane,Unique,1,34.9,30,24.43
12280,2025-07-09,C0045,Boutique,Accessoires,Sac banane,Unique,1,34.9,0,34.9
12280,2025-07-09,C0045,Boutique,T-shirts,T-shirt imprimé,L,1,24.9,0,24.9
12281,2025-07-09,C0066,Boutique,Pantalons,Pantalon cargo,M,2,49.9,30,69.86
12282,2025-07-09,C0068,En ligne,Accessoires,Écharpe,Unique,2,24.9,0,49.8
12283,2025-07-10,C0195,Boutique,T-shirts,T-shirt basique,XL,1,19.9,30,13.93
12284,2025-07-10,C0007,Boutique,Pantalons,Jogging,L,1,34.9,0,34.9
12284,2025-07-10,C0007,Boutique,T-shirts,T-shirt imprimé,L,1,24.9,0,24.9
12285,2025-07-10,C0749,Boutique,T-shirts,T-shirt basique,M,1,19.9,0,19.9
12286,2025-07-10,C0082,Boutique,T-shirts,T-shirt oversize,L,1,29.9,0,29.9
12287,2025-07-10,C0021,Boutique,Chaussures,Bottines,44,2,109.9,30,153.86
12287,2025-07-10,C0021,Boutique,Chaussures,Baskets blanches,40,1,89.9,30,62.93
12288,2025-07-10,C0120,Boutique,Pantalons,Jean slim,XL,1,54.9,30,38.43
12289,2025-07-10,C0583,Boutique,Pantalons,Jean slim,M,1,54.9,0,54.9
12289,2025-07-10,C0583,Boutique,T-shirts,T-shirt basique,S,1,19.9,0,19.9
12290,2025-07-10,C0460,Boutique,Accessoires,Ceinture,Unique,1,29.9,0,29.9
12291,2025-07-10,C0098,Boutique,Accessoires,Écharpe,Unique,1,24.9,30,17.43
12291,2025-07-10,C0098,Boutique,T-shirts,T-shirt imprimé,S,1,24.9,30,17.43
12292,2025-07-10,C0010,Boutique,Pantalons,Jogging,M,1,34.9,30,24.43
12293,2025-07-10,C0022,En ligne,T-shirts,T-shirt basique,L,1,19.9,0,19.9
12293,2025-07-10,C0022,En ligne,T-shirts,T-shirt basique,L,1,19.9,30,13.93
12293,2025-07-10,C0022,En ligne,Accessoires,Sac banane,Unique,1,34.9,30,24.43
12294,2025-07-10,C0199,En ligne,T-shirts,T-shirt basique,M,1,19.9,0,19.9
12295,2025-07-10,C0294,Boutique,T-shirts,T-shirt imprimé,M,1,24.9,0,24.9
12296,2025-07-10,C0794,En ligne,Accessoires,Casquette,Unique,1,19.9,30,13.93
12296,2025-07-10,C0794,En ligne,T-shirts,T-shirt oversize,XS,1,29.9,30,20.93
12296,2025-07-10,C0794,En ligne,Accessoires,Sac banane,Unique,2,34.9,0,69.8
12297,2025-07-10,C0089,En ligne,Accessoires,Sac banane,Unique,1,34.9,30,24.43
12297,2025-07-10,C0089,En ligne,T-shirts,T-shirt imprimé,M,1,24.9,0,24.9
12298,2025-07-10,C0001,Boutique,T-shirts,T-shirt oversize,L,1,29.9,30,20.93
12299,2025-07-10,C0092,Boutique,T-shirts,T-shirt oversize,XS,1,29.9,0,29.9
12300,2025-07-10,C0485,En ligne,Pantalons,Jean slim,M,1,54.9,30,38.43
12301,2025-07-10,C0019,Boutique,Accessoires,Sac banane,Unique,1,34.9,30,24.43
12302,2025-07-10,C0698,En ligne,Chaussures,Sneakers running,41,1,99.9,30,69.93
12303,2025-07-11,C0558,Boutique,T-shirts,T-shirt oversize,M,1,29.9,0,29.9
12303,2025-07-11,C0558,Boutique,T-shirts,T-shirt imprimé,M,1,24.9,0,24.9
12304,2025-07-11,C0392,En ligne,Pantalons,Jean droit,M,1,59.9,30,41.93
12305,2025-07-11,C0120,En ligne,T-shirts,T-shirt basique,XS,1,19.9,30,13.93
12305,2025-07-11,C0120,En ligne,Chaussures,Bottines,43,1,109.9,30,76.93
12305,2025-07-11,C0120,En ligne,Pantalons,Jean slim,L,1,54.9,30,38.43
12306,2025-07-11,C0090,Boutique,Chaussures,Sneakers running,40,1,99.9,0,99.9
12307,2025-07-11,C0026,Boutique,Accessoires,Ceinture,Unique,1,29.9,30,20.93
12307,2025-07-11,C0026,Boutique,T-shirts,T-shirt imprimé,L,1,24.9,30,17.43
12307,2025-07-11,C0026,Boutique,T-shirts,T-shirt oversize,M,1,29.9,30,20.93
12308,2025-07-11,C0059,Boutique,T-shirts,T-shirt basique,M,1,19.9,0,19.9
12308,2025-07-11,C0059,Boutique,T-shirts,T-shirt imprimé,S,2,24.9,30,34.86
12309,2025-07-11,C0715,Boutique,Pantalons,Jean droit,XS,2,59.9,0,119.8
12310,2025-07-11,C0297,Boutique,Pantalons,Pantalon cargo,M,1,49.9,30,34.93
12311,2025-07-11,C0824,Boutique,Accessoires,Bonnet,Unique,1,17.9,0,17.9
12312,2025-07-11,C0003,Boutique,T-shirts,T-shirt imprimé,XS,1,24.9,30,17.43
12312,2025-07-11,C0003,Boutique,T-shirts,T-shirt oversize,XL,2,29.9,30,41.86
12312,2025-07-11,C0003,Boutique,Pantalons,Jean slim,M,1,54.9,0,54.9
12313,2025-07-11,C0051,En ligne,T-shirts,T-shirt basique,S,1,19.9,0,19.9
12313,2025-07-11,C0051,En ligne,Vestes,Veste en jean,M,1,79.9,0,79.9
12314,2025-07-11,C0028,Boutique,Accessoires,Casquette,Unique,1,19.9,30,13.93
12315,2025-07-11,C0047,En ligne,T-shirts,T-shirt oversize,L,1,29.9,0,29.9
12315,2025-07-11,C0047,En ligne,Pantalons,Pantalon cargo,L,1,49.9,30,34.93
12316,2025-07-11,C0051,En ligne,Pantalons,Jean slim,M,1,54.9,0,54.9
12316,2025-07-11,C0051,En ligne,Accessoires,Ceinture,Unique,2,29.9,0,59.8
12317,2025-07-11,C0035,Boutique,T-shirts,T-shirt imprimé,M,1,24.9,30,17.43
12318,2025-07-11,C0338,En ligne,Pantalons,Jean slim,M,1,54.9,30,38.43
12319,2025-07-11,C0028,En ligne,T-shirts,T-shirt imprimé,L,1,24.9,30,17.43
12319,2025-07-11,C0028,En ligne,Pantalons,Pantalon cargo,M,1,49.9,30,34.93
12320,2025-07-11,C0053,Boutique,Accessoires,Casquette,Unique,1,19.9,0,19.9
12321,2025-07-11,C0055,En ligne,Pantalons,Jean droit,M,1,59.9,0,59.9
12322,2025-07-12,C0375,Boutique,T-shirts,T-shirt basique,S,1,19.9,30,13.93
12323,2025-07-12,C0093,Boutique,T-shirts,T-shirt basique,XS,1,19.9,30,13.93
12323,2025-07-12,C0093,Boutique,T-shirts,T-shirt imprimé,M,1,24.9,30,17.43
12324,2025-07-12,C0073,En ligne,Accessoires,Écharpe,Unique,1,24.9,0,24.9
12324,2025-07-12,C0073,En ligne,T-shirts,T-shirt imprimé,M,1,24.9,30,17.43
12325,2025-07-12,C0753,En ligne,Pantalons,Jogging,M,1,34.9,0,34.9
12325,2025-07-12,C0753,En ligne,Chaussures,Sneakers running,39,1,99.9,30,69.93
12326,2025-07-12,C0200,Boutique,Pantalons,Jogging,M,1,34.9,0,34.9
12326,2025-07-12,C0200,Boutique,Pantalons,Jean droit,L,2,59.9,0,119.8
12327,2025-07-12,C0821,Boutique,T-shirts,T-shirt basique,S,1,19.9,30,13.93
12328,2025-07-12,C0047,Boutique,T-shirts,T-shirt basique,M,1,19.9,0,19.9
12329,2025-07-12,C0137,En ligne,Pulls & sweats,Pull en laine,XL,1,59.9,0,59.9
12329,2025-07-12,C0137,En ligne,T-shirts,T-shirt basique,XL,1,19.9,0,19.9
12329,2025-07-12,C0137,En ligne,Pantalons,Jean droit,XL,1,59.9,30,41.93
12330,2025-07-12,C0727,En ligne,Accessoires,Bonnet,Unique,1,17.9,30,12.53
12330,2025-07-12,C0727,En ligne,T-shirts,T-shirt oversize,XS,1,29.9,0,29.9
12331,2025-07-12,C0194,En ligne,Pantalons,Pantalon cargo,M,1,49.9,0,49.9
12331,2025-07-12,C0194,En ligne,T-shirts,T-shirt oversize,XS,1,29.9,0,29.9
12332,2025-07-12,C0340,Boutique,T-shirts,T-shirt imprimé,M,1,24.9,30,17.43
12332,2025-07-12,C0340,Boutique,Accessoires,Ceinture,Unique,1,29.9,30,20.93
12333,2025-07-12,C0072,En ligne,T-shirts,T-shirt basique,S,1,19.9,30,13.93
12333,2025-07-12,C0072,En ligne,T-shirts,T-shirt oversize,M,1,29.9,0,29.9
12333,2025-07-12,C0072,En ligne,Pantalons,Jean droit,M,2,59.9,30,83.86
12334,2025-07-12,C0010,Boutique,Chaussures,Baskets blanches,41,2,89.9,30,125.86
12334,2025-07-12,C0010,Boutique,Chaussures,Baskets blanches,40,2,89.9,30,125.86
12335,2025-07-12,C0054,En ligne,T-shirts,T-shirt imprimé,M,1,24.9,30,17.43
12335,2025-07-12,C0054,En ligne,Vestes,Doudoune,M,1,119.9,30,83.93
12336,2025-07-12,C0746,En ligne,T-shirts,T-shirt oversize,L,1,29.9,30,20.93
12336,2025-07-12,C0746,En ligne,T-shirts,T-shirt basique,M,1,19.9,30,13.93
12337,2025-07-12,C0863,Boutique,T-shirts,T-shirt basique,L,1,19.9,30,13.93
12337,2025-07-12,C0863,Boutique,Chaussures,Bottines,42,1,109.9,0,109.9
12338,2025-07-12,C0815,En ligne,T-shirts,T-shirt oversize,M,1,29.9,30,20.93
12339,2025-07-12,C0107,Boutique,Pantalons,Jogging,L,1,34.9,0,34.9
12340,2025-07-12,C0613,Boutique,Accessoires,Sac banane,Unique,1,34.9,30,24.43
12341,2025-07-12,C0323,Boutique,T-shirts,T-shirt oversize,L,1,29.9,30,20.93
12342,2025-07-12,C0447,En ligne,Chaussures,Sneakers running,40,1,99.9,30,69.93
12343,2025-07-12,C0092,Boutique,Accessoires,Casquette,Unique,1,19.9,0,19.9
12343,2025-07-12,C0092,Boutique,T-shirts,T-shirt imprimé,S,1,24.9,30,17.43
12344,2025-07-12,C0010,En ligne,Chaussures,Baskets blanches,43,1,89.9,30,62.93
12345,2025-07-12,C0721,Boutique,T-shirts,T-shirt oversize,M,1,29.9,30,20.93
12345,2025-07-12,C0721,Boutique,Pantalons,Jogging,M,1,34.9,30,24.43
12345,2025-07-12,C0721,Boutique,T-shirts,T-shirt basique,M,1,19.9,30,13.93
12346,2025-07-12,C0338,Boutique,T-shirts,T-shirt imprimé,XS,1,24.9,30,17.43
12346,2025-07-12,C0338,Boutique,Chaussures,Sneakers running,41,1,99.9,30,69.93
12346,2025-07-12,C0338,Boutique,Pulls & sweats,Pull en laine,M,1,59.9,30,41.93
12347,2025-07-12,C0278,Boutique,T-shirts,T-shirt imprimé,M,1,24.9,0,24.9
12347,2025-07-12,C0278,Boutique,Accessoires,Bonnet,Unique,2,17.9,30,25.06
12348,2025-07-12,C0877,Boutique,T-shirts,T-shirt imprimé,M,1,24.9,30,17.43
12348,2025-07-12,C0877,Boutique,Pantalons,Jean droit,S,1,59.9,30,41.93
12348,2025-07-12,C0877,Boutique,T-shirts,T-shirt imprimé,M,1,24.9,30,17.43
12349,2025-07-12,C0285,Boutique,Pantalons,Jogging,M,1,34.9,0,34.9
12349,2025-07-12,C0285,Boutique,Pantalons,Jean slim,M,2,54.9,30,76.86
12350,2025-07-12,C0001,En ligne,T-shirts,T-shirt imprimé,S,1,24.9,0,24.9
12351,2025-07-12,C0010,Boutique,T-shirts,T-shirt basique,M,1,19.9,30,13.93
12352,2025-07-14,C0304,En ligne,Accessoires,Bonnet,Unique,1,17.9,0,17.9
12352,2025-07-14,C0304,En ligne,Accessoires,Casquette,Unique,1,19.9,30,13.93
12353,2025-07-14,C0061,Boutique,Pantalons,Jean droit,L,1,59.9,30,41.93
12353,2025-07-14,C0061,Boutique,Accessoires,Écharpe,Unique,1,24.9,30,17.43
12354,2025-07-14,C0063,En ligne,T-shirts,T-shirt basique,S,1,19.9,0,19.9
12354,2025-07-14,C0063,En ligne,Accessoires,Écharpe,Unique,1,24.9,30,17.43
12355,2025-07-14,C0013,Boutique,T-shirts,T-shirt oversize,L,1,29.9,30,20.93
12356,2025-07-14,C0590,Boutique,T-shirts,T-shirt basique,M,1,19.9,30,13.93
12357,2025-07-14,C0540,En ligne,T-shirts,T-shirt basique,L,1,19.9,0,19.9
12358,2025-07-14,C0522,Boutique,T-shirts,T-shirt oversize,S,1,29.9,30,20.93
12359,2025-07-14,C0044,Boutique,Pantalons,Jean droit,S,1,59.9,30,41.93
12359,2025-07-14,C0044,Boutique,Pantalons,Pantalon cargo,L,1,49.9,0,49.9
12360,2025-07-14,C0093,Boutique,Accessoires,Bonnet,Unique,1,17.9,30,12.53
12361,2025-07-14,C0018,Boutique,T-shirts,T-shirt basique,L,1,19.9,0,19.9
12361,2025-07-14,C0018,Boutique,Pantalons,Jogging,XL,1,34.9,0,34.9
12362,2025-07-14,C0040,En ligne,Chaussures,Sneakers running,39,1,99.9,30,69.93
12362,2025-07-14,C0040,En ligne,Pantalons,Jean droit,L,1,59.9,30,41.93
12363,2025-07-14,C0714,Boutique,T-shirts,T-shirt imprimé,S,1,24.9,0,24.9
12363,2025-07-14,C0714,Boutique,Accessoires,Ceinture,Unique,1,29.9,0,29.9
12363,2025-07-14,C0714,Boutique,Chaussures,Bottines,40,1,109.9,0,109.9
12364,2025-07-14,C0859,Boutique,T-shirts,T-shirt imprimé,M,1,24.9,30,17.43
12364,2025-07-14,C0859,Boutique,Accessoires,Bonnet,Unique,1,17.9,0,17.9
12364,2025-07-14,C0859,Boutique,Chaussures,Bottines,39,1,109.9,0,109.9
12365,2025-07-14,C0513,En ligne,Accessoires,Écharpe,Unique,1,24.9,30,17.43
12365,2025-07-14,C0513,En ligne,Pulls & sweats,Sweat col rond,M,1,39.9,30,27.93
12366,2025-07-14,C0018,Boutique,Chaussures,Baskets blanches,43,1,89.9,30,62.93
12367,2025-07-14,C0020,Boutique,Chaussures,Sneakers running,42,1,99.9,0,99.9
12368,2025-07-14,C0035,Boutique,Vestes,Veste en jean,S,1,79.9,0,79.9
12368,2025-07-14,C0035,Boutique,Pantalons,Jogging,XS,1,34.9,0,34.9
12369,2025-07-14,C0431,Boutique,Pantalons,Jean slim,M,2,54.9,0,109.8
12370,2025-07-14,C0041,Boutique,Pantalons,Jean slim,M,1,54.9,30,38.43
12370,2025-07-14,C0041,Boutique,T-shirts,T-shirt oversize,M,1,29.9,30,20.93
12371,2025-07-14,C0400,En ligne,T-shirts,T-shirt imprimé,S,1,24.9,30,17.43
12371,2025-07-14,C0400,En ligne,T-shirts,T-shirt basique,M,2,19.9,0,39.8
12372,2025-07-14,C0076,Boutique,T-shirts,T-shirt oversize,L,1,29.9,0,29.9
12373,2025-07-14,C0012,Boutique,T-shirts,T-shirt oversize,L,1,29.9,30,20.93
12373,2025-07-14,C0012,Boutique,Accessoires,Casquette,Unique,1,19.9,30,13.93
12374,2025-07-15,C0665,Boutique,Pulls & sweats,Sweat col rond,XS,1,39.9,0,39.9
12375,2025-07-15,C0059,Boutique,Accessoires,Sac banane,Unique,1,34.9,30,24.43
12376,2025-07-15,C0237,En ligne,Pantalons,Jogging,M,1,34.9,0,34.9
12376,2025-07-15,C0237,En ligne,T-shirts,T-shirt oversize,M,1,29.9,30,20.93
12376,2025-07-15,C0237,En ligne,Pantalons,Jogging,L,2,34.9,0,69.8
12377,2025-07-15,C0196,Boutique,T-shirts,T-shirt imprimé,L,1,24.9,0,24.9
12377,2025-07-15,C0196,Boutique,Accessoires,Bonnet,Unique,1,17.9,30,12.53
12378,2025-07-15,C0698,Boutique,Chaussures,Baskets blanches,43,1,89.9,0,89.9
12379,2025-07-15,C0618,Boutique,Pantalons,Pantalon cargo,XL,1,49.9,30,34.93
12379,2025-07-15,C0618,Boutique,Pantalons,Jean slim,M,2,54.9,30,76.86
12380,2025-07-15,C0053,Boutique,Chaussures,Baskets blanches,39,2,89.9,0,179.8
12380,2025-07-15,C0053,Boutique,T-shirts,T-shirt oversize,L,2,29.9,30,41.86
12381,2025-07-15,C0120,Boutique,Chaussures,Sneakers running,42,1,99.9,0,99.9
12381,2025-07-15,C0120,Boutique,Pantalons,Jean slim,L,2,54.9,30,76.86
12382,2025-07-15,C0100,Boutique,Pantalons,Pantalon cargo,L,1,49.9,30,34.93
12383,2025-07-15,C0098,Boutique,Pulls & sweats,Pull en laine,XS,2,59.9,0,119.8
12383,2025-07-15,C0098,Boutique,T-shirts,T-shirt basique,L,1,19.9,30,13.93
12384,2025-07-15,C0214,Boutique,Accessoires,Écharpe,Unique,1,24.9,0,24.9
12385,2025-07-15,C0721,Boutique,T-shirts,T-shirt oversize,L,1,29.9,30,20.93
12385,2025-07-15,C0721,Boutique,Chaussures,Baskets blanches,43,1,89.9,30,62.93
12386,2025-07-15,C0091,Boutique,Accessoires,Bonnet,Unique,1,17.9,30,12.53
12386,2025-07-15,C0091,Boutique,T-shirts,T-shirt oversize,L,1,29.9,30,20.93
12387,2025-07-15,C0032,Boutique,T-shirts,T-shirt imprimé,L,2,24.9,30,34.86
12387,2025-07-15,C0032,Boutique,Accessoires,Écharpe,Unique,1,24.9,0,24.9
12388,2025-07-15,C0081,Boutique,Chaussures,Sneakers running,43,1,99.9,0,99.9
12389,2025-07-15,C0009,Boutique,Accessoires,Bonnet,Unique,1,17.9,0,17.9
12390,2025-07-15,C0566,En ligne,T-shirts,T-shirt basique,L,1,19.9,0,19.9
12390,2025-07-15,C0566,En ligne,Chaussures,Bottines,43,1,109.9,30,76.93
12391,2025-07-15,C0072,En ligne,Pantalons,Jean slim,L,1,54.9,30,38.43
12392,2025-07-15,C0549,Boutique,Accessoires,Bonnet,Unique,1,17.9,30,12.53
12392,2025-07-15,C0549,Boutique,T-shirts,T-shirt oversize,XS,1,29.9,0,29.9
12393,2025-07-16,C0192,En ligne,Pulls & sweats,Pull en laine,M,1,59.9,30,41.93
12393,2025-07-16,C0192,En ligne,Pulls & sweats,Pull en laine,XL,2,59.9,30,83.86
12394,2025-07-16,C0247,En ligne,Accessoires,Bonnet,Unique,1,17.9,0,17.9
12394,2025-07-16,C0247,En ligne,T-shirts,T-shirt oversize,M,2,29.9,30,41.86
12395,2025-07-16,C0116,Boutique,Accessoires,Sac banane,Unique,1,34.9,30,24.43
12395,2025-07-16,C0116,Boutique,T-shirts,T-shirt oversize,M,1,29.9,30,20.93
12396,2025-07-16,C0020,Boutique,Pulls & sweats,Pull en laine,S,1,59.9,0,59.9
12397,2025-07-16,C0359,En ligne,T-shirts,T-shirt imprimé,L,1,24.9,30,17.43
12398,2025-07-16,C0007,En ligne,Pantalons,Jean droit,M,1,59.9,30,41.93
12399,2025-07-16,C0753,Boutique,Pantalons,Pantalon cargo,L,1,49.9,0,49.9
12400,2025-07-16,C0450,Boutique,Accessoires,Écharpe,Unique,1,24.9,30,17.43
12400,2025-07-16,C0450,Boutique,Accessoires,Sac banane,Unique,1,34.9,0,34.9
12401,2025-07-16,C0343,Boutique,Accessoires,Écharpe,Unique,1,24.9,0,24.9
12401,2025-07-16,C0343,Boutique,T-shirts,T-shirt oversize,M,1,29.9,30,20.93
12402,2025-07-16,C0587,En ligne,T-shirts,T-shirt basique,S,1,19.9,0,19.9
12403,2025-07-16,C0713,En ligne,T-shirts,T-shirt basique,S,1,19.9,30,13.93
12403,2025-07-16,C0713,En ligne,Accessoires,Ceinture,Unique,1,29.9,30,20.93
12404,2025-07-16,C0219,En ligne,T-shirts,T-shirt basique,M,1,19.9,30,13.93
12404,2025-07-16,C0219,En ligne,Chaussures,Bottines,44,1,109.9,30,76.93
12405,2025-07-16,C0383,Boutique,Chaussures,Sneakers running,41,1,99.9,30,69.93
12406,2025-07-16,C0011,Boutique,T-shirts,T-shirt imprimé,L,1,24.9,30,17.43
12406,2025-07-16,C0011,Boutique,Accessoires,Casquette,Unique,1,19.9,30,13.93
12406,2025-07-16,C0011,Boutique,Pantalons,Jean slim,L,1,54.9,0,54.9
12407,2025-07-16,C0039,En ligne,Accessoires,Ceinture,Unique,1,29.9,0,29.9
12407,2025-07-16,C0039,En ligne,T-shirts,T-shirt imprimé,S,1,24.9,0,24.9
12408,2025-07-16,C0074,Boutique,Chaussures,Baskets blanches,40,1,89.9,30,62.93
12409,2025-07-17,C0024,Boutique,T-shirts,T-shirt oversize,L,1,29.9,30,20.93
12410,2025-07-17,C0851,En ligne,T-shirts,T-shirt imprimé,M,1,24.9,30,17.43
12411,2025-07-17,C0041,En ligne,Pantalons,Jean droit,M,1,59.9,0,59.9
12412,2025-07-17,C0211,Boutique,T-shirts,T-shirt basique,M,1,19.9,30,13.93
12413,2025-07-17,C0602,En ligne,T-shirts,T-shirt imprimé,XL,1,24.9,30,17.43
12413,2025-07-17,C0602,En ligne,Chaussures,Baskets blanches,40,2,89.9,30,125.86
12414,2025-07-17,C0040,En ligne,T-shirts,T-shirt oversize,M,1,29.9,30,20.93
12415,2025-07-17,C0816,En ligne,Pantalons,Pantalon cargo,S,1,49.9,30,34.93
12416,2025-07-17,C0039,En ligne,Accessoires,Écharpe,Unique,1,24.9,30,17.43
12417,2025-07-17,C0034,Boutique,T-shirts,T-shirt basique,M,1,19.9,0,19.9
12418,2025-07-17,C0056,Boutique,Pantalons,Jean droit,L,1,59.9,30,41.93
12418,2025-07-17,C0056,Boutique,T-shirts,T-shirt oversize,M,1,29.9,30,20.93
12419,2025-07-18,C0050,Boutique,Accessoires,Sac banane,Unique,1,34.9,30,24.43
12420,2025-07-18,C0400,Boutique,T-shirts,T-shirt oversize,M,1,29.9,0,29.9
12421,2025-07-18,C0035,Boutique,T-shirts,T-shirt imprimé,S,1,24.9,0,24.9
12421,2025-07-18,C0035,Boutique,Accessoires,Écharpe,Unique,2,24.9,30,34.86
12421,2025-07-18,C0035,Boutique,Chaussures,Sneakers running,43,1,99.9,30,69.93
12422,2025-07-18,C0717,Boutique,Vestes,Coupe-vent,S,1,64.9,30,45.43
12423,2025-07-18,C0113,Boutique,T-shirts,T-shirt oversize,M,1,29.9,30,20.93
12423,2025-07-18,C0113,Boutique,T-shirts,T-shirt imprimé,M,2,24.9,0,49.8
12424,2025-07-18,C0081,Boutique,T-shirts,T-shirt oversize,M,1,29.9,30,20.93
12425,2025-07-18,C0685,Boutique,T-shirts,T-shirt oversize,M,1,29.9,30,20.93
12426,2025-07-18,C0631,Boutique,Pantalons,Jean slim,S,1,54.9,30,38.43
12426,2025-07-18,C0631,Boutique,Accessoires,Casquette,Unique,1,19.9,0,19.9
12427,2025-07-18,C0202,Boutique,T-shirts,T-shirt imprimé,M,1,24.9,30,17.43
12428,2025-07-18,C0171,Boutique,Accessoires,Écharpe,Unique,1,24.9,30,17.43
12428,2025-07-18,C0171,Boutique,Pantalons,Jean slim,L,1,54.9,30,38.43
12429,2025-07-18,C0121,En ligne,T-shirts,T-shirt basique,L,1,19.9,30,13.93
12430,2025-07-18,C0042,Boutique,Chaussures,Sneakers running,41,1,99.9,0,99.9
12430,2025-07-18,C0042,Boutique,T-shirts,T-shirt imprimé,M,1,24.9,0,24.9
12431,2025-07-18,C0767,Boutique,Pantalons,Pantalon cargo,M,1,49.9,30,34.93
12431,2025-07-18,C0767,Boutique,Pantalons,Jean slim,L,2,54.9,30,76.86
12432,2025-07-18,C0393,Boutique,T-shirts,T-shirt imprimé,M,1,24.9,0,24.9
12433,2025-07-18,C0230,En ligne,T-shirts,T-shirt basique,M,2,19.9,30,27.86
12434,2025-07-18,C0029,En ligne,T-shirts,T-shirt oversize,L,1,29.9,30,20.93
12434,2025-07-18,C0029,En ligne,T-shirts,T-shirt basique,S,1,19.9,0,19.9
12435,2025-07-18,C0430,Boutique,T-shirts,T-shirt oversize,S,1,29.9,0,29.9
12435,2025-07-18,C0430,Boutique,Accessoires,Sac banane,Unique,1,34.9,30,24.43
12436,2025-07-18,C0073,Boutique,T-shirts,T-shirt basique,S,2,19.9,0,39.8
12437,2025-07-19,C0290,Boutique,Chaussures,Baskets blanches,41,1,89.9,30,62.93
12437,2025-07-19,C0290,Boutique,Chaussures,Baskets blanches,43,2,89.9,30,125.86
12438,2025-07-19,C0428,Boutique,Pulls & sweats,Sweat col rond,XS,2,39.9,0,79.8
12438,2025-07-19,C0428,Boutique,Pantalons,Jean slim,XL,1,54.9,30,38.43
12438,2025-07-19,C0428,Boutique,Accessoires,Écharpe,Unique,1,24.9,0,24.9
12439,2025-07-19,C0071,En ligne,T-shirts,T-shirt imprimé,L,1,24.9,30,17.43
12440,2025-07-19,C0688,En ligne,Accessoires,Casquette,Unique,1,19.9,30,13.93
12440,2025-07-19,C0688,En ligne,T-shirts,T-shirt imprimé,L,1,24.9,30,17.43
12441,2025-07-19,C0064,En ligne,Accessoires,Casquette,Unique,1,19.9,30,13.93
12441,2025-07-19,C0064,En ligne,Accessoires,Casquette,Unique,2,19.9,30,27.86
12442,2025-07-19,C0889,En ligne,Pantalons,Jean slim,L,1,54.9,30,38.43
12442,2025-07-19,C0889,En ligne,Pantalons,Pantalon cargo,XL,1,49.9,0,49.9
12442,2025-07-19,C0889,En ligne,T-shirts,T-shirt oversize,L,1,29.9,30,20.93
12443,2025-07-19,C0049,En ligne,Pantalons,Jean droit,XS,1,59.9,0,59.9
12444,2025-07-19,C0309,Boutique,Accessoires,Casquette,Unique,1,19.9,0,19.9
12445,2025-07-19,C0083,En ligne,Accessoires,Casquette,Unique,1,19.9,30,13.93
12446,2025-07-19,C0043,En ligne,Pulls & sweats,Sweat col rond,M,1,39.9,30,27.93
12447,2025-07-19,C0346,En ligne,Chaussures,Bottines,39,1,109.9,0,109.9
12448,2025-07-19,C0047,En ligne,T-shirts,T-shirt oversize,L,1,29.9,30,20.93
12448,2025-07-19,C0047,En ligne,T-shirts,T-shirt oversize,M,2,29.9,30,41.86
12449,2025-07-19,C0073,Boutique,Accessoires,Casquette,Unique,1,19.9,30,13.93
12450,2025-07-19,C0749,Boutique,Accessoires,Ceinture,Unique,1,29.9,30,20.93
12451,2025-07-19,C0150,Boutique,Vestes,Doudoune,S,1,119.9,30,83.93
12452,2025-07-19,C0415,Boutique,Accessoires,Ceinture,Unique,1,29.9,30,20.93
12453,2025-07-19,C0084,Boutique,T-shirts,T-shirt imprimé,M,1,24.9,0,24.9
12454,2025-07-19,C0006,Boutique,Accessoires,Casquette,Unique,2,19.9,30,27.86
12455,2025-07-19,C0833,Boutique,T-shirts,T-shirt imprimé,S,2,24.9,0,49.8
12456,2025-07-21,C0173,En ligne,T-shirts,T-shirt oversize,M,1,29.9,30,20.93
12456,2025-07-21,C0173,En ligne,T-shirts,T-shirt oversize,S,1,29.9,30,20.93
12457,2025-07-21,C0020,Boutique,Pantalons,Pantalon cargo,XS,1,49.9,30,34.93
12458,2025-07-21,C0275,Boutique,T-shirts,T-shirt basique,M,1,19.9,0,19.9
12458,2025-07-21,C0275,Boutique,T-shirts,T-shirt imprimé,XL,1,24.9,0,24.9
12459,2025-07-21,C0169,Boutique,T-shirts,T-shirt basique,S,1,19.9,30,13.93
12460,2025-07-21,C0681,Boutique,Accessoires,Sac banane,Unique,1,34.9,30,24.43
12461,2025-07-21,C0119,Boutique,T-shirts,T-shirt imprimé,L,1,24.9,30,17.43
12461,2025-07-21,C0119,Boutique,Accessoires,Bonnet,Unique,1,17.9,0,17.9
12462,2025-07-21,C0130,Boutique,Accessoires,Écharpe,Unique,1,24.9,30,17.43
12463,2025-07-21,C0295,Boutique,Pantalons,Jean droit,M,1,59.9,30,41.93
12463,2025-07-21,C0295,Boutique,Pantalons,Jean slim,M,1,54.9,0,54.9
12464,2025-07-21,C0658,Boutique,Accessoires,Ceinture,Unique,1,29.9,0,29.9
12465,2025-07-21,C0100,En ligne,Chaussures,Sneakers running,40,1,99.9,0,99.9
12465,2025-07-21,C0100,En ligne,Accessoires,Ceinture,Unique,1,29.9,30,20.93
12466,2025-07-21,C0566,Boutique,Pantalons,Pantalon cargo,L,1,49.9,30,34.93
12467,2025-07-21,C0285,En ligne,T-shirts,T-shirt imprimé,L,1,24.9,30,17.43
12467,2025-07-21,C0285,En ligne,Chaussures,Bottines,43,2,109.9,30,153.86
12468,2025-07-21,C0387,En ligne,T-shirts,T-shirt imprimé,S,1,24.9,30,17.43
12469,2025-07-21,C0045,En ligne,Pulls & sweats,Sweat à capuche,M,2,49.9,30,69.86
12470,2025-07-21,C0116,Boutique,T-shirts,T-shirt basique,L,1,19.9,30,13.93
12471,2025-07-21,C0165,Boutique,T-shirts,T-shirt imprimé,L,1,24.9,0,24.9
12471,2025-07-21,C0165,Boutique,T-shirts,T-shirt basique,S,1,19.9,0,19.9
12472,2025-07-21,C0033,En ligne,T-shirts,T-shirt basique,S,1,19.9,30,13.93
12473,2025-07-21,C0043,Boutique,Pulls & sweats,Sweat à capuche,M,1,49.9,30,34.93
12473,2025-07-21,C0043,Boutique,Accessoires,Sac banane,Unique,2,34.9,30,48.86
12473,2025-07-21,C0043,Boutique,Accessoires,Sac banane,Unique,1,34.9,30,24.43
12474,2025-07-21,C0048,Boutique,Chaussures,Baskets blanches,41,1,89.9,0,89.9
12475,2025-07-22,C0029,Boutique,Pantalons,Jean droit,S,1,59.9,30,41.93
12476,2025-07-22,C0144,Boutique,Accessoires,Sac banane,Unique,1,34.9,30,24.43
12477,2025-07-22,C0038,Boutique,Accessoires,Casquette,Unique,1,19.9,30,13.93
12477,2025-07-22,C0038,Boutique,Pantalons,Jean droit,S,2,59.9,30,83.86
12478,2025-07-22,C0052,Boutique,Accessoires,Casquette,Unique,1,19.9,0,19.9
12479,2025-07-22,C0770,En ligne,Accessoires,Sac banane,Unique,1,34.9,30,24.43
12480,2025-07-22,C0842,Boutique,T-shirts,T-shirt basique,M,1,19.9,30,13.93
12481,2025-07-22,C0217,Boutique,Pantalons,Jean slim,L,1,54.9,30,38.43
12482,2025-07-22,C0075,Boutique,T-shirts,T-shirt basique,L,1,19.9,30,13.93
12483,2025-07-22,C0064,En ligne,T-shirts,T-shirt oversize,M,1,29.9,0,29.9
12483,2025-07-22,C0064,En ligne,Pantalons,Jean droit,L,1,59.9,30,41.93
12484,2025-07-22,C0223,En ligne,Accessoires,Ceinture,Unique,1,29.9,0,29.9
12485,2025-07-22,C0292,Boutique,Chaussures,Baskets blanches,39,1,89.9,0,89.9
12486,2025-07-22,C0776,Boutique,Chaussures,Baskets blanches,42,2,89.9,0,179.8
12486,2025-07-22,C0776,Boutique,Pulls & sweats,Pull en laine,M,1,59.9,30,41.93
12487,2025-07-22,C0664,Boutique,T-shirts,T-shirt oversize,L,1,29.9,30,20.93
12488,2025-07-22,C0071,En ligne,Accessoires,Sac banane,Unique,1,34.9,30,24.43
12488,2025-07-22,C0071,En ligne,T-shirts,T-shirt basique,L,1,19.9,0,19.9
12489,2025-07-22,C0396,Boutique,Pulls & sweats,Pull en laine,L,1,59.9,30,41.93
12490,2025-07-23,C0046,Boutique,T-shirts,T-shirt oversize,M,1,29.9,30,20.93
12491,2025-07-23,C0510,En ligne,T-shirts,T-shirt imprimé,XL,1,24.9,30,17.43
12492,2025-07-23,C0107,Boutique,Pantalons,Jean droit,XS,2,59.9,0,119.8
12492,2025-07-23,C0107,Boutique,T-shirts,T-shirt imprimé,M,1,24.9,0,24.9
12492,2025-07-23,C0107,Boutique,T-shirts,T-shirt oversize,L,1,29.9,0,29.9
12493,2025-07-23,C0265,En ligne,T-shirts,T-shirt oversize,XS,1,29.9,30,20.93
12493,2025-07-23,C0265,En ligne,Accessoires,Bonnet,Unique,2,17.9,30,25.06
12494,2025-07-23,C0100,En ligne,Accessoires,Écharpe,Unique,1,24.9,30,17.43
12494,2025-07-23,C0100,En ligne,T-shirts,T-shirt imprimé,S,1,24.9,0,24.9
12495,2025-07-23,C0066,Boutique,Accessoires,Écharpe,Unique,2,24.9,30,34.86
12496,2025-07-23,C0255,Boutique,Chaussures,Bottines,42,2,109.9,30,153.86
12496,2025-07-23,C0255,Boutique,Accessoires,Écharpe,Unique,1,24.9,30,17.43
12497,2025-07-23,C0164,En ligne,Pantalons,Pantalon cargo,M,1,49.9,30,34.93
12497,2025-07-23,C0164,En ligne,T-shirts,T-shirt basique,XL,2,19.9,30,27.86
12498,2025-07-23,C0393,Boutique,T-shirts,T-shirt oversize,S,1,29.9,30,20.93
12499,2025-07-23,C0428,Boutique,Accessoires,Écharpe,Unique,1,24.9,0,24.9
12500,2025-07-23,C0221,En ligne,Accessoires,Casquette,Unique,1,19.9,30,13.93
12500,2025-07-23,C0221,En ligne,Pulls & sweats,Sweat col rond,S,1,39.9,30,27.93
12501,2025-07-23,C0115,Boutique,Accessoires,Casquette,Unique,1,19.9,30,13.93
12502,2025-07-23,C0581,Boutique,T-shirts,T-shirt oversize,M,1,29.9,0,29.9
12502,2025-07-23,C0581,Boutique,T-shirts,T-shirt oversize,S,1,29.9,30,20.93
12503,2025-07-24,C0148,Boutique,Vestes,Doudoune,L,1,119.9,0,119.9
12504,2025-07-24,C0009,Boutique,Pulls & sweats,Sweat col rond,M,1,39.9,30,27.93
12505,2025-07-24,C0018,Boutique,Accessoires,Ceinture,Unique,1,29.9,30,20.93
12505,2025-07-24,C0018,Boutique,Accessoires,Bonnet,Unique,1,17.9,0,17.9
12506,2025-07-24,C0114,Boutique,Pantalons,Pantalon cargo,L,1,49.9,0,49.9
12507,2025-07-24,C0209,En ligne,Pulls & sweats,Pull en laine,XL,1,59.9,30,41.93
12507,2025-07-24,C0209,En ligne,Pantalons,Jogging,S,1,34.9,0,34.9
12508,2025-07-24,C0002,Boutique,T-shirts,T-shirt imprimé,M,2,24.9,0,49.8
12508,2025-07-24,C0002,Boutique,T-shirts,T-shirt imprimé,L,2,24.9,30,34.86
12509,2025-07-24,C0111,En ligne,T-shirts,T-shirt basique,M,2,19.9,0,39.8
12510,2025-07-24,C0896,En ligne,T-shirts,T-shirt imprimé,XL,1,24.9,30,17.43
12511,2025-07-25,C0726,Boutique,T-shirts,T-shirt oversize,L,1,29.9,30,20.93
12512,2025-07-25,C0293,En ligne,T-shirts,T-shirt imprimé,M,1,24.9,30,17.43
12513,2025-07-25,C0078,Boutique,T-shirts,T-shirt oversize,L,1,29.9,30,20.93
12513,2025-07-25,C0078,Boutique,Pantalons,Jogging,S,1,34.9,30,24.43
12514,2025-07-25,C0013,En ligne,Accessoires,Ceinture,Unique,1,29.9,30,20.93
12515,2025-07-25,C0462,Boutique,Accessoires,Sac banane,Unique,1,34.9,0,34.9
12516,2025-07-25,C0673,En ligne,Pantalons,Jean droit,S,1,59.9,30,41.93
12516,2025-07-25,C0673,En ligne,T-shirts,T-shirt imprimé,XL,1,24.9,0,24.9
12517,2025-07-25,C0073,Boutique,T-shirts,T-shirt imprimé,S,1,24.9,0,24.9
12517,2025-07-25,C0073,Boutique,T-shirts,T-shirt imprimé,L,1,24.9,0,24.9
12518,2025-07-25,C0341,Boutique,T-shirts,T-shirt imprimé,M,1,24.9,30,17.43
12519,2025-07-25,C0451,Boutique,T-shirts,T-shirt basique,M,2,19.9,30,27.86
12520,2025-07-25,C0168,En ligne,Chaussures,Baskets blanches,42,1,89.9,0,89.9
12521,2025-07-25,C0006,En ligne,Accessoires,Ceinture,Unique,1,29.9,30,20.93
12522,2025-07-25,C0005,Boutique,T-shirts,T-shirt oversize,L,1,29.9,30,20.93
12522,2025-07-25,C0005,Boutique,T-shirts,T-shirt imprimé,L,1,24.9,30,17.43
12523,2025-07-25,C0009,Boutique,Chaussures,Baskets blanches,41,1,89.9,0,89.9
12523,2025-07-25,C0009,Boutique,Accessoires,Ceinture,Unique,1,29.9,30,20.93
12524,2025-07-25,C0479,Boutique,T-shirts,T-shirt oversize,L,2,29.9,30,41.86
12524,2025-07-25,C0479,Boutique,T-shirts,T-shirt imprimé,L,1,24.9,30,17.43
12524,2025-07-25,C0479,Boutique,Accessoires,Ceinture,Unique,1,29.9,30,20.93
12525,2025-07-26,C0113,Boutique,T-shirts,T-shirt oversize,XL,1,29.9,0,29.9
12526,2025-07-26,C0100,Boutique,Accessoires,Bonnet,Unique,1,17.9,0,17.9
12527,2025-07-26,C0286,En ligne,T-shirts,T-shirt basique,M,2,19.9,0,39.8
12528,2025-07-26,C0870,Boutique,Accessoires,Casquette,Unique,1,19.9,0,19.9
12528,2025-07-26,C0870,Boutique,Accessoires,Ceinture,Unique,2,29.9,0,59.8
12529,2025-07-26,C0487,En ligne,Pantalons,Pantalon cargo,M,1,49.9,30,34.93
12530,2025-07-26,C0078,Boutique,Pantalons,Jean droit,XS,1,59.9,0,59.9
12530,2025-07-26,C0078,Boutique,Pantalons,Pantalon cargo,L,1,49.9,0,49.9
12531,2025-07-26,C0691,Boutique,T-shirts,T-shirt imprimé,S,1,24.9,0,24.9
12531,2025-07-26,C0691,Boutique,Accessoires,Sac banane,Unique,1,34.9,30,24.43
12532,2025-07-26,C0721,En ligne,Chaussures,Bottines,39,1,109.9,30,76.93
12533,2025-07-26,C0101,Boutique,Accessoires,Écharpe,Unique,1,24.9,0,24.9
12534,2025-07-26,C0051,Boutique,Pulls & sweats,Sweat à capuche,M,1,49.9,30,34.93
12534,2025-07-26,C0051,Boutique,Pantalons,Jean droit,XL,1,59.9,0,59.9
12534,2025-07-26,C0051,Boutique,Pantalons,Jean droit,M,1,59.9,30,41.93
12535,2025-07-26,C0063,Boutique,T-shirts,T-shirt oversize,L,1,29.9,30,20.93
12535,2025-07-26,C0063,Boutique,T-shirts,T-shirt oversize,L,1,29.9,30,20.93
12536,2025-07-26,C0696,Boutique,T-shirts,T-shirt basique,M,1,19.9,0,19.9
12536,2025-07-26,C0696,Boutique,T-shirts,T-shirt oversize,L,1,29.9,30,20.93
12537,2025-07-26,C0051,Boutique,Accessoires,Bonnet,Unique,2,17.9,30,25.06
12538,2025-07-26,C0001,En ligne,Accessoires,Bonnet,Unique,1,17.9,30,12.53
12539,2025-07-26,C0039,Boutique,T-shirts,T-shirt basique,M,1,19.9,30,13.93
12540,2025-07-26,C0019,Boutique,Accessoires,Bonnet,Unique,1,17.9,0,17.9
12541,2025-07-26,C0203,Boutique,Pulls & sweats,Sweat col rond,L,2,39.9,30,55.86
12542,2025-07-26,C0206,Boutique,T-shirts,T-shirt oversize,L,1,29.9,30,20.93
12543,2025-07-26,C0068,Boutique,Chaussures,Bottines,39,2,109.9,30,153.86
12544,2025-07-26,C0083,Boutique,Chaussures,Bottines,43,1,109.9,30,76.93
12545,2025-07-26,C0640,Boutique,T-shirts,T-shirt imprimé,M,1,24.9,0,24.9
12545,2025-07-26,C0640,Boutique,T-shirts,T-shirt imprimé,L,1,24.9,30,17.43
12546,2025-07-26,C0831,En ligne,Chaussures,Bottines,43,1,109.9,30,76.93
12546,2025-07-26,C0831,En ligne,T-shirts,T-shirt imprimé,L,2,24.9,0,49.8
12546,2025-07-26,C0831,En ligne,Accessoires,Écharpe,Unique,2,24.9,30,34.86
12547,2025-07-26,C0884,Boutique,T-shirts,T-shirt oversize,L,2,29.9,0,59.8
12548,2025-07-26,C0079,Boutique,Pantalons,Pantalon cargo,M,2,49.9,30,69.86
12548,2025-07-26,C0079,Boutique,T-shirts,T-shirt imprimé,S,1,24.9,30,17.43
12548,2025-07-26,C0079,Boutique,Accessoires,Écharpe,Unique,1,24.9,0,24.9
12549,2025-07-26,C0104,Boutique,Accessoires,Sac banane,Unique,1,34.9,30,24.43
12550,2025-07-26,C0674,Boutique,T-shirts,T-shirt basique,L,1,19.9,30,13.93
12550,2025-07-26,C0674,Boutique,T-shirts,T-shirt basique,L,1,19.9,30,13.93
12551,2025-07-26,C0471,Boutique,T-shirts,T-shirt imprimé,L,1,24.9,30,17.43
12552,2025-07-26,C0584,Boutique,Vestes,Doudoune,M,2,119.9,0,239.8
12553,2025-07-26,C0118,Boutique,Chaussures,Sneakers running,43,1,99.9,30,69.93
12553,2025-07-26,C0118,Boutique,T-shirts,T-shirt imprimé,M,1,24.9,30,17.43
12554,2025-07-26,C0492,Boutique,Accessoires,Ceinture,Unique,1,29.9,30,20.93
12555,2025-07-26,C0571,Boutique,T-shirts,T-shirt basique,XL,2,19.9,0,39.8
12555,2025-07-26,C0571,Boutique,T-shirts,T-shirt imprimé,M,1,24.9,0,24.9
12556,2025-07-26,C0597,En ligne,Accessoires,Sac banane,Unique,2,34.9,0,69.8
12557,2025-07-26,C0360,Boutique,Pulls & sweats,Sweat col rond,M,1,39.9,0,39.9
12558,2025-07-26,C0112,Boutique,T-shirts,T-shirt oversize,L,1,29.9,30,20.93
12558,2025-07-26,C0112,Boutique,T-shirts,T-shirt imprimé,M,1,24.9,0,24.9
12559,2025-07-26,C0051,Boutique,Accessoires,Sac banane,Unique,1,34.9,30,24.43
12559,2025-07-26,C0051,Boutique,Chaussures,Baskets blanches,44,1,89.9,30,62.93
12560,2025-07-26,C0856,Boutique,T-shirts,T-shirt basique,M,1,19.9,0,19.9
12561,2025-07-26,C0166,En ligne,Pantalons,Jean slim,S,1,54.9,30,38.43
12562,2025-07-26,C0101,Boutique,T-shirts,T-shirt basique,XL,1,19.9,0,19.9
12562,2025-07-26,C0101,Boutique,Chaussures,Bottines,43,1,109.9,0,109.9
12563,2025-07-26,C0245,Boutique,Vestes,Doudoune,XL,1,119.9,30,83.93
12563,2025-07-26,C0245,Boutique,Chaussures,Sneakers running,44,1,99.9,30,69.93
12564,2025-07-26,C0377,Boutique,Accessoires,Écharpe,Unique,1,24.9,30,17.43
12564,2025-07-26,C0377,Boutique,Accessoires,Bonnet,Unique,1,17.9,30,12.53
12565,2025-07-26,C0225,En ligne,T-shirts,T-shirt oversize,M,1,29.9,30,20.93
12565,2025-07-26,C0225,En ligne,Accessoires,Écharpe,Unique,2,24.9,30,34.86
12566,2025-07-26,C0894,En ligne,T-shirts,T-shirt oversize,XL,2,29.9,0,59.8
12567,2025-07-28,C0876,Boutique,Pulls & sweats,Pull en laine,S,1,59.9,30,41.93
12568,2025-07-28,C0085,Boutique,Pantalons,Jean slim,S,2,54.9,0,109.8
12569,2025-07-28,C0114,Boutique,Pantalons,Jean droit,M,1,59.9,0,59.9
12569,2025-07-28,C0114,Boutique,Accessoires,Ceinture,Unique,2,29.9,0,59.8
12570,2025-07-28,C0033,Boutique,Accessoires,Écharpe,Unique,1,24.9,30,17.43
12570,2025-07-28,C0033,Boutique,Chaussures,Sneakers running,42,1,99.9,30,69.93
12571,2025-07-28,C0106,En ligne,T-shirts,T-shirt oversize,L,1,29.9,30,20.93
12572,2025-07-28,C0757,Boutique,Accessoires,Écharpe,Unique,1,24.9,0,24.9
12573,2025-07-28,C0081,Boutique,Pantalons,Jean slim,M,1,54.9,30,38.43
12574,2025-07-28,C0046,En ligne,Chaussures,Baskets blanches,44,1,89.9,30,62.93
12575,2025-07-28,C0072,En ligne,T-shirts,T-shirt basique,S,1,19.9,30,13.93
12576,2025-07-28,C0689,Boutique,Chaussures,Sneakers running,40,2,99.9,0,199.8
12576,2025-07-28,C0689,Boutique,T-shirts,T-shirt oversize,S,1,29.9,30,20.93
12577,2025-07-29,C0590,En ligne,T-shirts,T-shirt imprimé,S,1,24.9,30,17.43
12577,2025-07-29,C0590,En ligne,Pantalons,Jogging,M,2,34.9,0,69.8
12577,2025-07-29,C0590,En ligne,Chaussures,Sneakers running,40,1,99.9,30,69.93
12578,2025-07-29,C0694,Boutique,Accessoires,Écharpe,Unique,1,24.9,30,17.43
12579,2025-07-29,C0078,Boutique,Pantalons,Pantalon cargo,XL,1,49.9,30,34.93
12579,2025-07-29,C0078,Boutique,T-shirts,T-shirt imprimé,L,1,24.9,0,24.9
12580,2025-07-29,C0784,Boutique,Pantalons,Jean slim,M,1,54.9,30,38.43
12581,2025-07-29,C0108,En ligne,T-shirts,T-shirt imprimé,L,1,24.9,30,17.43
12582,2025-07-29,C0171,Boutique,T-shirts,T-shirt imprimé,S,1,24.9,30,17.43
12583,2025-07-29,C0671,Boutique,Pantalons,Jean slim,M,1,54.9,30,38.43
12584,2025-07-30,C0634,Boutique,Pulls & sweats,Pull en laine,XS,2,59.9,30,83.86
12584,2025-07-30,C0634,Boutique,T-shirts,T-shirt oversize,XL,1,29.9,30,20.93
12584,2025-07-30,C0634,Boutique,T-shirts,T-shirt oversize,S,1,29.9,30,20.93
12585,2025-07-30,C0178,Boutique,Accessoires,Sac banane,Unique,2,34.9,30,48.86
12586,2025-07-30,C0065,Boutique,Chaussures,Sneakers running,43,1,99.9,30,69.93
12586,2025-07-30,C0065,Boutique,Accessoires,Ceinture,Unique,1,29.9,30,20.93
12586,2025-07-30,C0065,Boutique,Chaussures,Sneakers running,39,1,99.9,0,99.9
12587,2025-07-30,C0017,Boutique,Pulls & sweats,Pull en laine,S,1,59.9,0,59.9
12587,2025-07-30,C0017,Boutique,T-shirts,T-shirt oversize,S,1,29.9,30,20.93
12588,2025-07-30,C0534,Boutique,T-shirts,T-shirt imprimé,XL,2,24.9,30,34.86
12589,2025-07-30,C0005,Boutique,Chaussures,Sneakers running,44,1,99.9,30,69.93
12589,2025-07-30,C0005,Boutique,T-shirts,T-shirt basique,S,1,19.9,0,19.9
12590,2025-07-30,C0479,Boutique,Accessoires,Écharpe,Unique,1,24.9,0,24.9
12591,2025-07-30,C0021,Boutique,T-shirts,T-shirt oversize,M,1,29.9,30,20.93
12591,2025-07-30,C0021,Boutique,T-shirts,T-shirt oversize,M,1,29.9,30,20.93
12592,2025-07-30,C0116,En ligne,T-shirts,T-shirt imprimé,L,1,24.9,30,17.43
12593,2025-07-30,C0073,Boutique,T-shirts,T-shirt oversize,L,1,29.9,0,29.9
12594,2025-07-30,C0083,Boutique,T-shirts,T-shirt imprimé,S,1,24.9,0,24.9
12595,2025-07-30,C0083,Boutique,T-shirts,T-shirt imprimé,S,1,24.9,30,17.43
12595,2025-07-30,C0083,Boutique,Accessoires,Écharpe,Unique,2,24.9,30,34.86
12596,2025-07-30,C0052,Boutique,T-shirts,T-shirt basique,L,1,19.9,0,19.9
12597,2025-07-30,C0053,Boutique,T-shirts,T-shirt oversize,S,1,29.9,0,29.9
12598,2025-07-30,C0555,Boutique,Accessoires,Sac banane,Unique,1,34.9,30,24.43
12599,2025-07-30,C0112,Boutique,T-shirts,T-shirt imprimé,S,1,24.9,30,17.43
12600,2025-07-31,C0031,Boutique,T-shirts,T-shirt basique,L,1,19.9,0,19.9
12601,2025-07-31,C0079,Boutique,Pantalons,Jogging,S,1,34.9,0,34.9
12601,2025-07-31,C0079,Boutique,Pantalons,Jean slim,XL,1,54.9,0,54.9
12602,2025-07-31,C0615,En ligne,Pantalons,Pantalon cargo,S,1,49.9,30,34.93
12602,2025-07-31,C0615,En ligne,T-shirts,T-shirt imprimé,L,1,24.9,30,17.43
12603,2025-07-31,C0486,Boutique,Pulls & sweats,Pull en laine,XS,1,59.9,0,59.9
12604,2025-07-31,C0546,Boutique,T-shirts,T-shirt imprimé,L,1,24.9,30,17.43
12605,2025-07-31,C0599,Boutique,Accessoires,Écharpe,Unique,1,24.9,0,24.9
12605,2025-07-31,C0599,Boutique,Pulls & sweats,Pull en laine,M,1,59.9,30,41.93
12606,2025-07-31,C0615,En ligne,T-shirts,T-shirt imprimé,S,1,24.9,0,24.9
12607,2025-07-31,C0514,Boutique,Accessoires,Bonnet,Unique,1,17.9,30,12.53
12607,2025-07-31,C0514,Boutique,T-shirts,T-shirt imprimé,L,1,24.9,30,17.43
12608,2025-07-31,C0026,Boutique,Pantalons,Jean droit,M,1,59.9,0,59.9
12609,2025-07-31,C0006,En ligne,Chaussures,Sneakers running,42,1,99.9,30,69.93
12610,2025-07-31,C0310,En ligne,T-shirts,T-shirt imprimé,XS,1,24.9,0,24.9
12611,2025-07-31,C0114,En ligne,Accessoires,Écharpe,Unique,1,24.9,0,24.9
12612,2025-07-31,C0038,Boutique,T-shirts,T-shirt oversize,XL,1,29.9,30,20.93
12613,2025-07-31,C0004,Boutique,T-shirts,T-shirt oversize,M,1,29.9,30,20.93
12614,2025-07-31,C0049,Boutique,T-shirts,T-shirt basique,L,1,19.9,30,13.93
12614,2025-07-31,C0049,Boutique,Accessoires,Bonnet,Unique,1,17.9,30,12.53
12615,2025-07-31,C0784,Boutique,Chaussures,Baskets blanches,43,1,89.9,0,89.9
12615,2025-07-31,C0784,Boutique,T-shirts,T-shirt oversize,M,1,29.9,0,29.9
12615,2025-07-31,C0784,Boutique,Pantalons,Pantalon cargo,XS,1,49.9,0,49.9
12616,2025-07-31,C0703,En ligne,Pantalons,Jean droit,M,1,59.9,30,41.93
12617,2025-08-01,C0458,Boutique,Accessoires,Casquette,Unique,1,19.9,0,19.9
12617,2025-08-01,C0458,Boutique,Pantalons,Jogging,L,1,34.9,0,34.9
12618,2025-08-01,C0534,Boutique,Pantalons,Pantalon cargo,M,1,49.9,0,49.9
12618,2025-08-01,C0534,Boutique,Pantalons,Pantalon cargo,L,1,49.9,0,49.9
12619,2025-08-01,C0016,En ligne,Pulls & sweats,Pull en laine,M,2,59.9,0,119.8
12620,2025-08-01,C0567,Boutique,Accessoires,Casquette,Unique,1,19.9,0,19.9
12620,2025-08-01,C0567,Boutique,Pantalons,Pantalon cargo,S,1,49.9,0,49.9
12621,2025-08-01,C0205,Boutique,Pantalons,Pantalon cargo,M,1,49.9,0,49.9
12622,2025-08-01,C0111,Boutique,Pantalons,Jogging,XL,1,34.9,0,34.9
12623,2025-08-01,C0091,Boutique,Pantalons,Jean slim,XL,1,54.9,0,54.9
12623,2025-08-01,C0091,Boutique,T-shirts,T-shirt basique,S,1,19.9,0,19.9
12624,2025-08-01,C0512,En ligne,Pulls & sweats,Sweat col rond,S,1,39.9,0,39.9
12624,2025-08-01,C0512,En ligne,T-shirts,T-shirt oversize,XL,1,29.9,0,29.9
12624,2025-08-01,C0512,En ligne,Accessoires,Bonnet,Unique,1,17.9,0,17.9
12625,2025-08-01,C0540,Boutique,Chaussures,Baskets blanches,43,1,89.9,0,89.9
12626,2025-08-01,C0249,Boutique,Pulls & sweats,Pull en laine,L,1,59.9,0,59.9
12627,2025-08-01,C0350,Boutique,Accessoires,Bonnet,Unique,1,17.9,0,17.9
12627,2025-08-01,C0350,Boutique,Accessoires,Sac banane,Unique,1,34.9,0,34.9
12627,2025-08-01,C0350,Boutique,T-shirts,T-shirt imprimé,XL,2,24.9,0,49.8
12628,2025-08-02,C0081,En ligne,Accessoires,Écharpe,Unique,1,24.9,0,24.9
12628,2025-08-02,C0081,En ligne,Accessoires,Casquette,Unique,1,19.9,0,19.9
12628,2025-08-02,C0081,En ligne,Chaussures,Baskets blanches,39,1,89.9,0,89.9
12629,2025-08-02,C0864,Boutique,T-shirts,T-shirt imprimé,XL,2,24.9,0,49.8
12629,2025-08-02,C0864,Boutique,Accessoires,Casquette,Unique,1,19.9,0,19.9
12629,2025-08-02,C0864,Boutique,Accessoires,Bonnet,Unique,1,17.9,0,17.9
12630,2025-08-02,C0090,Boutique,Pantalons,Pantalon cargo,L,1,49.9,0,49.9
12631,2025-08-02,C0569,En ligne,T-shirts,T-shirt basique,M,1,19.9,0,19.9
12632,2025-08-02,C0099,Boutique,Pantalons,Pantalon cargo,L,1,49.9,0,49.9
12633,2025-08-02,C0439,Boutique,Accessoires,Sac banane,Unique,1,34.9,0,34.9
12634,2025-08-02,C0036,Boutique,Accessoires,Sac banane,Unique,1,34.9,0,34.9
12635,2025-08-02,C0014,Boutique,Accessoires,Écharpe,Unique,1,24.9,0,24.9
12635,2025-08-02,C0014,Boutique,Accessoires,Casquette,Unique,1,19.9,0,19.9
12636,2025-08-02,C0069,Boutique,Vestes,Doudoune,M,2,119.9,0,239.8
12637,2025-08-02,C0140,En ligne,Chaussures,Baskets blanches,40,1,89.9,0,89.9
12637,2025-08-02,C0140,En ligne,T-shirts,T-shirt oversize,S,1,29.9,0,29.9
12638,2025-08-02,C0277,En ligne,Accessoires,Bonnet,Unique,1,17.9,0,17.9
12638,2025-08-02,C0277,En ligne,T-shirts,T-shirt oversize,S,2,29.9,0,59.8
12639,2025-08-02,C0041,Boutique,Accessoires,Casquette,Unique,1,19.9,0,19.9
12640,2025-08-02,C0035,En ligne,Pantalons,Pantalon cargo,XL,1,49.9,0,49.9
12640,2025-08-02,C0035,En ligne,T-shirts,T-shirt oversize,L,1,29.9,0,29.9
12641,2025-08-02,C0008,Boutique,Pulls & sweats,Sweat col rond,S,2,39.9,0,79.8
12642,2025-08-02,C0528,Boutique,T-shirts,T-shirt imprimé,L,1,24.9,0,24.9
12643,2025-08-02,C0040,Boutique,Pantalons,Jean slim,M,2,54.9,0,109.8
12644,2025-08-02,C0107,Boutique,T-shirts,T-shirt basique,L,1,19.9,0,19.9
12645,2025-08-02,C0845,En ligne,Chaussures,Baskets blanches,40,1,89.9,0,89.9
12645,2025-08-02,C0845,En ligne,T-shirts,T-shirt imprimé,S,1,24.9,0,24.9
12646,2025-08-04,C0023,En ligne,Pulls & sweats,Sweat col rond,XL,1,39.9,0,39.9
12647,2025-08-04,C0794,En ligne,T-shirts,T-shirt imprimé,S,1,24.9,0,24.9
12648,2025-08-04,C0641,Boutique,T-shirts,T-shirt oversize,L,1,29.9,0,29.9
12648,2025-08-04,C0641,Boutique,T-shirts,T-shirt imprimé,L,1,24.9,0,24.9
12649,2025-08-04,C0302,En ligne,T-shirts,T-shirt oversize,M,1,29.9,0,29.9
12650,2025-08-04,C0039,Boutique,T-shirts,T-shirt basique,M,1,19.9,0,19.9
12651,2025-08-04,C0095,Boutique,Vestes,Coupe-vent,M,1,64.9,0,64.9
12652,2025-08-04,C0832,En ligne,Chaussures,Baskets blanches,43,1,89.9,0,89.9
12653,2025-08-05,C0058,En ligne,Accessoires,Sac banane,Unique,2,34.9,0,69.8
12654,2025-08-05,C0098,Boutique,Accessoires,Sac banane,Unique,2,34.9,0,69.8
12654,2025-08-05,C0098,Boutique,Vestes,Veste en jean,L,1,79.9,0,79.9
12655,2025-08-05,C0055,Boutique,Accessoires,Écharpe,Unique,1,24.9,0,24.9
12655,2025-08-05,C0055,Boutique,T-shirts,T-shirt basique,M,1,19.9,0,19.9
12656,2025-08-05,C0034,Boutique,Pantalons,Jean slim,M,1,54.9,0,54.9
12656,2025-08-05,C0034,Boutique,Pantalons,Pantalon cargo,M,1,49.9,0,49.9
12657,2025-08-05,C0282,Boutique,Vestes,Veste en jean,M,1,79.9,0,79.9
12657,2025-08-05,C0282,Boutique,Pantalons,Jogging,M,1,34.9,0,34.9
12658,2025-08-05,C0003,Boutique,Chaussures,Sneakers running,42,1,99.9,0,99.9
12659,2025-08-05,C0088,Boutique,Accessoires,Casquette,Unique,1,19.9,0,19.9
12659,2025-08-05,C0088,Boutique,Accessoires,Sac banane,Unique,1,34.9,0,34.9
12660,2025-08-05,C0734,Boutique,T-shirts,T-shirt imprimé,M,1,24.9,0,24.9
12661,2025-08-05,C0001,Boutique,Chaussures,Bottines,44,2,109.9,0,219.8
12662,2025-08-05,C0063,Boutique,Accessoires,Bonnet,Unique,1,17.9,0,17.9
12663,2025-08-05,C0377,Boutique,Pantalons,Pantalon cargo,XL,1,49.9,0,49.9
12663,2025-08-05,C0377,Boutique,Accessoires,Écharpe,Unique,1,24.9,0,24.9
12664,2025-08-05,C0043,Boutique,Chaussures,Baskets blanches,41,1,89.9,0,89.9
12665,2025-08-05,C0106,Boutique,Accessoires,Sac banane,Unique,1,34.9,0,34.9
12665,2025-08-05,C0106,Boutique,Pantalons,Jean droit,L,2,59.9,0,119.8
12665,2025-08-05,C0106,Boutique,T-shirts,T-shirt basique,M,1,19.9,0,19.9
12666,2025-08-05,C0699,Boutique,Accessoires,Ceinture,Unique,1,29.9,0,29.9
12667,2025-08-05,C0049,Boutique,Accessoires,Casquette,Unique,1,19.9,0,19.9
12668,2025-08-05,C0256,Boutique,T-shirts,T-shirt oversize,M,1,29.9,0,29.9
12669,2025-08-06,C0050,En ligne,T-shirts,T-shirt oversize,XS,1,29.9,0,29.9
12670,2025-08-06,C0098,En ligne,Pulls & sweats,Pull en laine,L,1,59.9,0,59.9
12671,2025-08-06,C0002,Boutique,Pantalons,Pantalon cargo,L,1,49.9,0,49.9
12671,2025-08-06,C0002,Boutique,Chaussures,Bottines,42,1,109.9,0,109.9
12672,2025-08-06,C0050,Boutique,Pantalons,Jean slim,L,2,54.9,0,109.8
12673,2025-08-06,C0039,Boutique,Pantalons,Jogging,M,1,34.9,0,34.9
12674,2025-08-06,C0736,En ligne,T-shirts,T-shirt basique,M,1,19.9,0,19.9
12675,2025-08-06,C0091,Boutique,Accessoires,Ceinture,Unique,2,29.9,0,59.8
12675,2025-08-06,C0091,Boutique,Accessoires,Ceinture,Unique,1,29.9,0,29.9
12676,2025-08-06,C0473,Boutique,Chaussures,Baskets blanches,42,1,89.9,0,89.9
12677,2025-08-06,C0321,Boutique,Accessoires,Sac banane,Unique,2,34.9,0,69.8
12678,2025-08-06,C0834,Boutique,Accessoires,Écharpe,Unique,1,24.9,0,24.9
12678,2025-08-06,C0834,Boutique,Chaussures,Sneakers running,41,1,99.9,0,99.9
12679,2025-08-07,C0046,Boutique,Pantalons,Pantalon cargo,L,2,49.9,0,99.8
12680,2025-08-07,C0803,En ligne,Pantalons,Jogging,S,1,34.9,0,34.9
12681,2025-08-07,C0111,Boutique,T-shirts,T-shirt oversize,S,1,29.9,0,29.9
12682,2025-08-07,C0041,Boutique,Chaussures,Baskets blanches,43,1,89.9,0,89.9
12682,2025-08-07,C0041,Boutique,T-shirts,T-shirt basique,XS,1,19.9,0,19.9
12683,2025-08-07,C0757,En ligne,Pulls & sweats,Sweat col rond,S,1,39.9,0,39.9
12684,2025-08-07,C0034,Boutique,Accessoires,Écharpe,Unique,1,24.9,0,24.9
12685,2025-08-07,C0252,Boutique,T-shirts,T-shirt oversize,M,1,29.9,0,29.9
12686,2025-08-07,C0647,Boutique,Accessoires,Casquette,Unique,1,19.9,0,19.9
12686,2025-08-07,C0647,Boutique,T-shirts,T-shirt oversize,XS,1,29.9,0,29.9
12686,2025-08-07,C0647,Boutique,Chaussures,Bottines,44,1,109.9,0,109.9
12687,2025-08-07,C0054,En ligne,Accessoires,Sac banane,Unique,1,34.9,0,34.9
12687,2025-08-07,C0054,En ligne,Chaussures,Bottines,39,2,109.9,0,219.8
12688,2025-08-07,C0700,Boutique,Chaussures,Bottines,41,1,109.9,0,109.9
12689,2025-08-07,C0079,Boutique,Pantalons,Jean slim,L,1,54.9,0,54.9
12690,2025-08-07,C0499,Boutique,Pantalons,Jogging,L,1,34.9,0,34.9
12691,2025-08-07,C0393,Boutique,Vestes,Coupe-vent,S,1,64.9,0,64.9
12692,2025-08-07,C0615,Boutique,Chaussures,Baskets blanches,40,1,89.9,0,89.9
12693,2025-08-07,C0709,En ligne,Pantalons,Jean droit,XL,1,59.9,0,59.9
12693,2025-08-07,C0709,En ligne,Accessoires,Écharpe,Unique,1,24.9,0,24.9
12694,2025-08-08,C0248,Boutique,Accessoires,Casquette,Unique,1,19.9,0,19.9
12695,2025-08-08,C0028,Boutique,Pulls & sweats,Pull en laine,M,1,59.9,0,59.9
12696,2025-08-08,C0071,Boutique,Pantalons,Pantalon cargo,M,1,49.9,0,49.9
12697,2025-08-08,C0848,En ligne,Vestes,Veste en jean,XL,1,79.9,0,79.9
12698,2025-08-08,C0689,En ligne,Accessoires,Ceinture,Unique,1,29.9,0,29.9
12698,2025-08-08,C0689,En ligne,Accessoires,Casquette,Unique,1,19.9,0,19.9
12699,2025-08-08,C0717,Boutique,T-shirts,T-shirt imprimé,S,1,24.9,0,24.9
12700,2025-08-08,C0027,Boutique,Chaussures,Baskets blanches,43,1,89.9,0,89.9
12701,2025-08-09,C0429,Boutique,T-shirts,T-shirt basique,XL,2,19.9,0,39.8
12702,2025-08-09,C0374,Boutique,Pantalons,Pantalon cargo,L,1,49.9,0,49.9
12702,2025-08-09,C0374,Boutique,Vestes,Coupe-vent,L,1,64.9,0,64.9
12703,2025-08-09,C0078,Boutique,Pantalons,Jogging,L,1,34.9,0,34.9
12703,2025-08-09,C0078,Boutique,Accessoires,Casquette,Unique,1,19.9,0,19.9
12703,2025-08-09,C0078,Boutique,T-shirts,T-shirt oversize,M,1,29.9,0,29.9
12704,2025-08-09,C0100,Boutique,Accessoires,Sac banane,Unique,1,34.9,0,34.9
12705,2025-08-09,C0784,En ligne,T-shirts,T-shirt oversize,S,1,29.9,0,29.9
12706,2025-08-09,C0034,En ligne,Accessoires,Écharpe,Unique,2,24.9,0,49.8
12706,2025-08-09,C0034,En ligne,T-shirts,T-shirt oversize,M,2,29.9,0,59.8
12707,2025-08-09,C0248,Boutique,Accessoires,Casquette,Unique,1,19.9,0,19.9
12707,2025-08-09,C0248,Boutique,Pantalons,Jean droit,S,1,59.9,0,59.9
12708,2025-08-09,C0012,En ligne,T-shirts,T-shirt basique,L,1,19.9,0,19.9
12709,2025-08-09,C0109,En ligne,T-shirts,T-shirt basique,M,1,19.9,0,19.9
12710,2025-08-09,C0057,Boutique,T-shirts,T-shirt basique,XL,1,19.9,0,19.9
12710,2025-08-09,C0057,Boutique,Pulls & sweats,Sweat col rond,L,1,39.9,0,39.9
12711,2025-08-09,C0059,Boutique,Pantalons,Pantalon cargo,XL,1,49.9,0,49.9
12711,2025-08-09,C0059,Boutique,T-shirts,T-shirt oversize,S,1,29.9,0,29.9
12712,2025-08-09,C0145,Boutique,Accessoires,Écharpe,Unique,1,24.9,0,24.9
12712,2025-08-09,C0145,Boutique,T-shirts,T-shirt imprimé,XL,1,24.9,0,24.9
12713,2025-08-09,C0823,En ligne,T-shirts,T-shirt oversize,XL,1,29.9,0,29.9
12714,2025-08-09,C0079,En ligne,Chaussures,Sneakers running,44,1,99.9,0,99.9
12715,2025-08-09,C0086,En ligne,T-shirts,T-shirt oversize,L,1,29.9,0,29.9
12715,2025-08-09,C0086,En ligne,Accessoires,Bonnet,Unique,1,17.9,0,17.9
12716,2025-08-11,C0412,En ligne,Accessoires,Sac banane,Unique,1,34.9,0,34.9
12716,2025-08-11,C0412,En ligne,Accessoires,Casquette,Unique,1,19.9,0,19.9
12717,2025-08-11,C0509,Boutique,T-shirts,T-shirt basique,M,1,19.9,0,19.9
12717,2025-08-11,C0509,Boutique,T-shirts,T-shirt oversize,XL,1,29.9,0,29.9
12717,2025-08-11,C0509,Boutique,Chaussures,Bottines,40,1,109.9,0,109.9
12718,2025-08-11,C0467,En ligne,T-shirts,T-shirt basique,L,2,19.9,0,39.8
12719,2025-08-11,C0274,Boutique,Chaussures,Bottines,43,1,109.9,0,109.9
12719,2025-08-11,C0274,Boutique,Pantalons,Jean slim,M,1,54.9,0,54.9
12720,2025-08-11,C0024,Boutique,T-shirts,T-shirt oversize,L,2,29.9,0,59.8
12720,2025-08-11,C0024,Boutique,T-shirts,T-shirt basique,XL,2,19.9,0,39.8
12721,2025-08-11,C0104,Boutique,T-shirts,T-shirt basique,M,1,19.9,0,19.9
12722,2025-08-11,C0039,Boutique,Accessoires,Ceinture,Unique,1,29.9,0,29.9
12723,2025-08-11,C0350,En ligne,T-shirts,T-shirt basique,XL,1,19.9,0,19.9
12724,2025-08-11,C0339,Boutique,T-shirts,T-shirt basique,M,1,19.9,0,19.9
12724,2025-08-11,C0339,Boutique,Vestes,Veste en jean,S,1,79.9,0,79.9
12724,2025-08-11,C0339,Boutique,Pantalons,Jogging,XL,1,34.9,0,34.9
12725,2025-08-12,C0391,Boutique,Accessoires,Sac banane,Unique,1,34.9,0,34.9
12725,2025-08-12,C0391,Boutique,T-shirts,T-shirt basique,XL,1,19.9,0,19.9
12726,2025-08-12,C0132,Boutique,Pantalons,Jean slim,L,2,54.9,0,109.8
12727,2025-08-12,C0570,Boutique,Pantalons,Pantalon cargo,M,1,49.9,0,49.9
12727,2025-08-12,C0570,Boutique,Accessoires,Sac banane,Unique,1,34.9,0,34.9
12727,2025-08-12,C0570,Boutique,T-shirts,T-shirt basique,S,1,19.9,0,19.9
12728,2025-08-12,C0263,Boutique,Accessoires,Écharpe,Unique,1,24.9,0,24.9
12729,2025-08-12,C0736,Boutique,Pantalons,Jean slim,L,1,54.9,0,54.9
12730,2025-08-12,C0371,En ligne,Pantalons,Pantalon cargo,XL,2,49.9,0,99.8
12731,2025-08-12,C0221,Boutique,T-shirts,T-shirt basique,L,1,19.9,0,19.9
12731,2025-08-12,C0221,Boutique,Pantalons,Pantalon cargo,L,2,49.9,0,99.8
12732,2025-08-12,C0642,Boutique,Accessoires,Écharpe,Unique,1,24.9,0,24.9
12732,2025-08-12,C0642,Boutique,Chaussures,Sneakers running,41,2,99.9,0,199.8
12733,2025-08-12,C0679,Boutique,Accessoires,Sac banane,Unique,2,34.9,0,69.8
12734,2025-08-13,C0114,Boutique,Pulls & sweats,Sweat à capuche,M,1,49.9,0,49.9
12735,2025-08-13,C0069,Boutique,Accessoires,Ceinture,Unique,2,29.9,0,59.8
12735,2025-08-13,C0069,Boutique,Chaussures,Sneakers running,42,1,99.9,0,99.9
12736,2025-08-13,C0103,Boutique,T-shirts,T-shirt imprimé,L,1,24.9,0,24.9
12737,2025-08-13,C0151,En ligne,T-shirts,T-shirt imprimé,M,1,24.9,0,24.9
12738,2025-08-13,C0338,Boutique,Pantalons,Jogging,L,1,34.9,0,34.9
12739,2025-08-13,C0090,Boutique,Chaussures,Sneakers running,40,1,99.9,0,99.9
12740,2025-08-13,C0331,Boutique,Chaussures,Sneakers running,42,1,99.9,0,99.9
12740,2025-08-13,C0331,Boutique,T-shirts,T-shirt basique,M,1,19.9,0,19.9
12741,2025-08-13,C0074,Boutique,Pantalons,Jean slim,M,1,54.9,0,54.9
12741,2025-08-13,C0074,Boutique,Pantalons,Jean droit,XS,2,59.9,0,119.8
12742,2025-08-13,C0580,Boutique,Pantalons,Jean droit,S,1,59.9,0,59.9
12743,2025-08-13,C0858,En ligne,T-shirts,T-shirt imprimé,S,1,24.9,0,24.9
12743,2025-08-13,C0858,En ligne,Accessoires,Bonnet,Unique,1,17.9,0,17.9
12744,2025-08-14,C0070,Boutique,Accessoires,Sac banane,Unique,1,34.9,0,34.9
12745,2025-08-14,C0071,En ligne,Accessoires,Ceinture,Unique,1,29.9,0,29.9
12745,2025-08-14,C0071,En ligne,T-shirts,T-shirt basique,XL,1,19.9,0,19.9
12746,2025-08-14,C0282,En ligne,Accessoires,Sac banane,Unique,1,34.9,0,34.9
12747,2025-08-14,C0342,Boutique,T-shirts,T-shirt oversize,XL,1,29.9,0,29.9
12748,2025-08-15,C0035,Boutique,T-shirts,T-shirt basique,XS,2,19.9,0,39.8
12749,2025-08-15,C0497,Boutique,Accessoires,Ceinture,Unique,1,29.9,0,29.9
12749,2025-08-15,C0497,Boutique,T-shirts,T-shirt basique,M,1,19.9,0,19.9
12749,2025-08-15,C0497,Boutique,T-shirts,T-shirt oversize,S,2,29.9,0,59.8
12750,2025-08-15,C0110,Boutique,Pantalons,Pantalon cargo,L,1,49.9,0,49.9
12751,2025-08-15,C0158,Boutique,T-shirts,T-shirt basique,XL,2,19.9,0,39.8
12752,2025-08-16,C0740,Boutique,Accessoires,Bonnet,Unique,1,17.9,0,17.9
12752,2025-08-16,C0740,Boutique,Accessoires,Ceinture,Unique,1,29.9,0,29.9
12753,2025-08-16,C0563,En ligne,Pulls & sweats,Pull en laine,XL,1,59.9,0,59.9
12753,2025-08-16,C0563,En ligne,Pulls & sweats,Pull en laine,S,1,59.9,0,59.9
12753,2025-08-16,C0563,En ligne,Chaussures,Baskets blanches,43,1,89.9,0,89.9
12754,2025-08-16,C0023,Boutique,T-shirts,T-shirt oversize,XL,1,29.9,0,29.9
12754,2025-08-16,C0023,Boutique,Vestes,Doudoune,M,1,119.9,0,119.9
12755,2025-08-16,C0074,Boutique,T-shirts,T-shirt imprimé,S,1,24.9,0,24.9
12756,2025-08-16,C0013,Boutique,Pantalons,Jean droit,L,1,59.9,0,59.9
12757,2025-08-16,C0488,En ligne,Pulls & sweats,Pull en laine,XS,1,59.9,0,59.9
12758,2025-08-16,C0042,Boutique,Chaussures,Sneakers running,41,1,99.9,0,99.9
12758,2025-08-16,C0042,Boutique,T-shirts,T-shirt imprimé,L,1,24.9,0,24.9
12759,2025-08-16,C0111,Boutique,Accessoires,Casquette,Unique,1,19.9,0,19.9
12760,2025-08-16,C0079,Boutique,Pulls & sweats,Sweat col rond,L,1,39.9,0,39.9
12761,2025-08-16,C0047,Boutique,Accessoires,Casquette,Unique,1,19.9,0,19.9
12762,2025-08-16,C0659,En ligne,T-shirts,T-shirt imprimé,S,1,24.9,0,24.9
12763,2025-08-16,C0839,Boutique,Pantalons,Jean droit,XL,1,59.9,0,59.9
12764,2025-08-16,C0513,Boutique,T-shirts,T-shirt imprimé,L,1,24.9,0,24.9
12765,2025-08-16,C0098,Boutique,Chaussures,Bottines,44,1,109.9,0,109.9
12766,2025-08-16,C0031,Boutique,Accessoires,Écharpe,Unique,1,24.9,0,24.9
12767,2025-08-16,C0691,Boutique,Accessoires,Ceinture,Unique,1,29.9,0,29.9
12767,2025-08-16,C0691,Boutique,T-shirts,T-shirt imprimé,M,1,24.9,0,24.9
12768,2025-08-16,C0413,En ligne,Accessoires,Écharpe,Unique,1,24.9,0,24.9
12768,2025-08-16,C0413,En ligne,T-shirts,T-shirt basique,S,1,19.9,0,19.9
12769,2025-08-16,C0671,Boutique,Pantalons,Pantalon cargo,S,1,49.9,0,49.9
12769,2025-08-16,C0671,Boutique,Pulls & sweats,Sweat col rond,M,2,39.9,0,79.8
12770,2025-08-16,C0261,Boutique,Pantalons,Jean droit,S,2,59.9,0,119.8
12771,2025-08-18,C0006,Boutique,Accessoires,Écharpe,Unique,1,24.9,0,24.9
12772,2025-08-18,C0126,Boutique,Accessoires,Casquette,Unique,1,19.9,0,19.9
12773,2025-08-18,C0631,Boutique,T-shirts,T-shirt basique,XS,1,19.9,0,19.9
12773,2025-08-18,C0631,Boutique,Pulls & sweats,Sweat col rond,S,1,39.9,0,39.9
12774,2025-08-18,C0070,Boutique,Accessoires,Écharpe,Unique,1,24.9,0,24.9
12775,2025-08-18,C0116,Boutique,Accessoires,Sac banane,Unique,1,34.9,0,34.9
12776,2025-08-18,C0071,Boutique,Pantalons,Jogging,M,1,34.9,0,34.9
12776,2025-08-18,C0071,Boutique,T-shirts,T-shirt imprimé,S,1,24.9,0,24.9
12776,2025-08-18,C0071,Boutique,Accessoires,Écharpe,Unique,1,24.9,0,24.9
12777,2025-08-18,C0047,Boutique,T-shirts,T-shirt oversize,L,1,29.9,0,29.9
12778,2025-08-18,C0237,Boutique,Chaussures,Sneakers running,41,1,99.9,0,99.9
12778,2025-08-18,C0237,Boutique,T-shirts,T-shirt oversize,L,1,29.9,0,29.9
12779,2025-08-18,C0082,Boutique,Pantalons,Jean droit,L,1,59.9,0,59.9
12779,2025-08-18,C0082,Boutique,Chaussures,Bottines,39,1,109.9,0,109.9
12780,2025-08-18,C0275,Boutique,Chaussures,Sneakers running,39,1,99.9,0,99.9
12781,2025-08-18,C0690,Boutique,Accessoires,Ceinture,Unique,1,29.9,0,29.9
12781,2025-08-18,C0690,Boutique,Pantalons,Jean droit,XS,1,59.9,0,59.9
12782,2025-08-18,C0109,Boutique,Chaussures,Baskets blanches,42,2,89.9,0,179.8
12782,2025-08-18,C0109,Boutique,Accessoires,Écharpe,Unique,1,24.9,0,24.9
12782,2025-08-18,C0109,Boutique,Accessoires,Bonnet,Unique,2,17.9,0,35.8
12783,2025-08-18,C0536,Boutique,T-shirts,T-shirt basique,XL,1,19.9,0,19.9
12783,2025-08-18,C0536,Boutique,Accessoires,Bonnet,Unique,1,17.9,0,17.9
12783,2025-08-18,C0536,Boutique,Vestes,Doudoune,S,1,119.9,0,119.9
12784,2025-08-18,C0119,En ligne,Chaussures,Sneakers running,40,1,99.9,0,99.9
12785,2025-08-19,C0404,Boutique,Pantalons,Pantalon cargo,S,1,49.9,0,49.9
12785,2025-08-19,C0404,Boutique,Accessoires,Bonnet,Unique,1,17.9,0,17.9
12786,2025-08-19,C0325,En ligne,T-shirts,T-shirt basique,L,1,19.9,0,19.9
12786,2025-08-19,C0325,En ligne,Chaussures,Sneakers running,40,1,99.9,0,99.9
12786,2025-08-19,C0325,En ligne,Pulls & sweats,Pull en laine,XL,1,59.9,0,59.9
12787,2025-08-19,C0148,En ligne,Chaussures,Sneakers running,43,1,99.9,0,99.9
12788,2025-08-19,C0108,Boutique,T-shirts,T-shirt basique,XL,1,19.9,0,19.9
12789,2025-08-19,C0083,En ligne,T-shirts,T-shirt basique,M,1,19.9,0,19.9
12789,2025-08-19,C0083,En ligne,T-shirts,T-shirt imprimé,XS,1,24.9,0,24.9
12790,2025-08-19,C0024,Boutique,Accessoires,Casquette,Unique,1,19.9,0,19.9
12791,2025-08-19,C0900,Boutique,Pantalons,Jogging,M,1,34.9,0,34.9
12791,2025-08-19,C0900,Boutique,Accessoires,Ceinture,Unique,1,29.9,0,29.9
12791,2025-08-19,C0900,Boutique,Accessoires,Bonnet,Unique,1,17.9,0,17.9
12792,2025-08-19,C0095,Boutique,Pantalons,Jogging,XS,1,34.9,0,34.9
12793,2025-08-19,C0097,Boutique,Pantalons,Jogging,L,1,34.9,0,34.9
12794,2025-08-19,C0050,Boutique,T-shirts,T-shirt oversize,L,1,29.9,0,29.9
12795,2025-08-19,C0815,Boutique,Pantalons,Jean slim,S,1,54.9,0,54.9
12795,2025-08-19,C0815,Boutique,T-shirts,T-shirt oversize,L,2,29.9,0,59.8
12796,2025-08-19,C0021,Boutique,Accessoires,Sac banane,Unique,1,34.9,0,34.9
12796,2025-08-19,C0021,Boutique,Pantalons,Jogging,S,1,34.9,0,34.9
12796,2025-08-19,C0021,Boutique,T-shirts,T-shirt oversize,L,2,29.9,0,59.8
12797,2025-08-19,C0700,En ligne,Chaussures,Bottines,39,1,109.9,0,109.9
12798,2025-08-19,C0070,En ligne,Accessoires,Ceinture,Unique,1,29.9,0,29.9
12799,2025-08-19,C0043,Boutique,T-shirts,T-shirt imprimé,L,1,24.9,0,24.9
12800,2025-08-20,C0022,Boutique,T-shirts,T-shirt imprimé,XL,1,24.9,0,24.9
12801,2025-08-20,C0091,Boutique,T-shirts,T-shirt basique,L,1,19.9,0,19.9
12802,2025-08-20,C0204,Boutique,T-shirts,T-shirt oversize,S,1,29.9,0,29.9
12803,2025-08-20,C0655,En ligne,Pantalons,Pantalon cargo,M,2,49.9,0,99.8
12804,2025-08-20,C0033,Boutique,Chaussures,Bottines,40,1,109.9,0,109.9
12805,2025-08-20,C0312,En ligne,T-shirts,T-shirt oversize,S,1,29.9,0,29.9
12805,2025-08-20,C0312,En ligne,T-shirts,T-shirt oversize,M,2,29.9,0,59.8
12806,2025-08-21,C0348,Boutique,Pantalons,Jogging,S,2,34.9,0,69.8
12806,2025-08-21,C0348,Boutique,Pantalons,Jean slim,M,1,54.9,0,54.9
12807,2025-08-21,C0059,Boutique,T-shirts,T-shirt oversize,M,1,29.9,0,29.9
12808,2025-08-21,C0260,Boutique,Chaussures,Sneakers running,40,1,99.9,0,99.9
12809,2025-08-21,C0050,Boutique,Pantalons,Jogging,L,1,34.9,0,34.9
12810,2025-08-21,C0063,En ligne,T-shirts,T-shirt oversize,XL,1,29.9,0,29.9
12811,2025-08-21,C0466,Boutique,T-shirts,T-shirt basique,M,1,19.9,0,19.9
12811,2025-08-21,C0466,Boutique,T-shirts,T-shirt basique,S,1,19.9,0,19.9
12812,2025-08-21,C0767,Boutique,T-shirts,T-shirt imprimé,S,2,24.9,0,49.8
12812,2025-08-21,C0767,Boutique,Accessoires,Casquette,Unique,1,19.9,0,19.9
12813,2025-08-22,C0036,Boutique,Pantalons,Jogging,S,1,34.9,0,34.9
12813,2025-08-22,C0036,Boutique,T-shirts,T-shirt basique,M,2,19.9,0,39.8
12814,2025-08-22,C0866,En ligne,Pantalons,Pantalon cargo,L,1,49.9,0,49.9
12815,2025-08-22,C0062,Boutique,T-shirts,T-shirt imprimé,M,2,24.9,0,49.8
12816,2025-08-22,C0113,Boutique,Chaussures,Bottines,40,1,109.9,0,109.9
12817,2025-08-22,C0810,Boutique,Chaussures,Baskets blanches,41,1,89.9,0,89.9
12818,2025-08-22,C0088,En ligne,T-shirts,T-shirt oversize,L,1,29.9,0,29.9
12819,2025-08-22,C0358,Boutique,Pantalons,Jean droit,XL,2,59.9,0,119.8
12820,2025-08-22,C0418,En ligne,Accessoires,Sac banane,Unique,1,34.9,0,34.9
12821,2025-08-22,C0883,Boutique,Pantalons,Pantalon cargo,L,1,49.9,0,49.9
12822,2025-08-22,C0073,Boutique,Pulls & sweats,Pull en laine,S,1,59.9,0,59.9
12823,2025-08-22,C0778,Boutique,Accessoires,Casquette,Unique,2,19.9,0,39.8
12824,2025-08-22,C0367,En ligne,Pantalons,Jean droit,XS,1,59.9,0,59.9
12825,2025-08-23,C0295,En ligne,Chaussures,Baskets blanches,40,1,89.9,0,89.9
12826,2025-08-23,C0076,Boutique,Pulls & sweats,Pull en laine,XL,1,59.9,0,59.9
12827,2025-08-23,C0387,Boutique,Chaussures,Sneakers running,42,2,99.9,0,199.8
12827,2025-08-23,C0387,Boutique,Vestes,Coupe-vent,M,1,64.9,0,64.9
12827,2025-08-23,C0387,Boutique,Pantalons,Jogging,S,1,34.9,0,34.9
12828,2025-08-23,C0018,Boutique,Chaussures,Baskets blanches,42,1,89.9,0,89.9
12829,2025-08-23,C0272,En ligne,Pantalons,Pantalon cargo,L,1,49.9,0,49.9
12829,2025-08-23,C0272,En ligne,T-shirts,T-shirt basique,M,1,19.9,0,19.9
12830,2025-08-23,C0819,Boutique,T-shirts,T-shirt imprimé,XL,2,24.9,0,49.8
12831,2025-08-23,C0007,Boutique,Pulls & sweats,Pull en laine,M,2,59.9,0,119.8
12831,2025-08-23,C0007,Boutique,Accessoires,Ceinture,Unique,1,29.9,0,29.9
12831,2025-08-23,C0007,Boutique,Accessoires,Ceinture,Unique,1,29.9,0,29.9
12832,2025-08-25,C0087,En ligne,Pantalons,Jean droit,S,1,59.9,0,59.9
12833,2025-08-25,C0062,En ligne,Vestes,Coupe-vent,M,2,64.9,0,129.8
12833,2025-08-25,C0062,En ligne,Accessoires,Bonnet,Unique,2,17.9,0,35.8
12834,2025-08-25,C0678,En ligne,Pantalons,Jogging,XL,1,34.9,0,34.9
12834,2025-08-25,C0678,En ligne,Pantalons,Jean slim,S,1,54.9,0,54.9
12835,2025-08-25,C0047,Boutique,Accessoires,Ceinture,Unique,2,29.9,0,59.8
12836,2025-08-25,C0318,Boutique,T-shirts,T-shirt basique,M,1,19.9,0,19.9
12837,2025-08-25,C0020,Boutique,T-shirts,T-shirt imprimé,L,1,24.9,0,24.9
12837,2025-08-25,C0020,Boutique,T-shirts,T-shirt basique,S,1,19.9,0,19.9
12838,2025-08-25,C0771,En ligne,Pantalons,Pantalon cargo,S,1,49.9,0,49.9
12838,2025-08-25,C0771,En ligne,Pulls & sweats,Sweat col rond,S,1,39.9,0,39.9
12839,2025-08-25,C0070,En ligne,Pulls & sweats,Sweat à capuche,M,2,49.9,0,99.8
12839,2025-08-25,C0070,En ligne,Chaussures,Baskets blanches,42,1,89.9,0,89.9
12840,2025-08-25,C0585,Boutique,Accessoires,Bonnet,Unique,2,17.9,0,35.8
12841,2025-08-26,C0062,Boutique,T-shirts,T-shirt oversize,L,2,29.9,0,59.8
12841,2025-08-26,C0062,Boutique,T-shirts,T-shirt oversize,M,2,29.9,0,59.8
12842,2025-08-26,C0244,Boutique,Pantalons,Jean slim,L,1,54.9,0,54.9
12843,2025-08-26,C0344,Boutique,T-shirts,T-shirt imprimé,S,1,24.9,0,24.9
12844,2025-08-26,C0351,Boutique,Chaussures,Baskets blanches,39,1,89.9,0,89.9
12845,2025-08-26,C0580,Boutique,Accessoires,Ceinture,Unique,1,29.9,0,29.9
12845,2025-08-26,C0580,Boutique,T-shirts,T-shirt basique,M,1,19.9,0,19.9
12846,2025-08-26,C0109,Boutique,Chaussures,Baskets blanches,44,1,89.9,0,89.9
12847,2025-08-26,C0073,Boutique,T-shirts,T-shirt oversize,L,2,29.9,0,59.8
12848,2025-08-26,C0518,En ligne,T-shirts,T-shirt oversize,XL,2,29.9,0,59.8
12848,2025-08-26,C0518,En ligne,Accessoires,Casquette,Unique,1,19.9,0,19.9
12848,2025-08-26,C0518,En ligne,T-shirts,T-shirt oversize,S,1,29.9,0,29.9
12849,2025-08-26,C0020,Boutique,Accessoires,Ceinture,Unique,1,29.9,0,29.9
12850,2025-08-27,C0188,En ligne,Accessoires,Sac banane,Unique,1,34.9,0,34.9
12850,2025-08-27,C0188,En ligne,Pulls & sweats,Pull en laine,M,1,59.9,0,59.9
12851,2025-08-27,C0710,En ligne,Pantalons,Jogging,S,1,34.9,0,34.9
12852,2025-08-27,C0445,Boutique,T-shirts,T-shirt imprimé,L,1,24.9,0,24.9
12853,2025-08-27,C0114,Boutique,Accessoires,Sac banane,Unique,1,34.9,0,34.9
12854,2025-08-27,C0888,Boutique,T-shirts,T-shirt imprimé,L,1,24.9,0,24.9
12855,2025-08-27,C0067,Boutique,Accessoires,Sac banane,Unique,2,34.9,0,69.8
12855,2025-08-27,C0067,Boutique,T-shirts,T-shirt basique,M,1,19.9,0,19.9
12856,2025-08-27,C0038,En ligne,Accessoires,Casquette,Unique,1,19.9,0,19.9
12857,2025-08-27,C0582,En ligne,Pantalons,Pantalon cargo,M,1,49.9,0,49.9
12857,2025-08-27,C0582,En ligne,T-shirts,T-shirt basique,L,1,19.9,0,19.9
12858,2025-08-27,C0854,En ligne,Pantalons,Jean slim,L,1,54.9,0,54.9
12859,2025-08-27,C0077,Boutique,T-shirts,T-shirt oversize,XL,2,29.9,0,59.8
12859,2025-08-27,C0077,Boutique,Chaussures,Baskets blanches,39,1,89.9,0,89.9
12860,2025-08-27,C0117,Boutique,T-shirts,T-shirt imprimé,S,2,24.9,0,49.8
12861,2025-08-27,C0337,Boutique,T-shirts,T-shirt basique,M,1,19.9,0,19.9
12861,2025-08-27,C0337,Boutique,T-shirts,T-shirt oversize,S,1,29.9,0,29.9
12861,2025-08-27,C0337,Boutique,T-shirts,T-shirt oversize,S,2,29.9,0,59.8
12862,2025-08-27,C0168,En ligne,T-shirts,T-shirt oversize,M,1,29.9,0,29.9
12863,2025-08-27,C0711,Boutique,Accessoires,Écharpe,Unique,1,24.9,0,24.9
12864,2025-08-27,C0809,En ligne,Accessoires,Écharpe,Unique,1,24.9,0,24.9
12865,2025-08-27,C0413,Boutique,T-shirts,T-shirt oversize,M,1,29.9,0,29.9
12866,2025-08-27,C0652,En ligne,Pantalons,Jean slim,L,2,54.9,0,109.8
12867,2025-08-27,C0058,Boutique,Chaussures,Bottines,44,1,109.9,0,109.9
12868,2025-08-27,C0732,Boutique,T-shirts,T-shirt imprimé,M,1,24.9,0,24.9
12869,2025-08-28,C0768,En ligne,Accessoires,Écharpe,Unique,2,24.9,0,49.8
12870,2025-08-28,C0026,Boutique,Pantalons,Jean slim,L,1,54.9,0,54.9
12871,2025-08-28,C0688,Boutique,Accessoires,Écharpe,Unique,1,24.9,0,24.9
12872,2025-08-29,C0026,En ligne,Pantalons,Jean droit,XL,1,59.9,0,59.9
12872,2025-08-29,C0026,En ligne,T-shirts,T-shirt imprimé,XL,1,24.9,0,24.9
12873,2025-08-29,C0052,En ligne,T-shirts,T-shirt basique,L,1,19.9,0,19.9
12874,2025-08-29,C0023,Boutique,T-shirts,T-shirt imprimé,S,1,24.9,0,24.9
12875,2025-08-29,C0042,Boutique,T-shirts,T-shirt basique,L,1,19.9,0,19.9
12876,2025-08-29,C0092,Boutique,Pantalons,Jogging,M,1,34.9,0,34.9
12877,2025-08-29,C0650,Boutique,T-shirts,T-shirt oversize,L,1,29.9,0,29.9
12878,2025-08-30,C0403,Boutique,Vestes,Veste en jean,L,1,79.9,0,79.9
12879,2025-08-30,C0030,Boutique,Accessoires,Sac banane,Unique,1,34.9,0,34.9
12879,2025-08-30,C0030,Boutique,T-shirts,T-shirt basique,L,1,19.9,0,19.9
12880,2025-08-30,C0022,Boutique,Chaussures,Bottines,41,1,109.9,0,109.9
12880,2025-08-30,C0022,Boutique,Accessoires,Casquette,Unique,1,19.9,0,19.9
12881,2025-08-30,C0113,Boutique,Chaussures,Bottines,39,1,109.9,0,109.9
12882,2025-08-30,C0402,Boutique,Accessoires,Bonnet,Unique,2,17.9,0,35.8
12883,2025-08-30,C0018,Boutique,Chaussures,Baskets blanches,39,1,89.9,0,89.9
12884,2025-08-30,C0894,Boutique,Accessoires,Ceinture,Unique,1,29.9,0,29.9
12885,2025-08-30,C0112,Boutique,Accessoires,Écharpe,Unique,1,24.9,0,24.9
12886,2025-08-30,C0041,Boutique,Pantalons,Pantalon cargo,M,1,49.9,0,49.9
12886,2025-08-30,C0041,Boutique,Pantalons,Jean slim,L,1,54.9,0,54.9
12887,2025-08-30,C0433,En ligne,T-shirts,T-shirt oversize,XS,1,29.9,0,29.9
12887,2025-08-30,C0433,En ligne,Accessoires,Ceinture,Unique,1,29.9,0,29.9
12887,2025-08-30,C0433,En ligne,Accessoires,Bonnet,Unique,1,17.9,0,17.9
12888,2025-08-30,C0526,Boutique,Pantalons,Jean droit,L,1,59.9,0,59.9
12889,2025-08-30,C0673,En ligne,Pantalons,Jean slim,M,1,54.9,0,54.9
12889,2025-08-30,C0673,En ligne,Chaussures,Sneakers running,43,1,99.9,0,99.9
12889,2025-08-30,C0673,En ligne,Accessoires,Écharpe,Unique,2,24.9,0,49.8
12890,2025-08-30,C0047,Boutique,Chaussures,Bottines,42,1,109.9,0,109.9
12890,2025-08-30,C0047,Boutique,Accessoires,Sac banane,Unique,1,34.9,0,34.9
12891,2025-08-30,C0023,Boutique,Accessoires,Ceinture,Unique,1,29.9,0,29.9
12892,2025-08-30,C0082,Boutique,Chaussures,Bottines,44,1,109.9,0,109.9
12893,2025-08-30,C0027,Boutique,Pantalons,Jean droit,L,1,59.9,0,59.9
12894,2025-08-30,C0069,En ligne,Vestes,Coupe-vent,M,1,64.9,0,64.9
12894,2025-08-30,C0069,En ligne,Accessoires,Écharpe,Unique,1,24.9,0,24.9
12895,2025-08-30,C0037,Boutique,Pantalons,Jean slim,M,1,54.9,0,54.9
12896,2025-08-30,C0446,Boutique,Pantalons,Pantalon cargo,M,1,49.9,0,49.9
12897,2025-09-01,C0039,Boutique,Chaussures,Bottines,40,1,109.9,0,109.9
12898,2025-09-01,C0255,Boutique,T-shirts,T-shirt oversize,S,1,29.9,0,29.9
12899,2025-09-01,C0017,Boutique,Pantalons,Pantalon cargo,L,1,49.9,0,49.9
12900,2025-09-01,C0099,Boutique,Accessoires,Casquette,Unique,1,19.9,0,19.9
12901,2025-09-01,C0064,Boutique,Vestes,Doudoune,S,1,119.9,0,119.9
12902,2025-09-01,C0062,Boutique,T-shirts,T-shirt imprimé,S,1,24.9,0,24.9
12903,2025-09-02,C0004,Boutique,Pulls & sweats,Sweat à capuche,L,1,49.9,0,49.9
12903,2025-09-02,C0004,Boutique,T-shirts,T-shirt oversize,M,1,29.9,0,29.9
12903,2025-09-02,C0004,Boutique,T-shirts,T-shirt imprimé,M,1,24.9,0,24.9
12904,2025-09-02,C0490,En ligne,Pantalons,Jean slim,L,1,54.9,0,54.9
12905,2025-09-02,C0068,En ligne,T-shirts,T-shirt oversize,S,1,29.9,0,29.9
12905,2025-09-02,C0068,En ligne,T-shirts,T-shirt imprimé,S,1,24.9,0,24.9
12906,2025-09-02,C0089,Boutique,Pantalons,Jogging,S,1,34.9,0,34.9
12907,2025-09-02,C0157,Boutique,T-shirts,T-shirt basique,L,1,19.9,0,19.9
12908,2025-09-02,C0044,En ligne,Vestes,Doudoune,S,1,119.9,0,119.9
12908,2025-09-02,C0044,En ligne,T-shirts,T-shirt basique,S,2,19.9,0,39.8
12909,2025-09-02,C0096,Boutique,Accessoires,Casquette,Unique,1,19.9,0,19.9
12909,2025-09-02,C0096,Boutique,T-shirts,T-shirt imprimé,L,1,24.9,0,24.9
12910,2025-09-02,C0105,Boutique,T-shirts,T-shirt oversize,XS,2,29.9,0,59.8
12910,2025-09-02,C0105,Boutique,T-shirts,T-shirt imprimé,L,1,24.9,0,24.9
12911,2025-09-02,C0871,En ligne,Pantalons,Pantalon cargo,M,1,49.9,0,49.9
12912,2025-09-03,C0598,Boutique,Pantalons,Pantalon cargo,M,1,49.9,0,49.9
12912,2025-09-03,C0598,Boutique,Pulls & sweats,Sweat col rond,L,1,39.9,0,39.9
12913,2025-09-03,C0039,En ligne,Accessoires,Écharpe,Unique,1,24.9,0,24.9
12914,2025-09-03,C0069,Boutique,Chaussures,Baskets blanches,40,2,89.9,0,179.8
12915,2025-09-03,C0308,Boutique,T-shirts,T-shirt basique,XS,2,19.9,0,39.8
12916,2025-09-03,C0087,Boutique,T-shirts,T-shirt imprimé,M,1,24.9,0,24.9
12917,2025-09-03,C0074,Boutique,T-shirts,T-shirt imprimé,L,2,24.9,0,49.8
12918,2025-09-03,C0582,Boutique,T-shirts,T-shirt oversize,M,1,29.9,0,29.9
12919,2025-09-03,C0868,Boutique,Chaussures,Baskets blanches,44,2,89.9,0,179.8
12919,2025-09-03,C0868,Boutique,Pantalons,Jean droit,XL,1,59.9,0,59.9
12919,2025-09-03,C0868,Boutique,Pulls & sweats,Sweat à capuche,S,1,49.9,0,49.9
12920,2025-09-03,C0014,En ligne,Accessoires,Casquette,Unique,1,19.9,0,19.9
12920,2025-09-03,C0014,En ligne,Accessoires,Écharpe,Unique,2,24.9,0,49.8
12921,2025-09-03,C0238,En ligne,Pantalons,Jean slim,M,1,54.9,0,54.9
12921,2025-09-03,C0238,En ligne,Pantalons,Jogging,L,1,34.9,0,34.9
12922,2025-09-03,C0827,Boutique,T-shirts,T-shirt oversize,M,1,29.9,0,29.9
12923,2025-09-03,C0003,En ligne,Accessoires,Ceinture,Unique,1,29.9,0,29.9
12924,2025-09-03,C0783,En ligne,Accessoires,Sac banane,Unique,1,34.9,0,34.9
12925,2025-09-03,C0093,En ligne,Accessoires,Ceinture,Unique,1,29.9,0,29.9
12926,2025-09-03,C0595,Boutique,Pantalons,Jean droit,S,1,59.9,0,59.9
12926,2025-09-03,C0595,Boutique,Pulls & sweats,Sweat col rond,M,2,39.9,0,79.8
12926,2025-09-03,C0595,Boutique,T-shirts,T-shirt oversize,M,1,29.9,0,29.9
12927,2025-09-03,C0050,En ligne,Chaussures,Bottines,39,1,109.9,0,109.9
12928,2025-09-03,C0570,En ligne,Accessoires,Bonnet,Unique,1,17.9,0,17.9
12929,2025-09-03,C0084,En ligne,Pantalons,Pantalon cargo,L,1,49.9,0,49.9
12930,2025-09-03,C0029,Boutique,Pulls & sweats,Sweat à capuche,S,1,49.9,0,49.9
12931,2025-09-03,C0476,Boutique,Pulls & sweats,Sweat col rond,L,1,39.9,0,39.9
12931,2025-09-03,C0476,Boutique,Vestes,Coupe-vent,XS,1,64.9,0,64.9
12932,2025-09-03,C0084,En ligne,T-shirts,T-shirt basique,M,2,19.9,0,39.8
12932,2025-09-03,C0084,En ligne,Pantalons,Jean slim,XL,1,54.9,0,54.9
12933,2025-09-04,C0588,Boutique,Accessoires,Casquette,Unique,1,19.9,0,19.9
12934,2025-09-04,C0120,Boutique,Vestes,Veste en jean,XL,1,79.9,0,79.9
12935,2025-09-04,C0004,En ligne,Pulls & sweats,Sweat à capuche,L,2,49.9,0,99.8
12936,2025-09-04,C0076,Boutique,Pulls & sweats,Sweat col rond,M,1,39.9,0,39.9
12937,2025-09-04,C0417,Boutique,Pulls & sweats,Sweat à capuche,XL,1,49.9,0,49.9
12937,2025-09-04,C0417,Boutique,Pantalons,Jean slim,L,1,54.9,0,54.9
12937,2025-09-04,C0417,Boutique,Pulls & sweats,Sweat à capuche,L,2,49.9,0,99.8
12938,2025-09-04,C0089,Boutique,Pantalons,Jogging,S,2,34.9,0,69.8
12939,2025-09-04,C0015,Boutique,Vestes,Veste en jean,XL,1,79.9,0,79.9
12939,2025-09-04,C0015,Boutique,T-shirts,T-shirt oversize,L,2,29.9,0,59.8
12940,2025-09-04,C0159,En ligne,Chaussures,Baskets blanches,43,1,89.9,0,89.9
12941,2025-09-04,C0867,Boutique,Accessoires,Bonnet,Unique,1,17.9,0,17.9
12941,2025-09-04,C0867,Boutique,T-shirts,T-shirt imprimé,M,1,24.9,0,24.9
12942,2025-09-04,C0095,En ligne,Accessoires,Bonnet,Unique,1,17.9,0,17.9
12943,2025-09-04,C0016,Boutique,Vestes,Veste en jean,M,2,79.9,0,159.8
12944,2025-09-04,C0072,Boutique,Pulls & sweats,Pull en laine,S,1,59.9,0,59.9
12945,2025-09-04,C0125,Boutique,Pantalons,Jean droit,M,2,59.9,0,119.8
12946,2025-09-04,C0039,Boutique,Pantalons,Jogging,XL,1,34.9,0,34.9
12946,2025-09-04,C0039,Boutique,Chaussures,Sneakers running,41,1,99.9,0,99.9
12947,2025-09-04,C0868,Boutique,Pulls & sweats,Sweat col rond,L,1,39.9,0,39.9
12948,2025-09-05,C0742,Boutique,Accessoires,Sac banane,Unique,2,34.9,0,69.8
12949,2025-09-05,C0017,Boutique,T-shirts,T-shirt basique,S,1,19.9,0,19.9
12949,2025-09-05,C0017,Boutique,Accessoires,Casquette,Unique,1,19.9,0,19.9
12950,2025-09-05,C0102,Boutique,Chaussures,Baskets blanches,42,1,89.9,0,89.9
12950,2025-09-05,C0102,Boutique,T-shirts,T-shirt basique,M,1,19.9,0,19.9
12951,2025-09-05,C0807,En ligne,Vestes,Coupe-vent,XL,1,64.9,0,64.9
12951,2025-09-05,C0807,En ligne,Accessoires,Casquette,Unique,1,19.9,0,19.9
12952,2025-09-05,C0525,En ligne,Pantalons,Pantalon cargo,M,1,49.9,0,49.9
12952,2025-09-05,C0525,En ligne,Vestes,Doudoune,L,1,119.9,0,119.9
12953,2025-09-05,C0726,Boutique,Pantalons,Jean droit,S,1,59.9,0,59.9
12953,2025-09-05,C0726,Boutique,T-shirts,T-shirt oversize,S,1,29.9,0,29.9
12954,2025-09-05,C0478,Boutique,Accessoires,Écharpe,Unique,2,24.9,0,49.8
12955,2025-09-05,C0072,Boutique,T-shirts,T-shirt oversize,XL,1,29.9,0,29.9
12956,2025-09-05,C0028,Boutique,Accessoires,Écharpe,Unique,1,24.9,0,24.9
12957,2025-09-05,C0082,Boutique,Pulls & sweats,Sweat à capuche,M,1,49.9,0,49.9
12957,2025-09-05,C0082,Boutique,Chaussures,Sneakers running,43,1,99.9,0,99.9
12957,2025-09-05,C0082,Boutique,Pulls & sweats,Sweat col rond,XL,1,39.9,0,39.9
12958,2025-09-05,C0068,Boutique,Pulls & sweats,Sweat à capuche,L,1,49.9,0,49.9
12959,2025-09-05,C0731,Boutique,T-shirts,T-shirt imprimé,XL,1,24.9,0,24.9
12960,2025-09-06,C0825,Boutique,Pantalons,Jean droit,S,1,59.9,0,59.9
12961,2025-09-06,C0582,Boutique,Accessoires,Écharpe,Unique,1,24.9,0,24.9
12961,2025-09-06,C0582,Boutique,Vestes,Veste en jean,L,1,79.9,0,79.9
12962,2025-09-06,C0032,Boutique,Pantalons,Jogging,XL,1,34.9,0,34.9
12962,2025-09-06,C0032,Boutique,Accessoires,Casquette,Unique,1,19.9,0,19.9
12963,2025-09-06,C0227,En ligne,Vestes,Coupe-vent,M,1,64.9,0,64.9
12964,2025-09-06,C0862,Boutique,Vestes,Coupe-vent,XS,1,64.9,0,64.9
12964,2025-09-06,C0862,Boutique,Vestes,Veste en jean,S,1,79.9,0,79.9
12965,2025-09-06,C0491,Boutique,Accessoires,Sac banane,Unique,1,34.9,0,34.9
12966,2025-09-06,C0092,Boutique,Accessoires,Ceinture,Unique,1,29.9,0,29.9
12966,2025-09-06,C0092,Boutique,Pantalons,Jogging,XS,1,34.9,0,34.9
12966,2025-09-06,C0092,Boutique,T-shirts,T-shirt imprimé,XS,1,24.9,0,24.9
12967,2025-09-06,C0180,Boutique,Vestes,Coupe-vent,M,2,64.9,0,129.8
12968,2025-09-06,C0059,Boutique,T-shirts,T-shirt imprimé,L,2,24.9,0,49.8
12968,2025-09-06,C0059,Boutique,Pulls & sweats,Pull en laine,XL,1,59.9,0,59.9
12969,2025-09-06,C0261,Boutique,T-shirts,T-shirt basique,S,1,19.9,0,19.9
12970,2025-09-06,C0119,Boutique,Pantalons,Jean droit,M,2,59.9,0,119.8
12971,2025-09-06,C0884,Boutique,Pulls & sweats,Sweat col rond,L,1,39.9,0,39.9
12972,2025-09-06,C0004,Boutique,Pulls & sweats,Sweat à capuche,XL,1,49.9,0,49.9
12973,2025-09-06,C0592,Boutique,Accessoires,Sac banane,Unique,1,34.9,0,34.9
12973,2025-09-06,C0592,Boutique,Pantalons,Jean droit,XS,1,59.9,0,59.9
12974,2025-09-06,C0734,Boutique,T-shirts,T-shirt imprimé,M,1,24.9,0,24.9
12975,2025-09-06,C0118,En ligne,T-shirts,T-shirt imprimé,XS,1,24.9,0,24.9
12976,2025-09-06,C0024,Boutique,Pantalons,Jean slim,L,1,54.9,0,54.9
12977,2025-09-06,C0715,Boutique,Vestes,Veste en jean,L,1,79.9,0,79.9
12977,2025-09-06,C0715,Boutique,Chaussures,Bottines,44,1,109.9,0,109.9
12978,2025-09-06,C0019,Boutique,T-shirts,T-shirt basique,L,1,19.9,0,19.9
12978,2025-09-06,C0019,Boutique,Chaussures,Sneakers running,42,1,99.9,0,99.9
12979,2025-09-06,C0213,Boutique,Pantalons,Jogging,S,1,34.9,0,34.9
12980,2025-09-06,C0096,Boutique,Chaussures,Baskets blanches,44,1,89.9,0,89.9
12981,2025-09-06,C0105,Boutique,Pantalons,Jean droit,XL,1,59.9,0,59.9
12982,2025-09-06,C0145,Boutique,Accessoires,Casquette,Unique,2,19.9,0,39.8
12983,2025-09-06,C0227,En ligne,Accessoires,Sac banane,Unique,1,34.9,0,34.9
12983,2025-09-06,C0227,En ligne,Pantalons,Pantalon cargo,S,1,49.9,0,49.9
12984,2025-09-06,C0048,En ligne,Accessoires,Ceinture,Unique,1,29.9,0,29.9
12985,2025-09-06,C0075,Boutique,Pantalons,Pantalon cargo,M,1,49.9,0,49.9
12986,2025-09-06,C0043,Boutique,Pantalons,Jean droit,M,1,59.9,0,59.9
12987,2025-09-06,C0529,En ligne,T-shirts,T-shirt imprimé,L,1,24.9,0,24.9
12988,2025-09-06,C0826,Boutique,Chaussures,Baskets blanches,40,1,89.9,0,89.9
12989,2025-09-06,C0108,En ligne,T-shirts,T-shirt basique,S,1,19.9,0,19.9
12990,2025-09-06,C0566,Boutique,Accessoires,Bonnet,Unique,2,17.9,0,35.8
12991,2025-09-08,C0118,En ligne,Chaussures,Sneakers running,42,1,99.9,0,99.9
12992,2025-09-08,C0044,Boutique,Vestes,Doudoune,S,1,119.9,0,119.9
12992,2025-09-08,C0044,Boutique,Accessoires,Bonnet,Unique,1,17.9,0,17.9
12993,2025-09-08,C0088,Boutique,Pantalons,Jean droit,S,1,59.9,0,59.9
12994,2025-09-08,C0283,Boutique,Pulls & sweats,Pull en laine,M,2,59.9,0,119.8
12995,2025-09-08,C0817,Boutique,Vestes,Doudoune,M,1,119.9,0,119.9
12995,2025-09-08,C0817,Boutique,Accessoires,Écharpe,Unique,1,24.9,0,24.9
12996,2025-09-08,C0078,Boutique,Accessoires,Écharpe,Unique,2,24.9,0,49.8
12997,2025-09-08,C0677,Boutique,T-shirts,T-shirt imprimé,M,1,24.9,0,24.9
12998,2025-09-08,C0329,Boutique,Accessoires,Casquette,Unique,1,19.9,0,19.9
12999,2025-09-08,C0058,Boutique,Pulls & sweats,Sweat col rond,M,1,39.9,0,39.9
12999,2025-09-08,C0058,Boutique,Pantalons,Jean droit,S,1,59.9,0,59.9
13000,2025-09-08,C0700,En ligne,T-shirts,T-shirt oversize,L,2,29.9,0,59.8
13000,2025-09-08,C0700,En ligne,Accessoires,Sac banane,Unique,1,34.9,0,34.9
13000,2025-09-08,C0700,En ligne,Accessoires,Casquette,Unique,2,19.9,0,39.8
13001,2025-09-08,C0172,En ligne,T-shirts,T-shirt oversize,L,1,29.9,0,29.9
13001,2025-09-08,C0172,En ligne,T-shirts,T-shirt oversize,M,1,29.9,0,29.9
13002,2025-09-09,C0073,En ligne,Vestes,Coupe-vent,L,1,64.9,0,64.9
13003,2025-09-09,C0118,Boutique,T-shirts,T-shirt basique,L,1,19.9,0,19.9
13004,2025-09-09,C0774,Boutique,Accessoires,Sac banane,Unique,1,34.9,0,34.9
13005,2025-09-09,C0117,Boutique,Accessoires,Bonnet,Unique,1,17.9,0,17.9
13005,2025-09-09,C0117,Boutique,Chaussures,Sneakers running,43,1,99.9,0,99.9
13006,2025-09-09,C0849,En ligne,Vestes,Coupe-vent,M,2,64.9,0,129.8
13007,2025-09-09,C0108,Boutique,Accessoires,Sac banane,Unique,1,34.9,0,34.9
13007,2025-09-09,C0108,Boutique,Chaussures,Baskets blanches,43,1,89.9,0,89.9
13008,2025-09-09,C0001,Boutique,Pulls & sweats,Sweat col rond,L,2,39.9,0,79.8
13009,2025-09-09,C0670,Boutique,Pulls & sweats,Sweat col rond,L,2,39.9,0,79.8
13009,2025-09-09,C0670,Boutique,Accessoires,Écharpe,Unique,1,24.9,0,24.9
13010,2025-09-09,C0045,Boutique,Accessoires,Ceinture,Unique,1,29.9,0,29.9
13011,2025-09-09,C0352,En ligne,Chaussures,Bottines,39,2,109.9,0,219.8
13012,2025-09-10,C0266,En ligne,Accessoires,Bonnet,Unique,2,17.9,0,35.8
13013,2025-09-10,C0642,Boutique,Chaussures,Bottines,44,1,109.9,0,109.9
13013,2025-09-10,C0642,Boutique,Accessoires,Ceinture,Unique,1,29.9,0,29.9
13014,2025-09-10,C0462,Boutique,Chaussures,Bottines,43,1,109.9,0,109.9
13015,2025-09-10,C0062,Boutique,T-shirts,T-shirt imprimé,M,1,24.9,0,24.9
13015,2025-09-10,C0062,Boutique,Accessoires,Bonnet,Unique,1,17.9,0,17.9
13015,2025-09-10,C0062,Boutique,Pantalons,Jean slim,L,1,54.9,0,54.9
13016,2025-09-10,C0398,En ligne,Vestes,Doudoune,XS,1,119.9,0,119.9
13016,2025-09-10,C0398,En ligne,Vestes,Veste en jean,S,1,79.9,0,79.9
13016,2025-09-10,C0398,En ligne,Vestes,Doudoune,L,1,119.9,0,119.9
13017,2025-09-10,C0290,En ligne,Pantalons,Pantalon cargo,M,1,49.9,0,49.9
13017,2025-09-10,C0290,En ligne,Chaussures,Baskets blanches,40,1,89.9,0,89.9
13017,2025-09-10,C0290,En ligne,T-shirts,T-shirt basique,L,2,19.9,0,39.8
13018,2025-09-10,C0026,En ligne,Chaussures,Sneakers running,39,1,99.9,0,99.9
13019,2025-09-10,C0058,En ligne,T-shirts,T-shirt basique,S,2,19.9,0,39.8
13020,2025-09-10,C0077,En ligne,Pulls & sweats,Sweat à capuche,L,1,49.9,0,49.9
13020,2025-09-10,C0077,En ligne,Pulls & sweats,Pull en laine,XL,1,59.9,0,59.9
13021,2025-09-10,C0020,En ligne,Pantalons,Jean slim,XL,1,54.9,0,54.9
13022,2025-09-10,C0120,Boutique,Accessoires,Ceinture,Unique,1,29.9,0,29.9
13023,2025-09-10,C0071,Boutique,Vestes,Coupe-vent,L,1,64.9,0,64.9
13023,2025-09-10,C0071,Boutique,Chaussures,Baskets blanches,41,1,89.9,0,89.9
13023,2025-09-10,C0071,Boutique,T-shirts,T-shirt oversize,XL,1,29.9,0,29.9
13024,2025-09-10,C0020,Boutique,Pulls & sweats,Sweat col rond,M,1,39.9,0,39.9
13025,2025-09-10,C0054,Boutique,Chaussures,Bottines,41,1,109.9,0,109.9
13026,2025-09-11,C0349,Boutique,Accessoires,Bonnet,Unique,1,17.9,0,17.9
13027,2025-09-11,C0512,Boutique,Vestes,Coupe-vent,L,1,64.9,0,64.9
13027,2025-09-11,C0512,Boutique,Pulls & sweats,Sweat à capuche,L,1,49.9,0,49.9
13028,2025-09-11,C0093,Boutique,Accessoires,Casquette,Unique,1,19.9,0,19.9
13029,2025-09-11,C0095,Boutique,Pulls & sweats,Sweat col rond,L,2,39.9,0,79.8
13030,2025-09-11,C0435,Boutique,T-shirts,T-shirt oversize,XS,1,29.9,0,29.9
13031,2025-09-11,C0346,Boutique,Pantalons,Jean slim,XL,1,54.9,0,54.9
13032,2025-09-11,C0739,En ligne,T-shirts,T-shirt basique,M,1,19.9,0,19.9
13033,2025-09-11,C0040,Boutique,Vestes,Doudoune,M,2,119.9,0,239.8
13034,2025-09-11,C0565,Boutique,Chaussures,Baskets blanches,44,1,89.9,0,89.9
13034,2025-09-11,C0565,Boutique,Accessoires,Casquette,Unique,1,19.9,0,19.9
13035,2025-09-11,C0118,Boutique,T-shirts,T-shirt basique,S,2,19.9,0,39.8
13035,2025-09-11,C0118,Boutique,Pantalons,Jean droit,M,1,59.9,0,59.9
13036,2025-09-11,C0573,En ligne,Pulls & sweats,Pull en laine,S,1,59.9,0,59.9
13037,2025-09-11,C0056,Boutique,Pulls & sweats,Sweat col rond,XL,1,39.9,0,39.9
13037,2025-09-11,C0056,Boutique,Accessoires,Sac banane,Unique,2,34.9,0,69.8
13038,2025-09-11,C0025,En ligne,Pantalons,Jean slim,XL,2,54.9,0,109.8
13038,2025-09-11,C0025,En ligne,T-shirts,T-shirt oversize,XL,1,29.9,0,29.9
13039,2025-09-11,C0091,Boutique,Pulls & sweats,Sweat col rond,M,2,39.9,0,79.8
13040,2025-09-12,C0842,En ligne,Accessoires,Écharpe,Unique,1,24.9,0,24.9
13041,2025-09-12,C0264,Boutique,T-shirts,T-shirt imprimé,M,1,24.9,0,24.9
13041,2025-09-12,C0264,Boutique,Chaussures,Bottines,43,1,109.9,0,109.9
13041,2025-09-12,C0264,Boutique,Pulls & sweats,Pull en laine,L,1,59.9,0,59.9
13042,2025-09-12,C0427,Boutique,Accessoires,Casquette,Unique,2,19.9,0,39.8
13043,2025-09-12,C0116,Boutique,Pantalons,Jean droit,S,1,59.9,0,59.9
13044,2025-09-12,C0815,Boutique,Accessoires,Ceinture,Unique,1,29.9,0,29.9
13045,2025-09-12,C0083,Boutique,Pantalons,Jean slim,L,1,54.9,0,54.9
13046,2025-09-12,C0067,Boutique,Pantalons,Jogging,XS,1,34.9,0,34.9
13047,2025-09-12,C0089,Boutique,Pulls & sweats,Pull en laine,M,2,59.9,0,119.8
13047,2025-09-12,C0089,Boutique,Pulls & sweats,Sweat à capuche,M,1,49.9,0,49.9
13048,2025-09-12,C0016,Boutique,Accessoires,Bonnet,Unique,1,17.9,0,17.9
13048,2025-09-12,C0016,Boutique,Pulls & sweats,Pull en laine,S,1,59.9,0,59.9
13049,2025-09-12,C0811,En ligne,T-shirts,T-shirt oversize,S,1,29.9,0,29.9
13050,2025-09-12,C0057,En ligne,Pantalons,Jogging,XL,1,34.9,0,34.9
13050,2025-09-12,C0057,En ligne,Pulls & sweats,Sweat à capuche,L,1,49.9,0,49.9
13051,2025-09-12,C0057,Boutique,Pulls & sweats,Sweat à capuche,M,1,49.9,0,49.9
13052,2025-09-12,C0057,Boutique,T-shirts,T-shirt imprimé,L,1,24.9,0,24.9
13053,2025-09-12,C0009,En ligne,Vestes,Doudoune,M,1,119.9,0,119.9
13053,2025-09-12,C0009,En ligne,Accessoires,Ceinture,Unique,1,29.9,0,29.9
13053,2025-09-12,C0009,En ligne,Pulls & sweats,Sweat col rond,M,1,39.9,0,39.9
13054,2025-09-12,C0086,En ligne,Chaussures,Sneakers running,44,1,99.9,0,99.9
13055,2025-09-12,C0034,En ligne,T-shirts,T-shirt imprimé,L,1,24.9,0,24.9
13055,2025-09-12,C0034,En ligne,Vestes,Veste en jean,L,1,79.9,0,79.9
13055,2025-09-12,C0034,En ligne,Chaussures,Bottines,43,1,109.9,0,109.9
13056,2025-09-12,C0610,Boutique,Chaussures,Bottines,40,1,109.9,0,109.9
13056,2025-09-12,C0610,Boutique,Pulls & sweats,Pull en laine,L,1,59.9,0,59.9
13056,2025-09-12,C0610,Boutique,Chaussures,Bottines,40,1,109.9,0,109.9
13057,2025-09-12,C0011,Boutique,Accessoires,Bonnet,Unique,1,17.9,0,17.9
13058,2025-09-12,C0102,Boutique,T-shirts,T-shirt basique,XL,1,19.9,0,19.9
13058,2025-09-12,C0102,Boutique,Accessoires,Bonnet,Unique,2,17.9,0,35.8
13059,2025-09-12,C0816,Boutique,Accessoires,Sac banane,Unique,1,34.9,0,34.9
13059,2025-09-12,C0816,Boutique,Pantalons,Jogging,XS,1,34.9,0,34.9
13060,2025-09-12,C0352,Boutique,Accessoires,Écharpe,Unique,1,24.9,0,24.9
13061,2025-09-13,C0047,Boutique,Pantalons,Jean slim,M,1,54.9,0,54.9
13061,2025-09-13,C0047,Boutique,T-shirts,T-shirt basique,L,1,19.9,0,19.9
13062,2025-09-13,C0052,En ligne,Chaussures,Bottines,41,1,109.9,0,109.9
13062,2025-09-13,C0052,En ligne,T-shirts,T-shirt oversize,M,1,29.9,0,29.9
13063,2025-09-13,C0048,Boutique,Accessoires,Sac banane,Unique,1,34.9,0,34.9
13064,2025-09-13,C0093,Boutique,Chaussures,Bottines,39,1,109.9,0,109.9
13065,2025-09-13,C0257,Boutique,Pantalons,Pantalon cargo,L,1,49.9,0,49.9
13066,2025-09-13,C0046,Boutique,Pantalons,Jean droit,L,1,59.9,0,59.9
13067,2025-09-13,C0204,Boutique,Accessoires,Casquette,Unique,2,19.9,0,39.8
13067,2025-09-13,C0204,Boutique,T-shirts,T-shirt basique,L,1,19.9,0,19.9
13068,2025-09-13,C0045,Boutique,Chaussures,Baskets blanches,41,1,89.9,0,89.9
13068,2025-09-13,C0045,Boutique,Pulls & sweats,Sweat à capuche,M,1,49.9,0,49.9
13068,2025-09-13,C0045,Boutique,Accessoires,Ceinture,Unique,2,29.9,0,59.8
13069,2025-09-13,C0105,Boutique,T-shirts,T-shirt imprimé,L,1,24.9,0,24.9
13070,2025-09-13,C0553,En ligne,T-shirts,T-shirt basique,XL,1,19.9,0,19.9
13071,2025-09-13,C0494,Boutique,Chaussures,Baskets blanches,42,1,89.9,0,89.9
13071,2025-09-13,C0494,Boutique,T-shirts,T-shirt basique,M,1,19.9,0,19.9
13071,2025-09-13,C0494,Boutique,Accessoires,Écharpe,Unique,1,24.9,0,24.9
13072,2025-09-13,C0186,Boutique,Accessoires,Sac banane,Unique,2,34.9,0,69.8
13072,2025-09-13,C0186,Boutique,Pantalons,Jogging,M,1,34.9,0,34.9
13073,2025-09-13,C0482,Boutique,Pantalons,Jogging,XL,1,34.9,0,34.9
13074,2025-09-13,C0001,En ligne,Accessoires,Sac banane,Unique,2,34.9,0,69.8
13074,2025-09-13,C0001,En ligne,Accessoires,Ceinture,Unique,2,29.9,0,59.8
13075,2025-09-13,C0708,Boutique,T-shirts,T-shirt imprimé,XL,1,24.9,0,24.9
13075,2025-09-13,C0708,Boutique,Accessoires,Sac banane,Unique,1,34.9,0,34.9
13076,2025-09-13,C0032,Boutique,T-shirts,T-shirt imprimé,M,1,24.9,0,24.9
13077,2025-09-13,C0491,Boutique,Accessoires,Écharpe,Unique,1,24.9,0,24.9
13078,2025-09-13,C0072,Boutique,Accessoires,Bonnet,Unique,1,17.9,0,17.9
13079,2025-09-13,C0246,Boutique,Accessoires,Ceinture,Unique,1,29.9,0,29.9
13080,2025-09-13,C0629,En ligne,Pulls & sweats,Sweat à capuche,XS,1,49.9,0,49.9
13081,2025-09-13,C0461,Boutique,Pulls & sweats,Sweat à capuche,XL,1,49.9,0,49.9
13082,2025-09-13,C0114,Boutique,Accessoires,Casquette,Unique,1,19.9,0,19.9
13082,2025-09-13,C0114,Boutique,Vestes,Doudoune,M,1,119.9,0,119.9
13083,2025-09-13,C0429,En ligne,Accessoires,Bonnet,Unique,1,17.9,0,17.9
13084,2025-09-15,C0868,En ligne,Pantalons,Jean slim,M,2,54.9,0,109.8
13084,2025-09-15,C0868,En ligne,Pulls & sweats,Pull en laine,L,1,59.9,0,59.9
13084,2025-09-15,C0868,En ligne,Pulls & sweats,Pull en laine,M,1,59.9,0,59.9
13085,2025-09-15,C0107,En ligne,T-shirts,T-shirt oversize,L,2,29.9,0,59.8
13086,2025-09-15,C0018,En ligne,Chaussures,Sneakers running,42,1,99.9,0,99.9
13087,2025-09-15,C0324,Boutique,Pantalons,Pantalon cargo,M,1,49.9,0,49.9
13087,2025-09-15,C0324,Boutique,T-shirts,T-shirt oversize,XL,1,29.9,0,29.9
13088,2025-09-15,C0037,Boutique,T-shirts,T-shirt basique,S,1,19.9,0,19.9
13089,2025-09-15,C0569,Boutique,Accessoires,Bonnet,Unique,1,17.9,0,17.9
13090,2025-09-15,C0003,En ligne,Pantalons,Jogging,S,2,34.9,0,69.8
13091,2025-09-15,C0894,Boutique,T-shirts,T-shirt oversize,L,1,29.9,0,29.9
13092,2025-09-15,C0019,Boutique,Accessoires,Bonnet,Unique,1,17.9,0,17.9
13092,2025-09-15,C0019,Boutique,Pantalons,Jogging,S,1,34.9,0,34.9
13093,2025-09-15,C0011,Boutique,T-shirts,T-shirt oversize,S,1,29.9,0,29.9
13094,2025-09-15,C0356,Boutique,Accessoires,Écharpe,Unique,1,24.9,0,24.9
13094,2025-09-15,C0356,Boutique,Pulls & sweats,Pull en laine,XL,1,59.9,0,59.9
13095,2025-09-15,C0103,Boutique,Vestes,Doudoune,M,1,119.9,0,119.9
13096,2025-09-15,C0046,Boutique,T-shirts,T-shirt basique,S,1,19.9,0,19.9
13097,2025-09-15,C0845,En ligne,Accessoires,Ceinture,Unique,2,29.9,0,59.8
13098,2025-09-15,C0091,En ligne,Chaussures,Baskets blanches,41,1,89.9,0,89.9
13099,2025-09-15,C0053,Boutique,Chaussures,Baskets blanches,42,2,89.9,0,179.8
13099,2025-09-15,C0053,Boutique,Accessoires,Ceinture,Unique,1,29.9,0,29.9
13100,2025-09-15,C0014,Boutique,Pantalons,Jean slim,M,1,54.9,0,54.9
13100,2025-09-15,C0014,Boutique,Vestes,Veste en jean,L,1,79.9,0,79.9
13100,2025-09-15,C0014,Boutique,Pulls & sweats,Pull en laine,XL,1,59.9,0,59.9
13101,2025-09-15,C0078,En ligne,Pulls & sweats,Sweat col rond,S,2,39.9,0,79.8
13101,2025-09-15,C0078,En ligne,Chaussures,Bottines,40,1,109.9,0,109.9
13101,2025-09-15,C0078,En ligne,T-shirts,T-shirt basique,XS,1,19.9,0,19.9
13102,2025-09-15,C0291,Boutique,Pantalons,Jogging,L,1,34.9,0,34.9
13103,2025-09-15,C0166,En ligne,Accessoires,Sac banane,Unique,1,34.9,0,34.9
13103,2025-09-15,C0166,En ligne,Chaussures,Bottines,42,2,109.9,0,219.8
13104,2025-09-15,C0063,Boutique,Vestes,Doudoune,S,1,119.9,0,119.9
13104,2025-09-15,C0063,Boutique,Chaussures,Baskets blanches,40,2,89.9,0,179.8
13105,2025-09-15,C0030,Boutique,Accessoires,Ceinture,Unique,1,29.9,0,29.9
13106,2025-09-16,C0046,Boutique,Pulls & sweats,Sweat col rond,XS,1,39.9,0,39.9
13106,2025-09-16,C0046,Boutique,Pantalons,Jean slim,M,2,54.9,0,109.8
13107,2025-09-16,C0059,En ligne,Pulls & sweats,Pull en laine,L,1,59.9,0,59.9
13107,2025-09-16,C0059,En ligne,Pantalons,Jean droit,M,1,59.9,0,59.9
13108,2025-09-16,C0391,Boutique,Vestes,Veste en jean,M,1,79.9,0,79.9
13109,2025-09-16,C0362,Boutique,Pulls & sweats,Sweat col rond,M,1,39.9,0,39.9
13110,2025-09-16,C0332,Boutique,Vestes,Doudoune,L,1,119.9,0,119.9
13111,2025-09-16,C0308,Boutique,Accessoires,Écharpe,Unique,2,24.9,0,49.8
13111,2025-09-16,C0308,Boutique,Pantalons,Pantalon cargo,L,2,49.9,0,99.8
13112,2025-09-16,C0110,Boutique,Accessoires,Casquette,Unique,2,19.9,0,39.8
13113,2025-09-16,C0793,Boutique,T-shirts,T-shirt basique,M,1,19.9,0,19.9
13113,2025-09-16,C0793,Boutique,Accessoires,Sac banane,Unique,1,34.9,0,34.9
13113,2025-09-16,C0793,Boutique,T-shirts,T-shirt imprimé,M,1,24.9,0,24.9
13114,2025-09-16,C0038,Boutique,T-shirts,T-shirt oversize,L,1,29.9,0,29.9
13115,2025-09-16,C0269,Boutique,Chaussures,Sneakers running,39,1,99.9,0,99.9
13116,2025-09-16,C0094,Boutique,T-shirts,T-shirt basique,L,1,19.9,0,19.9
13116,2025-09-16,C0094,Boutique,Pulls & sweats,Pull en laine,L,1,59.9,0,59.9
13117,2025-09-16,C0792,Boutique,Accessoires,Casquette,Unique,1,19.9,0,19.9
13118,2025-09-16,C0103,Boutique,Accessoires,Écharpe,Unique,1,24.9,0,24.9
13118,2025-09-16,C0103,Boutique,Chaussures,Bottines,41,1,109.9,0,109.9
13119,2025-09-16,C0063,Boutique,Accessoires,Sac banane,Unique,2,34.9,0,69.8
13120,2025-09-16,C0103,Boutique,T-shirts,T-shirt imprimé,S,1,24.9,0,24.9
13121,2025-09-17,C0090,Boutique,T-shirts,T-shirt imprimé,L,1,24.9,0,24.9
13121,2025-09-17,C0090,Boutique,Pulls & sweats,Sweat col rond,M,1,39.9,0,39.9
13122,2025-09-17,C0077,Boutique,Chaussures,Bottines,42,1,109.9,0,109.9
13122,2025-09-17,C0077,Boutique,T-shirts,T-shirt imprimé,L,1,24.9,0,24.9
13123,2025-09-17,C0015,En ligne,Vestes,Coupe-vent,M,1,64.9,0,64.9
13123,2025-09-17,C0015,En ligne,Accessoires,Casquette,Unique,1,19.9,0,19.9
13124,2025-09-17,C0313,Boutique,Pantalons,Jean slim,L,1,54.9,0,54.9
13125,2025-09-17,C0593,Boutique,Accessoires,Bonnet,Unique,1,17.9,0,17.9
13126,2025-09-17,C0111,Boutique,T-shirts,T-shirt basique,S,1,19.9,0,19.9
13126,2025-09-17,C0111,Boutique,Pulls & sweats,Sweat col rond,L,1,39.9,0,39.9
13127,2025-09-17,C0020,En ligne,Accessoires,Ceinture,Unique,1,29.9,0,29.9
13128,2025-09-17,C0729,Boutique,Accessoires,Casquette,Unique,1,19.9,0,19.9
13128,2025-09-17,C0729,Boutique,Chaussures,Sneakers running,43,1,99.9,0,99.9
13128,2025-09-17,C0729,Boutique,T-shirts,T-shirt basique,L,2,19.9,0,39.8
13129,2025-09-17,C0037,Boutique,T-shirts,T-shirt oversize,S,1,29.9,0,29.9
13129,2025-09-17,C0037,Boutique,Chaussures,Baskets blanches,41,1,89.9,0,89.9
13130,2025-09-17,C0441,En ligne,Pulls & sweats,Sweat col rond,M,1,39.9,0,39.9
13131,2025-09-17,C0092,Boutique,Chaussures,Bottines,44,1,109.9,0,109.9
13132,2025-09-17,C0232,En ligne,Chaussures,Baskets blanches,40,1,89.9,0,89.9
13133,2025-09-18,C0079,En ligne,Chaussures,Baskets blanches,44,1,89.9,0,89.9
13133,2025-09-18,C0079,En ligne,Chaussures,Baskets blanches,43,2,89.9,0,179.8
13133,2025-09-18,C0079,En ligne,Vestes,Doudoune,M,1,119.9,0,119.9
13134,2025-09-18,C0014,Boutique,Pantalons,Jogging,M,1,34.9,0,34.9
13134,2025-09-18,C0014,Boutique,Accessoires,Bonnet,Unique,2,17.9,0,35.8
13135,2025-09-18,C0089,Boutique,T-shirts,T-shirt oversize,L,1,29.9,0,29.9
13136,2025-09-18,C0594,Boutique,Pulls & sweats,Sweat à capuche,S,1,49.9,0,49.9
13136,2025-09-18,C0594,Boutique,T-shirts,T-shirt imprimé,XS,1,24.9,0,24.9
13136,2025-09-18,C0594,Boutique,Chaussures,Bottines,42,2,109.9,0,219.8
13137,2025-09-18,C0113,Boutique,Pantalons,Jean droit,M,1,59.9,0,59.9
13137,2025-09-18,C0113,Boutique,Chaussures,Sneakers running,40,1,99.9,0,99.9
13138,2025-09-18,C0333,Boutique,T-shirts,T-shirt imprimé,M,1,24.9,0,24.9
13138,2025-09-18,C0333,Boutique,Pulls & sweats,Pull en laine,S,2,59.9,0,119.8
13139,2025-09-18,C0118,Boutique,Accessoires,Bonnet,Unique,2,17.9,0,35.8
13139,2025-09-18,C0118,Boutique,Pantalons,Jean droit,S,1,59.9,0,59.9
13139,2025-09-18,C0118,Boutique,Pantalons,Jean droit,M,1,59.9,0,59.9
13140,2025-09-18,C0073,Boutique,Accessoires,Sac banane,Unique,1,34.9,0,34.9
13141,2025-09-18,C0031,Boutique,Pantalons,Jogging,L,1,34.9,0,34.9
13142,2025-09-19,C0756,Boutique,T-shirts,T-shirt basique,S,1,19.9,0,19.9
13142,2025-09-19,C0756,Boutique,T-shirts,T-shirt basique,M,1,19.9,0,19.9
13143,2025-09-19,C0589,Boutique,T-shirts,T-shirt imprimé,XS,1,24.9,0,24.9
13144,2025-09-19,C0096,Boutique,T-shirts,T-shirt imprimé,S,1,24.9,0,24.9
13145,2025-09-19,C0028,Boutique,T-shirts,T-shirt oversize,S,1,29.9,0,29.9
13145,2025-09-19,C0028,Boutique,Pantalons,Jean slim,XL,2,54.9,0,109.8
13146,2025-09-19,C0067,Boutique,Chaussures,Bottines,44,1,109.9,0,109.9
13147,2025-09-20,C0034,En ligne,Accessoires,Ceinture,Unique,1,29.9,0,29.9
13148,2025-09-20,C0109,Boutique,Accessoires,Ceinture,Unique,1,29.9,0,29.9
13148,2025-09-20,C0109,Boutique,Accessoires,Casquette,Unique,1,19.9,0,19.9
13148,2025-09-20,C0109,Boutique,Accessoires,Écharpe,Unique,1,24.9,0,24.9
13149,2025-09-20,C0044,Boutique,Pantalons,Jogging,S,1,34.9,0,34.9
13150,2025-09-20,C0012,En ligne,Vestes,Doudoune,L,1,119.9,0,119.9
13150,2025-09-20,C0012,En ligne,Accessoires,Sac banane,Unique,1,34.9,0,34.9
13150,2025-09-20,C0012,En ligne,Vestes,Veste en jean,L,1,79.9,0,79.9
13151,2025-09-20,C0745,Boutique,Accessoires,Bonnet,Unique,1,17.9,0,17.9
13152,2025-09-20,C0548,Boutique,T-shirts,T-shirt oversize,L,1,29.9,0,29.9
13152,2025-09-20,C0548,Boutique,Pantalons,Jean droit,L,1,59.9,0,59.9
13153,2025-09-20,C0088,Boutique,Pulls & sweats,Sweat col rond,S,1,39.9,0,39.9
13153,2025-09-20,C0088,Boutique,Accessoires,Écharpe,Unique,2,24.9,0,49.8
13153,2025-09-20,C0088,Boutique,Chaussures,Baskets blanches,43,1,89.9,0,89.9
13154,2025-09-20,C0576,En ligne,Accessoires,Ceinture,Unique,1,29.9,0,29.9
13154,2025-09-20,C0576,En ligne,Chaussures,Baskets blanches,43,1,89.9,0,89.9
13155,2025-09-20,C0085,Boutique,T-shirts,T-shirt basique,M,1,19.9,0,19.9
13155,2025-09-20,C0085,Boutique,Pulls & sweats,Sweat col rond,M,1,39.9,0,39.9
13156,2025-09-20,C0107,En ligne,Chaussures,Sneakers running,41,1,99.9,0,99.9
13156,2025-09-20,C0107,En ligne,Accessoires,Bonnet,Unique,1,17.9,0,17.9
13157,2025-09-20,C0001,Boutique,Accessoires,Casquette,Unique,1,19.9,0,19.9
13158,2025-09-20,C0278,Boutique,Accessoires,Écharpe,Unique,1,24.9,0,24.9
13159,2025-09-20,C0087,En ligne,T-shirts,T-shirt basique,M,1,19.9,0,19.9
13160,2025-09-20,C0527,Boutique,Chaussures,Sneakers running,39,2,99.9,0,199.8
13160,2025-09-20,C0527,Boutique,T-shirts,T-shirt basique,XL,1,19.9,0,19.9
13161,2025-09-20,C0088,Boutique,Chaussures,Bottines,39,1,109.9,0,109.9
13162,2025-09-20,C0246,En ligne,Accessoires,Sac banane,Unique,1,34.9,0,34.9
13163,2025-09-20,C0090,Boutique,Vestes,Coupe-vent,L,1,64.9,0,64.9
13164,2025-09-20,C0045,Boutique,Accessoires,Sac banane,Unique,1,34.9,0,34.9
13164,2025-09-20,C0045,Boutique,T-shirts,T-shirt basique,L,1,19.9,0,19.9
13165,2025-09-22,C0588,Boutique,T-shirts,T-shirt basique,M,1,19.9,0,19.9
13166,2025-09-22,C0059,Boutique,Accessoires,Écharpe,Unique,1,24.9,0,24.9
13167,2025-09-22,C0094,Boutique,Pantalons,Jogging,L,2,34.9,0,69.8
13168,2025-09-22,C0609,En ligne,Accessoires,Ceinture,Unique,1,29.9,0,29.9
13168,2025-09-22,C0609,En ligne,T-shirts,T-shirt imprimé,M,1,24.9,0,24.9
13168,2025-09-22,C0609,En ligne,Pantalons,Pantalon cargo,L,1,49.9,0,49.9
13169,2025-09-22,C0597,Boutique,Chaussures,Bottines,41,1,109.9,0,109.9
13170,2025-09-22,C0099,Boutique,T-shirts,T-shirt oversize,L,1,29.9,0,29.9
13170,2025-09-22,C0099,Boutique,Accessoires,Écharpe,Unique,2,24.9,0,49.8
13170,2025-09-22,C0099,Boutique,T-shirts,T-shirt imprimé,L,2,24.9,0,49.8
13171,2025-09-22,C0573,Boutique,Pantalons,Jean slim,M,1,54.9,0,54.9
13171,2025-09-22,C0573,Boutique,Accessoires,Bonnet,Unique,1,17.9,0,17.9
13171,2025-09-22,C0573,Boutique,T-shirts,T-shirt basique,L,1,19.9,0,19.9
13172,2025-09-22,C0569,Boutique,T-shirts,T-shirt basique,M,1,19.9,0,19.9
13173,2025-09-22,C0630,Boutique,Chaussures,Baskets blanches,41,1,89.9,0,89.9
13174,2025-09-22,C0864,En ligne,Accessoires,Écharpe,Unique,1,24.9,0,24.9
13174,2025-09-22,C0864,En ligne,Pantalons,Jogging,L,1,34.9,0,34.9
13174,2025-09-22,C0864,En ligne,T-shirts,T-shirt basique,XS,1,19.9,0,19.9
13175,2025-09-22,C0088,Boutique,Accessoires,Sac banane,Unique,1,34.9,0,34.9
13176,2025-09-22,C0006,Boutique,Accessoires,Sac banane,Unique,1,34.9,0,34.9
13177,2025-09-22,C0427,Boutique,Pantalons,Jean droit,M,1,59.9,0,59.9
13177,2025-09-22,C0427,Boutique,Accessoires,Casquette,Unique,1,19.9,0,19.9
13178,2025-09-23,C0528,En ligne,Vestes,Coupe-vent,M,1,64.9,0,64.9
13179,2025-09-23,C0554,Boutique,Chaussures,Sneakers running,39,1,99.9,0,99.9
13180,2025-09-23,C0818,En ligne,Accessoires,Ceinture,Unique,1,29.9,0,29.9
13180,2025-09-23,C0818,En ligne,T-shirts,T-shirt imprimé,L,1,24.9,0,24.9
13181,2025-09-23,C0077,Boutique,Pantalons,Pantalon cargo,M,1,49.9,0,49.9
13182,2025-09-23,C0118,Boutique,Pulls & sweats,Sweat à capuche,XS,1,49.9,0,49.9
13183,2025-09-23,C0184,Boutique,Pulls & sweats,Sweat à capuche,L,1,49.9,0,49.9
13183,2025-09-23,C0184,Boutique,Chaussures,Bottines,41,1,109.9,0,109.9
13183,2025-09-23,C0184,Boutique,Accessoires,Bonnet,Unique,1,17.9,0,17.9
13184,2025-09-24,C0060,Boutique,Accessoires,Casquette,Unique,1,19.9,0,19.9
13184,2025-09-24,C0060,Boutique,Pulls & sweats,Sweat à capuche,M,1,49.9,0,49.9
13185,2025-09-24,C0279,Boutique,Pulls & sweats,Sweat à capuche,M,1,49.9,0,49.9
13185,2025-09-24,C0279,Boutique,Pantalons,Jean slim,L,1,54.9,0,54.9
13186,2025-09-24,C0215,Boutique,Pantalons,Jean droit,M,1,59.9,0,59.9
13186,2025-09-24,C0215,Boutique,Pulls & sweats,Pull en laine,M,1,59.9,0,59.9
13186,2025-09-24,C0215,Boutique,Pulls & sweats,Pull en laine,XL,1,59.9,0,59.9
13187,2025-09-24,C0477,En ligne,Accessoires,Bonnet,Unique,1,17.9,0,17.9
13187,2025-09-24,C0477,En ligne,T-shirts,T-shirt imprimé,S,1,24.9,0,24.9
13188,2025-09-24,C0104,En ligne,Chaussures,Sneakers running,39,1,99.9,0,99.9
13189,2025-09-24,C0089,Boutique,T-shirts,T-shirt basique,M,1,19.9,0,19.9
13190,2025-09-24,C0025,En ligne,Chaussures,Sneakers running,43,1,99.9,0,99.9
13190,2025-09-24,C0025,En ligne,T-shirts,T-shirt imprimé,L,1,24.9,0,24.9
13191,2025-09-24,C0131,Boutique,Pantalons,Jean slim,S,1,54.9,0,54.9
13192,2025-09-24,C0068,Boutique,Pulls & sweats,Sweat col rond,M,1,39.9,0,39.9
13192,2025-09-24,C0068,Boutique,Pantalons,Jogging,XL,1,34.9,0,34.9
13193,2025-09-24,C0396,En ligne,Pulls & sweats,Pull en laine,L,1,59.9,0,59.9
13193,2025-09-24,C0396,En ligne,T-shirts,T-shirt imprimé,M,1,24.9,0,24.9
13194,2025-09-25,C0080,Boutique,T-shirts,T-shirt basique,L,1,19.9,0,19.9
13195,2025-09-25,C0664,Boutique,Pantalons,Pantalon cargo,S,1,49.9,0,49.9
13195,2025-09-25,C0664,Boutique,Accessoires,Sac banane,Unique,2,34.9,0,69.8
13195,2025-09-25,C0664,Boutique,T-shirts,T-shirt oversize,M,1,29.9,0,29.9
13196,2025-09-25,C0622,Boutique,Chaussures,Baskets blanches,39,1,89.9,0,89.9
13196,2025-09-25,C0622,Boutique,Chaussures,Baskets blanches,39,1,89.9,0,89.9
13196,2025-09-25,C0622,Boutique,Vestes,Veste en jean,L,1,79.9,0,79.9
13197,2025-09-25,C0354,Boutique,Chaussures,Sneakers running,41,1,99.9,0,99.9
13197,2025-09-25,C0354,Boutique,T-shirts,T-shirt imprimé,XL,1,24.9,0,24.9
13198,2025-09-25,C0415,Boutique,Pantalons,Jogging,S,1,34.9,0,34.9
13198,2025-09-25,C0415,Boutique,Pantalons,Jean slim,L,2,54.9,0,109.8
13199,2025-09-25,C0545,Boutique,Vestes,Coupe-vent,XL,1,64.9,0,64.9
13200,2025-09-25,C0068,Boutique,Accessoires,Ceinture,Unique,1,29.9,0,29.9
13201,2025-09-25,C0046,Boutique,Accessoires,Ceinture,Unique,1,29.9,0,29.9
13202,2025-09-25,C0425,En ligne,Vestes,Coupe-vent,S,1,64.9,0,64.9
13202,2025-09-25,C0425,En ligne,Vestes,Veste en jean,S,1,79.9,0,79.9
13203,2025-09-25,C0100,Boutique,T-shirts,T-shirt basique,S,1,19.9,0,19.9
13204,2025-09-26,C0085,En ligne,Pantalons,Jean droit,M,1,59.9,0,59.9
13204,2025-09-26,C0085,En ligne,Chaussures,Baskets blanches,42,1,89.9,0,89.9
13205,2025-09-26,C0473,En ligne,T-shirts,T-shirt oversize,XL,1,29.9,0,29.9
13205,2025-09-26,C0473,En ligne,Pantalons,Jean droit,XS,1,59.9,0,59.9
13206,2025-09-26,C0006,Boutique,T-shirts,T-shirt basique,M,1,19.9,0,19.9
13207,2025-09-26,C0094,En ligne,Accessoires,Bonnet,Unique,1,17.9,0,17.9
13208,2025-09-26,C0097,Boutique,Accessoires,Bonnet,Unique,1,17.9,0,17.9
13208,2025-09-26,C0097,Boutique,Pantalons,Pantalon cargo,S,1,49.9,0,49.9
13209,2025-09-26,C0442,Boutique,Vestes,Doudoune,M,1,119.9,0,119.9
13209,2025-09-26,C0442,Boutique,Accessoires,Écharpe,Unique,2,24.9,0,49.8
13210,2025-09-26,C0673,Boutique,Pantalons,Jean slim,L,1,54.9,0,54.9
13210,2025-09-26,C0673,Boutique,Accessoires,Écharpe,Unique,1,24.9,0,24.9
13211,2025-09-26,C0856,Boutique,Accessoires,Bonnet,Unique,1,17.9,0,17.9
13211,2025-09-26,C0856,Boutique,Chaussures,Baskets blanches,44,1,89.9,0,89.9
13211,2025-09-26,C0856,Boutique,Pulls & sweats,Sweat col rond,XS,2,39.9,0,79.8
13212,2025-09-26,C0056,Boutique,Pantalons,Jogging,XL,1,34.9,0,34.9
13212,2025-09-26,C0056,Boutique,Chaussures,Bottines,43,1,109.9,0,109.9
13212,2025-09-26,C0056,Boutique,Accessoires,Sac banane,Unique,1,34.9,0,34.9
13213,2025-09-26,C0281,En ligne,T-shirts,T-shirt imprimé,M,1,24.9,0,24.9
13214,2025-09-26,C0405,En ligne,T-shirts,T-shirt basique,M,1,19.9,0,19.9
13215,2025-09-26,C0690,Boutique,Vestes,Coupe-vent,XL,1,64.9,0,64.9
13216,2025-09-26,C0112,En ligne,Pantalons,Pantalon cargo,S,1,49.9,0,49.9
13217,2025-09-26,C0703,Boutique,Pulls & sweats,Pull en laine,M,1,59.9,0,59.9
13218,2025-09-26,C0043,Boutique,Pulls & sweats,Pull en laine,S,1,59.9,0,59.9
13219,2025-09-26,C0218,Boutique,Pulls & sweats,Pull en laine,M,1,59.9,0,59.9
13220,2025-09-26,C0084,Boutique,T-shirts,T-shirt imprimé,L,1,24.9,0,24.9
13221,2025-09-26,C0836,Boutique,Accessoires,Sac banane,Unique,1,34.9,0,34.9
13221,2025-09-26,C0836,Boutique,Chaussures,Sneakers running,39,2,99.9,0,199.8
13222,2025-09-26,C0655,En ligne,Pulls & sweats,Pull en laine,S,1,59.9,0,59.9
13222,2025-09-26,C0655,En ligne,T-shirts,T-shirt basique,M,1,19.9,0,19.9
13223,2025-09-26,C0411,En ligne,Pantalons,Pantalon cargo,L,1,49.9,0,49.9
13223,2025-09-26,C0411,En ligne,T-shirts,T-shirt oversize,L,1,29.9,0,29.9
13224,2025-09-26,C0067,En ligne,Accessoires,Casquette,Unique,1,19.9,0,19.9
13224,2025-09-26,C0067,En ligne,Pulls & sweats,Pull en laine,S,2,59.9,0,119.8
13224,2025-09-26,C0067,En ligne,Pantalons,Pantalon cargo,M,1,49.9,0,49.9
13225,2025-09-26,C0828,En ligne,Vestes,Coupe-vent,XL,1,64.9,0,64.9
13226,2025-09-27,C0742,Boutique,Pulls & sweats,Sweat col rond,L,1,39.9,0,39.9
13226,2025-09-27,C0742,Boutique,Accessoires,Bonnet,Unique,1,17.9,0,17.9
13227,2025-09-27,C0546,Boutique,Accessoires,Ceinture,Unique,1,29.9,0,29.9
13228,2025-09-27,C0002,Boutique,T-shirts,T-shirt basique,L,1,19.9,0,19.9
13228,2025-09-27,C0002,Boutique,Accessoires,Sac banane,Unique,2,34.9,0,69.8
13229,2025-09-27,C0868,Boutique,Pantalons,Jean slim,S,1,54.9,0,54.9
13230,2025-09-27,C0226,En ligne,Chaussures,Bottines,40,1,109.9,0,109.9
13231,2025-09-27,C0044,Boutique,Accessoires,Écharpe,Unique,1,24.9,0,24.9
13231,2025-09-27,C0044,Boutique,T-shirts,T-shirt basique,L,1,19.9,0,19.9
13231,2025-09-27,C0044,Boutique,Accessoires,Ceinture,Unique,1,29.9,0,29.9
13232,2025-09-27,C0358,Boutique,Pulls & sweats,Sweat à capuche,S,1,49.9,0,49.9
13232,2025-09-27,C0358,Boutique,Chaussures,Baskets blanches,44,2,89.9,0,179.8
13233,2025-09-27,C0005,Boutique,Accessoires,Sac banane,Unique,2,34.9,0,69.8
13233,2025-09-27,C0005,Boutique,Pulls & sweats,Sweat à capuche,M,1,49.9,0,49.9
13233,2025-09-27,C0005,Boutique,T-shirts,T-shirt basique,M,1,19.9,0,19.9
13234,2025-09-27,C0065,Boutique,Chaussures,Baskets blanches,44,2,89.9,0,179.8
13234,2025-09-27,C0065,Boutique,Vestes,Doudoune,M,2,119.9,0,239.8
13235,2025-09-27,C0227,En ligne,Pulls & sweats,Sweat col rond,M,1,39.9,0,39.9
13236,2025-09-27,C0139,En ligne,Pulls & sweats,Pull en laine,M,1,59.9,0,59.9
13236,2025-09-27,C0139,En ligne,Pantalons,Jean slim,XL,1,54.9,0,54.9
13237,2025-09-27,C0649,En ligne,Accessoires,Casquette,Unique,2,19.9,0,39.8
13237,2025-09-27,C0649,En ligne,Pulls & sweats,Pull en laine,XS,1,59.9,0,59.9
13238,2025-09-27,C0863,En ligne,Pantalons,Jogging,L,1,34.9,0,34.9
13239,2025-09-27,C0571,Boutique,Chaussures,Bottines,43,1,109.9,0,109.9
13240,2025-09-27,C0709,Boutique,Pulls & sweats,Sweat col rond,S,1,39.9,0,39.9
13240,2025-09-27,C0709,Boutique,Vestes,Veste en jean,XL,1,79.9,0,79.9
13240,2025-09-27,C0709,Boutique,T-shirts,T-shirt imprimé,L,1,24.9,0,24.9
13241,2025-09-27,C0341,Boutique,T-shirts,T-shirt basique,M,1,19.9,0,19.9
13241,2025-09-27,C0341,Boutique,Pulls & sweats,Pull en laine,S,1,59.9,0,59.9
13241,2025-09-27,C0341,Boutique,Vestes,Coupe-vent,M,2,64.9,0,129.8
13242,2025-09-27,C0499,En ligne,Pulls & sweats,Pull en laine,M,1,59.9,0,59.9
13242,2025-09-27,C0499,En ligne,T-shirts,T-shirt oversize,XL,1,29.9,0,29.9
13243,2025-09-27,C0454,Boutique,Accessoires,Sac banane,Unique,1,34.9,0,34.9
13244,2025-09-27,C0400,Boutique,Accessoires,Bonnet,Unique,1,17.9,0,17.9
13244,2025-09-27,C0400,Boutique,Pantalons,Pantalon cargo,M,1,49.9,0,49.9
13245,2025-09-27,C0127,Boutique,Chaussures,Sneakers running,39,1,99.9,0,99.9
13246,2025-09-27,C0101,Boutique,Vestes,Veste en jean,S,2,79.9,0,159.8
13247,2025-09-27,C0397,En ligne,Pantalons,Jean slim,M,1,54.9,0,54.9
13247,2025-09-27,C0397,En ligne,Pantalons,Pantalon cargo,M,1,49.9,0,49.9
13248,2025-09-27,C0647,Boutique,Pantalons,Jean slim,M,1,54.9,0,54.9
13248,2025-09-27,C0647,Boutique,T-shirts,T-shirt imprimé,L,1,24.9,0,24.9
13249,2025-09-27,C0021,En ligne,Accessoires,Bonnet,Unique,1,17.9,0,17.9
13250,2025-09-27,C0152,Boutique,Accessoires,Écharpe,Unique,1,24.9,0,24.9
13251,2025-09-27,C0400,Boutique,Pulls & sweats,Sweat col rond,M,1,39.9,0,39.9
13252,2025-09-29,C0047,Boutique,Accessoires,Casquette,Unique,1,19.9,0,19.9
13253,2025-09-29,C0234,Boutique,T-shirts,T-shirt basique,M,1,19.9,0,19.9
13253,2025-09-29,C0234,Boutique,Pantalons,Pantalon cargo,L,1,49.9,0,49.9
13254,2025-09-29,C0085,En ligne,Chaussures,Sneakers running,43,1,99.9,0,99.9
13255,2025-09-29,C0019,Boutique,Accessoires,Bonnet,Unique,1,17.9,0,17.9
13256,2025-09-29,C0284,Boutique,T-shirts,T-shirt basique,M,1,19.9,0,19.9
13256,2025-09-29,C0284,Boutique,Accessoires,Sac banane,Unique,1,34.9,0,34.9
13257,2025-09-29,C0820,Boutique,Vestes,Veste en jean,M,1,79.9,0,79.9
13257,2025-09-29,C0820,Boutique,Chaussures,Bottines,40,1,109.9,0,109.9
13258,2025-09-29,C0015,Boutique,Pulls & sweats,Sweat à capuche,XL,1,49.9,0,49.9
13259,2025-09-29,C0764,Boutique,Chaussures,Baskets blanches,43,1,89.9,0,89.9
13260,2025-09-29,C0111,Boutique,Pulls & sweats,Pull en laine,M,1,59.9,0,59.9
13260,2025-09-29,C0111,Boutique,Accessoires,Bonnet,Unique,1,17.9,0,17.9
13260,2025-09-29,C0111,Boutique,Pulls & sweats,Pull en laine,S,1,59.9,0,59.9
13261,2025-09-29,C0356,Boutique,Chaussures,Bottines,43,1,109.9,0,109.9
13262,2025-09-29,C0096,Boutique,Vestes,Veste en jean,L,1,79.9,0,79.9
13263,2025-09-29,C0042,En ligne,Accessoires,Sac banane,Unique,1,34.9,0,34.9
13264,2025-09-29,C0567,En ligne,Pulls & sweats,Pull en laine,M,1,59.9,0,59.9
13265,2025-09-29,C0524,Boutique,Accessoires,Ceinture,Unique,1,29.9,0,29.9
13266,2025-09-29,C0388,Boutique,Pantalons,Jogging,L,1,34.9,0,34.9
13267,2025-09-29,C0458,En ligne,T-shirts,T-shirt imprimé,XS,1,24.9,0,24.9
13267,2025-09-29,C0458,En ligne,Accessoires,Bonnet,Unique,1,17.9,0,17.9
13268,2025-09-30,C0048,Boutique,Pantalons,Jean slim,XS,1,54.9,0,54.9
13268,2025-09-30,C0048,Boutique,Accessoires,Casquette,Unique,1,19.9,0,19.9
13269,2025-09-30,C0226,En ligne,T-shirts,T-shirt imprimé,XL,1,24.9,0,24.9
13269,2025-09-30,C0226,En ligne,Pulls & sweats,Sweat col rond,M,1,39.9,0,39.9
13270,2025-09-30,C0361,Boutique,Accessoires,Bonnet,Unique,1,17.9,0,17.9
13271,2025-09-30,C0871,Boutique,Chaussures,Bottines,40,1,109.9,0,109.9
13271,2025-09-30,C0871,Boutique,Accessoires,Sac banane,Unique,2,34.9,0,69.8
13272,2025-09-30,C0056,Boutique,T-shirts,T-shirt basique,L,1,19.9,0,19.9
13273,2025-09-30,C0038,Boutique,Pulls & sweats,Sweat col rond,M,1,39.9,0,39.9
13274,2025-09-30,C0424,Boutique,Pantalons,Jean slim,M,1,54.9,0,54.9
13274,2025-09-30,C0424,Boutique,Pantalons,Jean droit,M,1,59.9,0,59.9
13275,2025-09-30,C0078,En ligne,Accessoires,Bonnet,Unique,1,17.9,0,17.9
13276,2025-09-30,C0296,Boutique,Accessoires,Bonnet,Unique,1,17.9,0,17.9
13277,2025-09-30,C0030,Boutique,Pantalons,Jogging,M,1,34.9,0,34.9
13278,2025-09-30,C0320,Boutique,Accessoires,Sac banane,Unique,1,34.9,0,34.9
13278,2025-09-30,C0320,Boutique,Pantalons,Jogging,M,1,34.9,0,34.9
13279,2025-09-30,C0262,En ligne,Pantalons,Jogging,XL,2,34.9,0,69.8
13280,2025-10-01,C0002,En ligne,Pulls & sweats,Sweat col rond,L,1,39.9,0,39.9
13280,2025-10-01,C0002,En ligne,Pantalons,Jean droit,XL,1,59.9,0,59.9
13280,2025-10-01,C0002,En ligne,Chaussures,Sneakers running,39,1,99.9,0,99.9
13281,2025-10-01,C0218,Boutique,Accessoires,Sac banane,Unique,1,34.9,0,34.9
13282,2025-10-01,C0268,Boutique,Pulls & sweats,Sweat à capuche,S,1,49.9,0,49.9
13283,2025-10-01,C0039,Boutique,Vestes,Veste en jean,L,1,79.9,0,79.9
13284,2025-10-01,C0052,Boutique,T-shirts,T-shirt imprimé,XL,1,24.9,0,24.9
13284,2025-10-01,C0052,Boutique,T-shirts,T-shirt basique,XL,1,19.9,0,19.9
13284,2025-10-01,C0052,Boutique,Pulls & sweats,Pull en laine,L,1,59.9,0,59.9
13285,2025-10-01,C0576,En ligne,Vestes,Veste en jean,S,1,79.9,0,79.9
13285,2025-10-01,C0576,En ligne,Pulls & sweats,Sweat à capuche,M,1,49.9,0,49.9
13285,2025-10-01,C0576,En ligne,Pulls & sweats,Sweat col rond,M,1,39.9,0,39.9
13286,2025-10-01,C0315,Boutique,Pulls & sweats,Pull en laine,XL,1,59.9,0,59.9
13286,2025-10-01,C0315,Boutique,T-shirts,T-shirt oversize,M,1,29.9,0,29.9
13287,2025-10-01,C0047,Boutique,Accessoires,Écharpe,Unique,1,24.9,0,24.9
13287,2025-10-01,C0047,Boutique,Pulls & sweats,Sweat à capuche,M,1,49.9,0,49.9
13288,2025-10-01,C0107,En ligne,T-shirts,T-shirt oversize,M,1,29.9,0,29.9
13288,2025-10-01,C0107,En ligne,T-shirts,T-shirt imprimé,M,1,24.9,0,24.9
13289,2025-10-01,C0375,Boutique,Pantalons,Jean slim,L,1,54.9,0,54.9
13290,2025-10-01,C0033,Boutique,Pulls & sweats,Sweat col rond,M,1,39.9,0,39.9
13291,2025-10-01,C0305,En ligne,Accessoires,Bonnet,Unique,1,17.9,0,17.9
13291,2025-10-01,C0305,En ligne,Vestes,Coupe-vent,L,1,64.9,0,64.9
13292,2025-10-01,C0111,En ligne,T-shirts,T-shirt oversize,M,1,29.9,0,29.9
13293,2025-10-01,C0316,En ligne,Pantalons,Pantalon cargo,S,1,49.9,0,49.9
13293,2025-10-01,C0316,En ligne,T-shirts,T-shirt oversize,S,1,29.9,0,29.9
13294,2025-10-01,C0538,Boutique,Accessoires,Écharpe,Unique,1,24.9,0,24.9
13295,2025-10-01,C0019,Boutique,Accessoires,Sac banane,Unique,1,34.9,0,34.9
13295,2025-10-01,C0019,Boutique,T-shirts,T-shirt imprimé,L,1,24.9,0,24.9
13296,2025-10-01,C0059,Boutique,Pantalons,Jean droit,S,1,59.9,0,59.9
13297,2025-10-01,C0087,Boutique,T-shirts,T-shirt basique,M,1,19.9,0,19.9
13298,2025-10-02,C0103,Boutique,Accessoires,Écharpe,Unique,2,24.9,0,49.8
13299,2025-10-02,C0481,En ligne,Vestes,Veste en jean,M,2,79.9,0,159.8
13299,2025-10-02,C0481,En ligne,T-shirts,T-shirt imprimé,S,1,24.9,0,24.9
13300,2025-10-02,C0316,Boutique,Accessoires,Ceinture,Unique,1,29.9,0,29.9
13301,2025-10-02,C0748,Boutique,Accessoires,Sac banane,Unique,1,34.9,0,34.9
13302,2025-10-02,C0066,Boutique,Vestes,Coupe-vent,XS,1,64.9,0,64.9
13303,2025-10-02,C0537,Boutique,Pulls & sweats,Pull en laine,XL,1,59.9,0,59.9
13303,2025-10-02,C0537,Boutique,Pantalons,Pantalon cargo,XL,1,49.9,0,49.9
13304,2025-10-02,C0876,Boutique,Pantalons,Jean droit,S,1,59.9,0,59.9
13305,2025-10-02,C0064,Boutique,Chaussures,Bottines,41,1,109.9,0,109.9
13305,2025-10-02,C0064,Boutique,Chaussures,Sneakers running,44,1,99.9,0,99.9
13306,2025-10-02,C0080,En ligne,Pulls & sweats,Pull en laine,M,1,59.9,0,59.9
13307,2025-10-02,C0829,Boutique,Pantalons,Pantalon cargo,L,2,49.9,0,99.8
13308,2025-10-02,C0133,En ligne,Pulls & sweats,Pull en laine,L,1,59.9,0,59.9
13308,2025-10-02,C0133,En ligne,Pantalons,Pantalon cargo,L,1,49.9,0,49.9
13309,2025-10-02,C0323,Boutique,Pulls & sweats,Sweat à capuche,L,1,49.9,0,49.9
13309,2025-10-02,C0323,Boutique,Pulls & sweats,Sweat col rond,XS,2,39.9,0,79.8
13310,2025-10-02,C0538,En ligne,Pulls & sweats,Sweat col rond,XL,1,39.9,0,39.9
13311,2025-10-02,C0192,Boutique,Pantalons,Jogging,L,1,34.9,0,34.9
13312,2025-10-02,C0118,En ligne,Pantalons,Jogging,XL,1,34.9,0,34.9
13312,2025-10-02,C0118,En ligne,Accessoires,Casquette,Unique,1,19.9,0,19.9
13313,2025-10-03,C0396,En ligne,Chaussures,Baskets blanches,39,1,89.9,0,89.9
13313,2025-10-03,C0396,En ligne,Accessoires,Bonnet,Unique,1,17.9,0,17.9
13314,2025-10-03,C0891,Boutique,Pantalons,Jean droit,XL,2,59.9,0,119.8
13314,2025-10-03,C0891,Boutique,Pantalons,Jogging,XL,1,34.9,0,34.9
13315,2025-10-03,C0404,Boutique,Pulls & sweats,Sweat à capuche,S,2,49.9,0,99.8
13315,2025-10-03,C0404,Boutique,Chaussures,Sneakers running,39,1,99.9,0,99.9
13316,2025-10-03,C0019,Boutique,Chaussures,Bottines,39,1,109.9,0,109.9
13316,2025-10-03,C0019,Boutique,T-shirts,T-shirt basique,L,1,19.9,0,19.9
13317,2025-10-03,C0495,Boutique,Accessoires,Écharpe,Unique,1,24.9,0,24.9
13318,2025-10-03,C0067,En ligne,Pantalons,Jogging,S,1,34.9,0,34.9
13318,2025-10-03,C0067,En ligne,Pulls & sweats,Sweat à capuche,S,1,49.9,0,49.9
13319,2025-10-03,C0042,Boutique,Pulls & sweats,Pull en laine,S,1,59.9,0,59.9
13319,2025-10-03,C0042,Boutique,Pulls & sweats,Pull en laine,L,1,59.9,0,59.9
13320,2025-10-03,C0420,En ligne,T-shirts,T-shirt imprimé,M,2,24.9,0,49.8
13320,2025-10-03,C0420,En ligne,Pantalons,Jogging,S,1,34.9,0,34.9
13321,2025-10-03,C0717,Boutique,Accessoires,Sac banane,Unique,1,34.9,0,34.9
13321,2025-10-03,C0717,Boutique,Accessoires,Ceinture,Unique,2,29.9,0,59.8
13321,2025-10-03,C0717,Boutique,Accessoires,Sac banane,Unique,1,34.9,0,34.9
13322,2025-10-03,C0060,En ligne,Vestes,Veste en jean,S,2,79.9,0,159.8
13323,2025-10-03,C0213,Boutique,Pantalons,Jogging,XL,1,34.9,0,34.9
13324,2025-10-03,C0012,Boutique,T-shirts,T-shirt imprimé,M,1,24.9,0,24.9
13325,2025-10-03,C0839,Boutique,T-shirts,T-shirt imprimé,L,1,24.9,0,24.9
13326,2025-10-03,C0309,Boutique,Pantalons,Jean droit,S,1,59.9,0,59.9
13326,2025-10-03,C0309,Boutique,Pantalons,Pantalon cargo,M,1,49.9,0,49.9
13327,2025-10-03,C0676,En ligne,Accessoires,Écharpe,Unique,1,24.9,0,24.9
13327,2025-10-03,C0676,En ligne,Pantalons,Jean slim,S,1,54.9,0,54.9
13328,2025-10-03,C0568,Boutique,Chaussures,Bottines,41,1,109.9,0,109.9
13329,2025-10-03,C0011,Boutique,Pulls & sweats,Sweat col rond,S,1,39.9,0,39.9
13329,2025-10-03,C0011,Boutique,Pulls & sweats,Pull en laine,M,2,59.9,0,119.8
13330,2025-10-03,C0324,Boutique,T-shirts,T-shirt basique,XS,2,19.9,0,39.8
13331,2025-10-04,C0092,Boutique,Vestes,Doudoune,M,1,119.9,0,119.9
13332,2025-10-04,C0117,Boutique,Vestes,Coupe-vent,M,1,64.9,0,64.9
13332,2025-10-04,C0117,Boutique,T-shirts,T-shirt basique,L,2,19.9,0,39.8
13333,2025-10-04,C0032,Boutique,Pulls & sweats,Sweat à capuche,XS,2,49.9,0,99.8
13333,2025-10-04,C0032,Boutique,Vestes,Coupe-vent,M,1,64.9,0,64.9
13333,2025-10-04,C0032,Boutique,Accessoires,Casquette,Unique,1,19.9,0,19.9
13334,2025-10-04,C0214,Boutique,T-shirts,T-shirt oversize,S,1,29.9,0,29.9
13335,2025-10-04,C0335,En ligne,Pulls & sweats,Sweat col rond,S,2,39.9,0,79.8
13336,2025-10-04,C0089,Boutique,T-shirts,T-shirt basique,XL,1,19.9,0,19.9
13336,2025-10-04,C0089,Boutique,Chaussures,Baskets blanches,39,1,89.9,0,89.9
13336,2025-10-04,C0089,Boutique,Accessoires,Écharpe,Unique,1,24.9,0,24.9
13337,2025-10-04,C0058,En ligne,Pantalons,Jogging,XL,1,34.9,0,34.9
13338,2025-10-04,C0539,Boutique,Accessoires,Écharpe,Unique,1,24.9,0,24.9
13339,2025-10-04,C0068,Boutique,T-shirts,T-shirt basique,L,1,19.9,0,19.9
13340,2025-10-04,C0066,Boutique,Pulls & sweats,Sweat à capuche,L,1,49.9,0,49.9
13341,2025-10-04,C0044,En ligne,Vestes,Coupe-vent,M,1,64.9,0,64.9
13342,2025-10-04,C0742,En ligne,Vestes,Doudoune,M,1,119.9,0,119.9
13342,2025-10-04,C0742,En ligne,Vestes,Coupe-vent,L,1,64.9,0,64.9
13342,2025-10-04,C0742,En ligne,Pulls & sweats,Pull en laine,M,1,59.9,0,59.9
13343,2025-10-04,C0087,Boutique,Chaussures,Bottines,41,1,109.9,0,109.9
13344,2025-10-04,C0118,Boutique,Chaussures,Sneakers running,44,1,99.9,0,99.9
13344,2025-10-04,C0118,Boutique,Pulls & sweats,Pull en laine,XS,1,59.9,0,59.9
13345,2025-10-04,C0028,Boutique,Vestes,Veste en jean,M,1,79.9,0,79.9
13345,2025-10-04,C0028,Boutique,Chaussures,Baskets blanches,41,1,89.9,0,89.9
13346,2025-10-04,C0080,Boutique,Chaussures,Sneakers running,42,1,99.9,0,99.9
13347,2025-10-04,C0308,Boutique,Vestes,Veste en jean,M,1,79.9,0,79.9
13347,2025-10-04,C0308,Boutique,T-shirts,T-shirt imprimé,S,2,24.9,0,49.8
13348,2025-10-04,C0058,En ligne,Vestes,Doudoune,M,1,119.9,0,119.9
13349,2025-10-06,C0896,Boutique,Accessoires,Sac banane,Unique,1,34.9,0,34.9
13350,2025-10-06,C0755,Boutique,Accessoires,Casquette,Unique,1,19.9,0,19.9
13350,2025-10-06,C0755,Boutique,T-shirts,T-shirt oversize,L,1,29.9,0,29.9
13351,2025-10-06,C0501,En ligne,Vestes,Veste en jean,XL,2,79.9,0,159.8
13352,2025-10-06,C0442,Boutique,Chaussures,Bottines,40,1,109.9,0,109.9
13352,2025-10-06,C0442,Boutique,Accessoires,Bonnet,Unique,1,17.9,0,17.9
13353,2025-10-06,C0407,Boutique,Accessoires,Écharpe,Unique,2,24.9,0,49.8
13353,2025-10-06,C0407,Boutique,Chaussures,Baskets blanches,42,1,89.9,0,89.9
13354,2025-10-06,C0653,Boutique,Pulls & sweats,Pull en laine,S,1,59.9,0,59.9
13355,2025-10-06,C0046,Boutique,Accessoires,Ceinture,Unique,1,29.9,0,29.9
13356,2025-10-06,C0435,Boutique,Vestes,Doudoune,XL,1,119.9,0,119.9
13356,2025-10-06,C0435,Boutique,Vestes,Coupe-vent,L,2,64.9,0,129.8
13356,2025-10-06,C0435,Boutique,Pantalons,Jean slim,L,1,54.9,0,54.9
13357,2025-10-06,C0001,Boutique,Vestes,Doudoune,L,1,119.9,0,119.9
13357,2025-10-06,C0001,Boutique,T-shirts,T-shirt basique,S,1,19.9,0,19.9
13358,2025-10-06,C0697,Boutique,T-shirts,T-shirt oversize,M,1,29.9,0,29.9
13359,2025-10-06,C0051,Boutique,Chaussures,Sneakers running,40,1,99.9,0,99.9
13359,2025-10-06,C0051,Boutique,Accessoires,Ceinture,Unique,1,29.9,0,29.9
13360,2025-10-06,C0531,Boutique,Vestes,Doudoune,XS,2,119.9,0,239.8
13361,2025-10-06,C0098,Boutique,T-shirts,T-shirt imprimé,S,1,24.9,0,24.9
13362,2025-10-06,C0037,En ligne,T-shirts,T-shirt oversize,L,1,29.9,0,29.9
13362,2025-10-06,C0037,En ligne,Accessoires,Ceinture,Unique,1,29.9,0,29.9
13363,2025-10-06,C0190,Boutique,Accessoires,Sac banane,Unique,1,34.9,0,34.9
13363,2025-10-06,C0190,Boutique,Pantalons,Jean droit,XL,2,59.9,0,119.8
13364,2025-10-06,C0069,Boutique,Pulls & sweats,Pull en laine,L,1,59.9,0,59.9
13365,2025-10-06,C0464,Boutique,Accessoires,Bonnet,Unique,1,17.9,0,17.9
13366,2025-10-06,C0307,Boutique,Pulls & sweats,Sweat col rond,M,1,39.9,0,39.9
13367,2025-10-06,C0153,Boutique,Pulls & sweats,Sweat à capuche,L,1,49.9,0,49.9
13368,2025-10-06,C0088,Boutique,Vestes,Veste en jean,M,1,79.9,0,79.9
13368,2025-10-06,C0088,Boutique,Chaussures,Bottines,44,1,109.9,0,109.9
13369,2025-10-07,C0486,Boutique,Pulls & sweats,Sweat col rond,M,1,39.9,0,39.9
13369,2025-10-07,C0486,Boutique,Pantalons,Jean slim,XL,1,54.9,0,54.9
13370,2025-10-07,C0079,En ligne,Vestes,Veste en jean,L,1,79.9,0,79.9
13370,2025-10-07,C0079,En ligne,Pulls & sweats,Pull en laine,L,1,59.9,0,59.9
13371,2025-10-07,C0036,En ligne,Pulls & sweats,Sweat col rond,L,1,39.9,0,39.9
13372,2025-10-07,C0825,Boutique,Vestes,Veste en jean,XL,1,79.9,0,79.9
13372,2025-10-07,C0825,Boutique,Pantalons,Jean slim,M,1,54.9,0,54.9
13373,2025-10-07,C0591,Boutique,Vestes,Coupe-vent,XL,1,64.9,0,64.9
13374,2025-10-07,C0050,Boutique,Accessoires,Bonnet,Unique,1,17.9,0,17.9
13375,2025-10-07,C0091,Boutique,Accessoires,Casquette,Unique,1,19.9,0,19.9
13376,2025-10-07,C0309,Boutique,Accessoires,Ceinture,Unique,1,29.9,0,29.9
13376,2025-10-07,C0309,Boutique,T-shirts,T-shirt imprimé,M,1,24.9,0,24.9
13376,2025-10-07,C0309,Boutique,Pulls & sweats,Pull en laine,M,1,59.9,0,59.9
13377,2025-10-07,C0105,Boutique,Pulls & sweats,Pull en laine,M,1,59.9,0,59.9
13377,2025-10-07,C0105,Boutique,T-shirts,T-shirt imprimé,L,1,24.9,0,24.9
13378,2025-10-07,C0051,Boutique,Pantalons,Pantalon cargo,S,2,49.9,0,99.8
13379,2025-10-07,C0230,En ligne,Pantalons,Pantalon cargo,M,2,49.9,0,99.8
13380,2025-10-07,C0819,En ligne,Pulls & sweats,Sweat à capuche,M,2,49.9,0,99.8
13381,2025-10-07,C0467,Boutique,T-shirts,T-shirt basique,L,1,19.9,0,19.9
13381,2025-10-07,C0467,Boutique,T-shirts,T-shirt oversize,XL,1,29.9,0,29.9
13382,2025-10-07,C0044,Boutique,Pulls & sweats,Pull en laine,M,2,59.9,0,119.8
13382,2025-10-07,C0044,Boutique,T-shirts,T-shirt basique,XL,1,19.9,0,19.9
13383,2025-10-07,C0853,En ligne,Accessoires,Ceinture,Unique,2,29.9,0,59.8
13384,2025-10-07,C0210,En ligne,Vestes,Coupe-vent,S,1,64.9,0,64.9
13385,2025-10-08,C0006,Boutique,Pantalons,Jean slim,M,1,54.9,0,54.9
13385,2025-10-08,C0006,Boutique,T-shirts,T-shirt basique,S,1,19.9,0,19.9
13386,2025-10-08,C0059,Boutique,Accessoires,Écharpe,Unique,1,24.9,0,24.9
13386,2025-10-08,C0059,Boutique,Chaussures,Bottines,39,1,109.9,0,109.9
13387,2025-10-08,C0017,Boutique,Pulls & sweats,Sweat col rond,XL,1,39.9,0,39.9
13387,2025-10-08,C0017,Boutique,Accessoires,Bonnet,Unique,1,17.9,0,17.9
13388,2025-10-08,C0842,En ligne,Accessoires,Ceinture,Unique,1,29.9,0,29.9
13389,2025-10-08,C0737,Boutique,Pantalons,Jean slim,S,1,54.9,0,54.9
13390,2025-10-08,C0144,En ligne,Pantalons,Pantalon cargo,S,1,49.9,0,49.9
13391,2025-10-08,C0290,Boutique,Accessoires,Casquette,Unique,1,19.9,0,19.9
13392,2025-10-08,C0017,Boutique,T-shirts,T-shirt imprimé,M,1,24.9,0,24.9
13393,2025-10-08,C0180,En ligne,Accessoires,Écharpe,Unique,1,24.9,0,24.9
13394,2025-10-08,C0098,En ligne,Pulls & sweats,Sweat à capuche,XL,1,49.9,0,49.9
13395,2025-10-08,C0691,En ligne,Pantalons,Jean slim,L,1,54.9,0,54.9
13395,2025-10-08,C0691,En ligne,T-shirts,T-shirt basique,M,2,19.9,0,39.8
13396,2025-10-08,C0863,Boutique,Pantalons,Jean slim,XS,1,54.9,0,54.9
13396,2025-10-08,C0863,Boutique,Pantalons,Jean slim,XL,1,54.9,0,54.9
13396,2025-10-08,C0863,Boutique,T-shirts,T-shirt oversize,M,1,29.9,0,29.9
13397,2025-10-08,C0614,En ligne,Pulls & sweats,Sweat à capuche,S,1,49.9,0,49.9
13398,2025-10-08,C0237,En ligne,Pulls & sweats,Pull en laine,L,1,59.9,0,59.9
13398,2025-10-08,C0237,En ligne,Accessoires,Ceinture,Unique,1,29.9,0,29.9
13399,2025-10-08,C0453,Boutique,Accessoires,Sac banane,Unique,1,34.9,0,34.9
13400,2025-10-08,C0023,Boutique,Chaussures,Bottines,44,1,109.9,0,109.9
13401,2025-10-08,C0015,Boutique,T-shirts,T-shirt basique,L,2,19.9,0,39.8
13402,2025-10-09,C0091,Boutique,Chaussures,Baskets blanches,40,1,89.9,0,89.9
13403,2025-10-09,C0051,Boutique,Pulls & sweats,Pull en laine,S,1,59.9,0,59.9
13403,2025-10-09,C0051,Boutique,Pulls & sweats,Sweat col rond,L,1,39.9,0,39.9
13404,2025-10-09,C0090,Boutique,Accessoires,Écharpe,Unique,1,24.9,0,24.9
13405,2025-10-09,C0270,En ligne,T-shirts,T-shirt oversize,L,1,29.9,0,29.9
13405,2025-10-09,C0270,En ligne,T-shirts,T-shirt oversize,XS,1,29.9,0,29.9
13405,2025-10-09,C0270,En ligne,Accessoires,Écharpe,Unique,1,24.9,0,24.9
13406,2025-10-09,C0174,Boutique,Accessoires,Bonnet,Unique,2,17.9,0,35.8
13406,2025-10-09,C0174,Boutique,Vestes,Coupe-vent,S,1,64.9,0,64.9
13407,2025-10-09,C0868,Boutique,T-shirts,T-shirt imprimé,M,1,24.9,0,24.9
13408,2025-10-09,C0013,Boutique,Accessoires,Sac banane,Unique,1,34.9,0,34.9
13408,2025-10-09,C0013,Boutique,Chaussures,Baskets blanches,44,2,89.9,0,179.8
13409,2025-10-09,C0047,Boutique,Chaussures,Sneakers running,40,1,99.9,0,99.9
13410,2025-10-09,C0084,En ligne,Accessoires,Ceinture,Unique,1,29.9,0,29.9
13411,2025-10-09,C0532,Boutique,Chaussures,Baskets blanches,44,1,89.9,0,89.9
13411,2025-10-09,C0532,Boutique,Chaussures,Sneakers running,41,1,99.9,0,99.9
13412,2025-10-09,C0758,Boutique,Accessoires,Ceinture,Unique,1,29.9,0,29.9
13413,2025-10-09,C0392,Boutique,Pulls & sweats,Sweat à capuche,M,2,49.9,0,99.8
13414,2025-10-09,C0329,Boutique,Chaussures,Bottines,44,1,109.9,0,109.9
13414,2025-10-09,C0329,Boutique,Accessoires,Ceinture,Unique,1,29.9,0,29.9
13415,2025-10-09,C0120,Boutique,Chaussures,Baskets blanches,42,1,89.9,0,89.9
13415,2025-10-09,C0120,Boutique,Pantalons,Jean slim,XS,1,54.9,0,54.9
13416,2025-10-09,C0807,En ligne,Vestes,Doudoune,L,1,119.9,0,119.9
13416,2025-10-09,C0807,En ligne,T-shirts,T-shirt oversize,M,1,29.9,0,29.9
13417,2025-10-09,C0026,Boutique,Pantalons,Jean droit,M,1,59.9,0,59.9
13418,2025-10-09,C0685,Boutique,Pantalons,Jogging,L,2,34.9,0,69.8
13419,2025-10-09,C0086,Boutique,Pulls & sweats,Sweat à capuche,S,2,49.9,0,99.8
13420,2025-10-09,C0438,Boutique,Vestes,Veste en jean,XS,1,79.9,0,79.9
13420,2025-10-09,C0438,Boutique,Pantalons,Jean droit,XL,1,59.9,0,59.9
13421,2025-10-09,C0090,Boutique,Accessoires,Bonnet,Unique,1,17.9,0,17.9
13421,2025-10-09,C0090,Boutique,Pulls & sweats,Sweat à capuche,M,2,49.9,0,99.8
13422,2025-10-10,C0757,Boutique,Chaussures,Sneakers running,41,1,99.9,0,99.9
13422,2025-10-10,C0757,Boutique,T-shirts,T-shirt imprimé,M,1,24.9,0,24.9
13423,2025-10-10,C0830,Boutique,Pantalons,Pantalon cargo,M,1,49.9,0,49.9
13424,2025-10-10,C0502,Boutique,Pantalons,Pantalon cargo,M,1,49.9,0,49.9
13425,2025-10-10,C0079,Boutique,Accessoires,Sac banane,Unique,1,34.9,0,34.9
13425,2025-10-10,C0079,Boutique,Pantalons,Pantalon cargo,M,1,49.9,0,49.9
13426,2025-10-10,C0128,En ligne,T-shirts,T-shirt basique,XS,1,19.9,0,19.9
13427,2025-10-10,C0033,Boutique,T-shirts,T-shirt imprimé,S,1,24.9,0,24.9
13428,2025-10-10,C0600,Boutique,Pulls & sweats,Sweat à capuche,XS,1,49.9,0,49.9
13429,2025-10-10,C0490,Boutique,Vestes,Coupe-vent,L,1,64.9,0,64.9
13430,2025-10-10,C0489,Boutique,Accessoires,Bonnet,Unique,1,17.9,0,17.9
13431,2025-10-10,C0018,Boutique,Pantalons,Jogging,M,1,34.9,0,34.9
13432,2025-10-10,C0072,En ligne,Vestes,Doudoune,M,1,119.9,0,119.9
13433,2025-10-10,C0585,Boutique,T-shirts,T-shirt basique,L,1,19.9,0,19.9
13433,2025-10-10,C0585,Boutique,Pantalons,Pantalon cargo,XS,2,49.9,0,99.8
13434,2025-10-10,C0084,En ligne,Accessoires,Écharpe,Unique,1,24.9,0,24.9
13434,2025-10-10,C0084,En ligne,Vestes,Doudoune,XL,1,119.9,0,119.9
13435,2025-10-10,C0507,Boutique,Pantalons,Jogging,XS,1,34.9,0,34.9
13435,2025-10-10,C0507,Boutique,T-shirts,T-shirt imprimé,L,1,24.9,0,24.9
13436,2025-10-10,C0032,Boutique,T-shirts,T-shirt imprimé,XS,1,24.9,0,24.9
13436,2025-10-10,C0032,Boutique,Vestes,Veste en jean,M,1,79.9,0,79.9
13437,2025-10-10,C0751,Boutique,Chaussures,Bottines,41,1,109.9,0,109.9
13438,2025-10-11,C0191,Boutique,Pulls & sweats,Sweat à capuche,M,1,49.9,0,49.9
13439,2025-10-11,C0472,Boutique,Pantalons,Pantalon cargo,M,1,49.9,0,49.9
13439,2025-10-11,C0472,Boutique,Pulls & sweats,Sweat col rond,S,1,39.9,0,39.9
13440,2025-10-11,C0062,Boutique,Pulls & sweats,Pull en laine,M,1,59.9,0,59.9
13441,2025-10-11,C0025,Boutique,T-shirts,T-shirt basique,M,1,19.9,0,19.9
13441,2025-10-11,C0025,Boutique,T-shirts,T-shirt oversize,M,2,29.9,0,59.8
13442,2025-10-11,C0638,Boutique,T-shirts,T-shirt oversize,M,1,29.9,0,29.9
13443,2025-10-11,C0329,En ligne,Pantalons,Jean slim,M,1,54.9,0,54.9
13444,2025-10-11,C0876,En ligne,Pulls & sweats,Sweat col rond,XL,1,39.9,0,39.9
13445,2025-10-11,C0862,Boutique,Pulls & sweats,Pull en laine,M,1,59.9,0,59.9
13445,2025-10-11,C0862,Boutique,Pulls & sweats,Pull en laine,XS,2,59.9,0,119.8
13446,2025-10-11,C0016,Boutique,Pulls & sweats,Pull en laine,L,1,59.9,0,59.9
13447,2025-10-11,C0032,Boutique,Accessoires,Casquette,Unique,1,19.9,0,19.9
13448,2025-10-11,C0038,En ligne,Accessoires,Sac banane,Unique,2,34.9,0,69.8
13449,2025-10-11,C0266,Boutique,Vestes,Veste en jean,L,1,79.9,0,79.9
13450,2025-10-11,C0539,Boutique,Pantalons,Pantalon cargo,S,1,49.9,0,49.9
13451,2025-10-11,C0034,Boutique,Chaussures,Baskets blanches,40,2,89.9,0,179.8
13451,2025-10-11,C0034,Boutique,Pulls & sweats,Sweat à capuche,M,1,49.9,0,49.9
13452,2025-10-11,C0006,Boutique,Pulls & sweats,Sweat à capuche,XL,1,49.9,0,49.9
13453,2025-10-11,C0016,En ligne,Pantalons,Pantalon cargo,XS,1,49.9,0,49.9
13453,2025-10-11,C0016,En ligne,Pantalons,Jean slim,M,1,54.9,0,54.9
13454,2025-10-11,C0328,Boutique,Vestes,Coupe-vent,M,1,64.9,0,64.9
13455,2025-10-11,C0008,Boutique,Accessoires,Sac banane,Unique,1,34.9,0,34.9
13456,2025-10-11,C0075,Boutique,T-shirts,T-shirt imprimé,M,1,24.9,0,24.9
13456,2025-10-11,C0075,Boutique,Vestes,Coupe-vent,S,1,64.9,0,64.9
13457,2025-10-11,C0011,En ligne,Pulls & sweats,Sweat col rond,M,1,39.9,0,39.9
13458,2025-10-11,C0016,En ligne,Pulls & sweats,Sweat à capuche,L,2,49.9,0,99.8
13459,2025-10-11,C0032,En ligne,T-shirts,T-shirt basique,M,1,19.9,0,19.9
13460,2025-10-11,C0040,Boutique,Pantalons,Jogging,L,1,34.9,0,34.9
13460,2025-10-11,C0040,Boutique,Pantalons,Jean droit,XL,1,59.9,0,59.9
13460,2025-10-11,C0040,Boutique,Vestes,Doudoune,M,1,119.9,0,119.9
13461,2025-10-11,C0622,Boutique,Pulls & sweats,Pull en laine,M,1,59.9,0,59.9
13461,2025-10-11,C0622,Boutique,Accessoires,Écharpe,Unique,1,24.9,0,24.9
13461,2025-10-11,C0622,Boutique,T-shirts,T-shirt basique,XS,1,19.9,0,19.9
13462,2025-10-11,C0025,En ligne,T-shirts,T-shirt basique,L,1,19.9,0,19.9
13463,2025-10-11,C0175,Boutique,T-shirts,T-shirt imprimé,XL,2,24.9,0,49.8
13464,2025-10-11,C0152,Boutique,Accessoires,Ceinture,Unique,1,29.9,0,29.9
13464,2025-10-11,C0152,Boutique,Pulls & sweats,Sweat à capuche,XL,1,49.9,0,49.9
13465,2025-10-11,C0018,Boutique,Accessoires,Écharpe,Unique,1,24.9,0,24.9
13465,2025-10-11,C0018,Boutique,Pantalons,Jogging,L,1,34.9,0,34.9
13465,2025-10-11,C0018,Boutique,Pantalons,Jean slim,S,1,54.9,0,54.9
13466,2025-10-11,C0203,Boutique,Vestes,Coupe-vent,M,1,64.9,0,64.9
13466,2025-10-11,C0203,Boutique,Chaussures,Bottines,42,1,109.9,0,109.9
13467,2025-10-11,C0070,Boutique,Pantalons,Jean droit,M,1,59.9,0,59.9
13467,2025-10-11,C0070,Boutique,Pulls & sweats,Pull en laine,XS,1,59.9,0,59.9
13468,2025-10-11,C0028,Boutique,Pulls & sweats,Sweat à capuche,L,1,49.9,0,49.9
13468,2025-10-11,C0028,Boutique,Accessoires,Sac banane,Unique,1,34.9,0,34.9
13469,2025-10-11,C0149,En ligne,Accessoires,Écharpe,Unique,1,24.9,0,24.9
13470,2025-10-11,C0297,Boutique,Accessoires,Sac banane,Unique,1,34.9,0,34.9
13471,2025-10-11,C0023,Boutique,Chaussures,Sneakers running,43,1,99.9,0,99.9
13471,2025-10-11,C0023,Boutique,Pantalons,Jean droit,L,1,59.9,0,59.9
13472,2025-10-11,C0174,Boutique,T-shirts,T-shirt imprimé,XL,1,24.9,0,24.9
13473,2025-10-11,C0796,Boutique,Pantalons,Jean slim,XL,1,54.9,0,54.9
13474,2025-10-11,C0281,En ligne,Pulls & sweats,Pull en laine,S,1,59.9,0,59.9
13474,2025-10-11,C0281,En ligne,Pantalons,Pantalon cargo,XS,1,49.9,0,49.9
13475,2025-10-11,C0055,Boutique,Vestes,Coupe-vent,S,1,64.9,0,64.9
13476,2025-10-13,C0105,Boutique,Vestes,Veste en jean,XS,1,79.9,0,79.9
13476,2025-10-13,C0105,Boutique,Pantalons,Pantalon cargo,L,1,49.9,0,49.9
13477,2025-10-13,C0812,Boutique,Pulls & sweats,Pull en laine,L,1,59.9,0,59.9
13478,2025-10-13,C0788,En ligne,T-shirts,T-shirt imprimé,M,2,24.9,0,49.8
13479,2025-10-13,C0843,En ligne,Pulls & sweats,Sweat col rond,XL,1,39.9,0,39.9
13480,2025-10-13,C0345,En ligne,Accessoires,Casquette,Unique,1,19.9,0,19.9
13480,2025-10-13,C0345,En ligne,Vestes,Veste en jean,M,1,79.9,0,79.9
13481,2025-10-13,C0089,Boutique,Chaussures,Baskets blanches,42,1,89.9,0,89.9
13481,2025-10-13,C0089,Boutique,Pantalons,Pantalon cargo,S,1,49.9,0,49.9
13481,2025-10-13,C0089,Boutique,Accessoires,Ceinture,Unique,1,29.9,0,29.9
13482,2025-10-13,C0752,Boutique,Pulls & sweats,Sweat à capuche,M,1,49.9,0,49.9
13482,2025-10-13,C0752,Boutique,Pantalons,Jean droit,S,1,59.9,0,59.9
13482,2025-10-13,C0752,Boutique,Pantalons,Jogging,L,1,34.9,0,34.9
13483,2025-10-13,C0041,Boutique,Accessoires,Bonnet,Unique,1,17.9,0,17.9
13484,2025-10-14,C0452,En ligne,Pantalons,Jean droit,L,1,59.9,0,59.9
13484,2025-10-14,C0452,En ligne,Vestes,Coupe-vent,L,1,64.9,0,64.9
13485,2025-10-14,C0841,En ligne,Pantalons,Pantalon cargo,M,2,49.9,0,99.8
13485,2025-10-14,C0841,En ligne,Chaussures,Bottines,40,2,109.9,0,219.8
13485,2025-10-14,C0841,En ligne,T-shirts,T-shirt imprimé,XL,1,24.9,0,24.9
13486,2025-10-14,C0014,Boutique,Pantalons,Jean droit,XS,2,59.9,0,119.8
13486,2025-10-14,C0014,Boutique,Pantalons,Pantalon cargo,M,1,49.9,0,49.9
13486,2025-10-14,C0014,Boutique,Pulls & sweats,Sweat à capuche,L,1,49.9,0,49.9
13487,2025-10-14,C0522,Boutique,Pantalons,Pantalon cargo,L,1,49.9,0,49.9
13488,2025-10-14,C0133,En ligne,T-shirts,T-shirt imprimé,S,1,24.9,0,24.9
13489,2025-10-14,C0067,En ligne,Pantalons,Jogging,L,1,34.9,0,34.9
13490,2025-10-14,C0189,Boutique,Vestes,Veste en jean,L,2,79.9,0,159.8
13491,2025-10-14,C0017,Boutique,Vestes,Coupe-vent,S,1,64.9,0,64.9
13492,2025-10-14,C0040,En ligne,Pulls & sweats,Sweat à capuche,S,1,49.9,0,49.9
13493,2025-10-14,C0009,En ligne,Pulls & sweats,Sweat à capuche,M,1,49.9,0,49.9
13494,2025-10-14,C0585,Boutique,Pantalons,Jean droit,S,1,59.9,0,59.9
13495,2025-10-14,C0046,Boutique,Chaussures,Baskets blanches,42,1,89.9,0,89.9
13495,2025-10-14,C0046,Boutique,Pulls & sweats,Sweat à capuche,L,1,49.9,0,49.9
13496,2025-10-14,C0777,Boutique,Pantalons,Jogging,M,1,34.9,0,34.9
13497,2025-10-14,C0380,Boutique,Pantalons,Jean slim,S,1,54.9,0,54.9
13498,2025-10-14,C0546,Boutique,Pantalons,Jean droit,M,1,59.9,0,59.9
13499,2025-10-14,C0036,Boutique,Pulls & sweats,Sweat col rond,XL,1,39.9,0,39.9
13500,2025-10-15,C0087,Boutique,Accessoires,Bonnet,Unique,1,17.9,0,17.9
13500,2025-10-15,C0087,Boutique,Pantalons,Jean slim,XL,1,54.9,0,54.9
13501,2025-10-15,C0798,Boutique,Pulls & sweats,Sweat col rond,M,1,39.9,0,39.9
13501,2025-10-15,C0798,Boutique,Pantalons,Pantalon cargo,M,1,49.9,0,49.9
13502,2025-10-15,C0109,Boutique,Pulls & sweats,Sweat col rond,S,1,39.9,0,39.9
13503,2025-10-15,C0036,Boutique,Chaussures,Sneakers running,39,1,99.9,0,99.9
13503,2025-10-15,C0036,Boutique,Vestes,Veste en jean,XL,1,79.9,0,79.9
13504,2025-10-15,C0041,Boutique,T-shirts,T-shirt basique,XL,1,19.9,0,19.9
13504,2025-10-15,C0041,Boutique,T-shirts,T-shirt imprimé,M,1,24.9,0,24.9
13505,2025-10-15,C0008,Boutique,Vestes,Veste en jean,L,1,79.9,0,79.9
13506,2025-10-15,C0274,En ligne,T-shirts,T-shirt oversize,L,1,29.9,0,29.9
13506,2025-10-15,C0274,En ligne,Pantalons,Jean droit,XL,1,59.9,0,59.9
13507,2025-10-15,C0103,En ligne,Chaussures,Bottines,44,1,109.9,0,109.9
13507,2025-10-15,C0103,En ligne,Vestes,Veste en jean,L,1,79.9,0,79.9
13507,2025-10-15,C0103,En ligne,Pulls & sweats,Sweat à capuche,L,2,49.9,0,99.8
13508,2025-10-15,C0014,Boutique,Pantalons,Jean slim,S,2,54.9,0,109.8
13509,2025-10-15,C0024,Boutique,Pantalons,Jogging,M,1,34.9,0,34.9
13509,2025-10-15,C0024,Boutique,Pulls & sweats,Pull en laine,M,1,59.9,0,59.9
13509,2025-10-15,C0024,Boutique,Chaussures,Bottines,42,1,109.9,0,109.9
13510,2025-10-15,C0034,Boutique,T-shirts,T-shirt basique,M,2,19.9,0,39.8
13511,2025-10-15,C0015,En ligne,Pantalons,Jean slim,L,1,54.9,0,54.9
13512,2025-10-15,C0097,En ligne,Pulls & sweats,Pull en laine,L,1,59.9,0,59.9
13513,2025-10-16,C0263,Boutique,T-shirts,T-shirt basique,XS,1,19.9,0,19.9
13513,2025-10-16,C0263,Boutique,Accessoires,Bonnet,Unique,1,17.9,0,17.9
13514,2025-10-16,C0060,Boutique,Chaussures,Sneakers running,41,1,99.9,0,99.9
13515,2025-10-16,C0588,En ligne,Pulls & sweats,Sweat col rond,XL,1,39.9,0,39.9
13516,2025-10-16,C0061,En ligne,Accessoires,Bonnet,Unique,1,17.9,0,17.9
13517,2025-10-16,C0034,Boutique,Accessoires,Casquette,Unique,1,19.9,0,19.9
13517,2025-10-16,C0034,Boutique,T-shirts,T-shirt imprimé,S,1,24.9,0,24.9
13518,2025-10-16,C0059,En ligne,Accessoires,Ceinture,Unique,1,29.9,0,29.9
13519,2025-10-16,C0159,Boutique,Vestes,Veste en jean,L,1,79.9,0,79.9
13520,2025-10-16,C0706,Boutique,Pulls & sweats,Sweat col rond,S,1,39.9,0,39.9
13521,2025-10-16,C0044,En ligne,T-shirts,T-shirt basique,XS,1,19.9,0,19.9
13521,2025-10-16,C0044,En ligne,T-shirts,T-shirt basique,M,1,19.9,0,19.9
13522,2025-10-17,C0055,Boutique,T-shirts,T-shirt basique,M,2,19.9,0,39.8
13523,2025-10-17,C0111,Boutique,Vestes,Doudoune,M,1,119.9,0,119.9
13523,2025-10-17,C0111,Boutique,Pulls & sweats,Pull en laine,M,1,59.9,0,59.9
13523,2025-10-17,C0111,Boutique,Pantalons,Jean slim,S,1,54.9,0,54.9
13524,2025-10-17,C0685,Boutique,Vestes,Veste en jean,M,1,79.9,0,79.9
13525,2025-10-17,C0547,En ligne,Pulls & sweats,Pull en laine,XL,1,59.9,0,59.9
13525,2025-10-17,C0547,En ligne,Pulls & sweats,Sweat à capuche,S,1,49.9,0,49.9
13526,2025-10-17,C0378,En ligne,Accessoires,Sac banane,Unique,1,34.9,0,34.9
13527,2025-10-17,C0033,En ligne,T-shirts,T-shirt oversize,S,1,29.9,0,29.9
13528,2025-10-17,C0008,Boutique,Chaussures,Sneakers running,44,1,99.9,0,99.9
13528,2025-10-17,C0008,Boutique,T-shirts,T-shirt oversize,XS,1,29.9,0,29.9
13528,2025-10-17,C0008,Boutique,Accessoires,Écharpe,Unique,1,24.9,0,24.9
13529,2025-10-17,C0682,Boutique,Accessoires,Ceinture,Unique,1,29.9,0,29.9
13530,2025-10-17,C0101,Boutique,T-shirts,T-shirt basique,L,1,19.9,0,19.9
13531,2025-10-17,C0495,En ligne,Pulls & sweats,Pull en laine,M,1,59.9,0,59.9
13531,2025-10-17,C0495,En ligne,T-shirts,T-shirt imprimé,XS,1,24.9,0,24.9
13532,2025-10-17,C0396,Boutique,Accessoires,Ceinture,Unique,1,29.9,0,29.9
13532,2025-10-17,C0396,Boutique,Pantalons,Jogging,M,1,34.9,0,34.9
13533,2025-10-17,C0060,Boutique,Accessoires,Sac banane,Unique,1,34.9,0,34.9
13533,2025-10-17,C0060,Boutique,Vestes,Veste en jean,M,1,79.9,0,79.9
13534,2025-10-17,C0144,En ligne,Pulls & sweats,Pull en laine,M,1,59.9,0,59.9
13534,2025-10-17,C0144,En ligne,Accessoires,Écharpe,Unique,1,24.9,0,24.9
13535,2025-10-18,C0062,Boutique,Accessoires,Bonnet,Unique,1,17.9,0,17.9
13535,2025-10-18,C0062,Boutique,Vestes,Veste en jean,M,1,79.9,0,79.9
13535,2025-10-18,C0062,Boutique,T-shirts,T-shirt basique,XL,1,19.9,0,19.9
13536,2025-10-18,C0724,Boutique,Chaussures,Baskets blanches,41,1,89.9,0,89.9
13537,2025-10-18,C0106,En ligne,Chaussures,Sneakers running,44,1,99.9,0,99.9
13537,2025-10-18,C0106,En ligne,Vestes,Coupe-vent,S,2,64.9,0,129.8
13538,2025-10-18,C0020,Boutique,T-shirts,T-shirt basique,L,1,19.9,0,19.9
13539,2025-10-18,C0271,Boutique,Pulls & sweats,Pull en laine,L,1,59.9,0,59.9
13539,2025-10-18,C0271,Boutique,Pulls & sweats,Sweat col rond,M,1,39.9,0,39.9
13540,2025-10-18,C0119,En ligne,Chaussures,Bottines,41,1,109.9,0,109.9
13540,2025-10-18,C0119,En ligne,Vestes,Coupe-vent,M,1,64.9,0,64.9
13541,2025-10-18,C0030,En ligne,Vestes,Doudoune,M,1,119.9,0,119.9
13542,2025-10-18,C0111,Boutique,Pulls & sweats,Pull en laine,L,1,59.9,0,59.9
13543,2025-10-18,C0785,Boutique,Pulls & sweats,Pull en laine,M,1,59.9,0,59.9
13543,2025-10-18,C0785,Boutique,T-shirts,T-shirt oversize,M,1,29.9,0,29.9
13543,2025-10-18,C0785,Boutique,Accessoires,Casquette,Unique,1,19.9,0,19.9
13544,2025-10-18,C0725,Boutique,Chaussures,Baskets blanches,44,1,89.9,0,89.9
13545,2025-10-18,C0082,Boutique,Accessoires,Sac banane,Unique,2,34.9,0,69.8
13546,2025-10-18,C0453,Boutique,Pantalons,Pantalon cargo,L,1,49.9,0,49.9
13546,2025-10-18,C0453,Boutique,Pulls & sweats,Pull en laine,L,1,59.9,0,59.9
13547,2025-10-18,C0468,En ligne,Chaussures,Sneakers running,43,2,99.9,0,199.8
13547,2025-10-18,C0468,En ligne,Pantalons,Jean droit,XL,1,59.9,0,59.9
13548,2025-10-18,C0002,En ligne,Pantalons,Jean droit,S,1,59.9,0,59.9
13549,2025-10-18,C0258,Boutique,Pulls & sweats,Sweat col rond,M,1,39.9,0,39.9
13549,2025-10-18,C0258,Boutique,Chaussures,Bottines,42,1,109.9,0,109.9
13550,2025-10-18,C0116,Boutique,Accessoires,Écharpe,Unique,1,24.9,0,24.9
13551,2025-10-18,C0573,En ligne,Pulls & sweats,Sweat col rond,XL,1,39.9,0,39.9
13552,2025-10-18,C0080,En ligne,Pantalons,Jean droit,S,1,59.9,0,59.9
13553,2025-10-18,C0198,Boutique,T-shirts,T-shirt imprimé,XS,1,24.9,0,24.9
13554,2025-10-18,C0164,Boutique,Accessoires,Écharpe,Unique,1,24.9,0,24.9
13555,2025-10-18,C0714,En ligne,Pantalons,Jean slim,XS,1,54.9,0,54.9
13556,2025-10-20,C0490,En ligne,Chaussures,Sneakers running,41,1,99.9,0,99.9
13557,2025-10-20,C0032,Boutique,Pulls & sweats,Pull en laine,S,1,59.9,0,59.9
13557,2025-10-20,C0032,Boutique,Pulls & sweats,Pull en laine,XL,1,59.9,0,59.9
13558,2025-10-20,C0529,Boutique,T-shirts,T-shirt imprimé,L,1,24.9,0,24.9
13558,2025-10-20,C0529,Boutique,T-shirts,T-shirt basique,XL,1,19.9,0,19.9
13558,2025-10-20,C0529,Boutique,Pantalons,Jean slim,L,1,54.9,0,54.9
13559,2025-10-20,C0290,Boutique,T-shirts,T-shirt oversize,XL,1,29.9,0,29.9
13560,2025-10-20,C0049,Boutique,Pantalons,Pantalon cargo,L,1,49.9,0,49.9
13560,2025-10-20,C0049,Boutique,Pulls & sweats,Sweat col rond,XL,1,39.9,0,39.9
13561,2025-10-20,C0044,Boutique,Pulls & sweats,Pull en laine,XL,1,59.9,0,59.9
13562,2025-10-20,C0032,Boutique,Vestes,Doudoune,M,1,119.9,0,119.9
13562,2025-10-20,C0032,Boutique,Accessoires,Casquette,Unique,1,19.9,0,19.9
13563,2025-10-20,C0099,Boutique,Accessoires,Bonnet,Unique,1,17.9,0,17.9
13564,2025-10-20,C0085,Boutique,Accessoires,Écharpe,Unique,2,24.9,0,49.8
13565,2025-10-20,C0063,Boutique,T-shirts,T-shirt imprimé,S,1,24.9,0,24.9
13566,2025-10-20,C0294,En ligne,Accessoires,Ceinture,Unique,1,29.9,0,29.9
13566,2025-10-20,C0294,En ligne,Accessoires,Ceinture,Unique,1,29.9,0,29.9
13567,2025-10-20,C0689,Boutique,Pantalons,Pantalon cargo,M,1,49.9,0,49.9
13568,2025-10-20,C0770,En ligne,Accessoires,Ceinture,Unique,1,29.9,0,29.9
13569,2025-10-20,C0055,En ligne,Pantalons,Jean droit,M,1,59.9,0,59.9
13570,2025-10-20,C0325,En ligne,T-shirts,T-shirt basique,S,1,19.9,0,19.9
13571,2025-10-20,C0442,Boutique,Vestes,Coupe-vent,XL,2,64.9,0,129.8
13572,2025-10-21,C0032,Boutique,T-shirts,T-shirt imprimé,XS,1,24.9,0,24.9
13573,2025-10-21,C0206,Boutique,Pantalons,Jogging,L,1,34.9,0,34.9
13574,2025-10-21,C0056,Boutique,T-shirts,T-shirt basique,L,1,19.9,0,19.9
13574,2025-10-21,C0056,Boutique,Accessoires,Bonnet,Unique,1,17.9,0,17.9
13574,2025-10-21,C0056,Boutique,Accessoires,Bonnet,Unique,1,17.9,0,17.9
13575,2025-10-21,C0044,Boutique,Pulls & sweats,Pull en laine,XL,2,59.9,0,119.8
13576,2025-10-21,C0032,En ligne,Pulls & sweats,Sweat col rond,M,1,39.9,0,39.9
13577,2025-10-21,C0118,Boutique,Pulls & sweats,Pull en laine,M,1,59.9,0,59.9
13578,2025-10-21,C0070,Boutique,Accessoires,Écharpe,Unique,2,24.9,0,49.8
13578,2025-10-21,C0070,Boutique,Accessoires,Bonnet,Unique,1,17.9,0,17.9
13579,2025-10-21,C0715,Boutique,Accessoires,Écharpe,Unique,1,24.9,0,24.9
13580,2025-10-21,C0252,Boutique,Vestes,Doudoune,M,1,119.9,0,119.9
13581,2025-10-21,C0549,En ligne,Vestes,Veste en jean,L,2,79.9,0,159.8
13581,2025-10-21,C0549,En ligne,Accessoires,Casquette,Unique,1,19.9,0,19.9
13582,2025-10-21,C0437,En ligne,Accessoires,Casquette,Unique,1,19.9,0,19.9
13583,2025-10-21,C0254,Boutique,T-shirts,T-shirt imprimé,XS,1,24.9,0,24.9
13584,2025-10-21,C0500,Boutique,Pulls & sweats,Pull en laine,S,1,59.9,0,59.9
13584,2025-10-21,C0500,Boutique,Chaussures,Bottines,44,1,109.9,0,109.9
13585,2025-10-21,C0191,Boutique,Accessoires,Ceinture,Unique,1,29.9,0,29.9
13585,2025-10-21,C0191,Boutique,Accessoires,Écharpe,Unique,1,24.9,0,24.9
13585,2025-10-21,C0191,Boutique,Pulls & sweats,Sweat col rond,S,1,39.9,0,39.9
13586,2025-10-21,C0098,Boutique,T-shirts,T-shirt basique,M,1,19.9,0,19.9
13587,2025-10-21,C0009,En ligne,Vestes,Coupe-vent,M,1,64.9,0,64.9
13587,2025-10-21,C0009,En ligne,Chaussures,Sneakers running,39,1,99.9,0,99.9
13588,2025-10-22,C0591,Boutique,Pantalons,Jean droit,M,1,59.9,0,59.9
13588,2025-10-22,C0591,Boutique,T-shirts,T-shirt imprimé,S,1,24.9,0,24.9
13589,2025-10-22,C0142,Boutique,Chaussures,Sneakers running,41,1,99.9,0,99.9
13590,2025-10-22,C0815,Boutique,Accessoires,Écharpe,Unique,1,24.9,0,24.9
13591,2025-10-22,C0666,Boutique,Pulls & sweats,Pull en laine,L,1,59.9,0,59.9
13592,2025-10-22,C0102,Boutique,Pulls & sweats,Pull en laine,M,1,59.9,0,59.9
13592,2025-10-22,C0102,Boutique,Chaussures,Sneakers running,42,2,99.9,0,199.8
13593,2025-10-22,C0837,Boutique,Pantalons,Pantalon cargo,M,1,49.9,0,49.9
13594,2025-10-22,C0129,En ligne,Accessoires,Bonnet,Unique,1,17.9,0,17.9
13594,2025-10-22,C0129,En ligne,Pulls & sweats,Pull en laine,XS,2,59.9,0,119.8
13595,2025-10-22,C0037,Boutique,Pantalons,Jean droit,M,1,59.9,0,59.9
13596,2025-10-22,C0480,Boutique,T-shirts,T-shirt basique,L,1,19.9,0,19.9
13596,2025-10-22,C0480,Boutique,Pantalons,Jean slim,M,1,54.9,0,54.9
13597,2025-10-22,C0550,Boutique,Vestes,Veste en jean,S,1,79.9,0,79.9
13597,2025-10-22,C0550,Boutique,T-shirts,T-shirt imprimé,M,1,24.9,0,24.9
13598,2025-10-22,C0208,Boutique,Accessoires,Casquette,Unique,1,19.9,0,19.9
13599,2025-10-22,C0012,Boutique,Vestes,Doudoune,XS,1,119.9,0,119.9
13600,2025-10-22,C0118,En ligne,Pulls & sweats,Sweat à capuche,S,1,49.9,0,49.9
13600,2025-10-22,C0118,En ligne,Pantalons,Pantalon cargo,M,1,49.9,0,49.9
13601,2025-10-23,C0038,Boutique,T-shirts,T-shirt basique,M,1,19.9,0,19.9
13602,2025-10-23,C0260,Boutique,Pantalons,Pantalon cargo,M,1,49.9,0,49.9
13602,2025-10-23,C0260,Boutique,Vestes,Coupe-vent,M,1,64.9,0,64.9
13603,2025-10-23,C0092,Boutique,Accessoires,Ceinture,Unique,2,29.9,0,59.8
13604,2025-10-23,C0898,En ligne,Accessoires,Sac banane,Unique,1,34.9,0,34.9
13604,2025-10-23,C0898,En ligne,Vestes,Coupe-vent,M,2,64.9,0,129.8
13604,2025-10-23,C0898,En ligne,Vestes,Doudoune,M,1,119.9,0,119.9
13605,2025-10-23,C0088,Boutique,T-shirts,T-shirt oversize,XL,1,29.9,0,29.9
13606,2025-10-23,C0753,Boutique,Pantalons,Pantalon cargo,M,1,49.9,0,49.9
13607,2025-10-23,C0607,En ligne,Vestes,Coupe-vent,M,1,64.9,0,64.9
13607,2025-10-23,C0607,En ligne,Accessoires,Casquette,Unique,1,19.9,0,19.9
13608,2025-10-23,C0196,Boutique,Accessoires,Casquette,Unique,1,19.9,0,19.9
13609,2025-10-23,C0135,Boutique,Accessoires,Casquette,Unique,1,19.9,0,19.9
13609,2025-10-23,C0135,Boutique,T-shirts,T-shirt oversize,L,1,29.9,0,29.9
13609,2025-10-23,C0135,Boutique,Vestes,Doudoune,S,1,119.9,0,119.9
13610,2025-10-23,C0466,En ligne,T-shirts,T-shirt imprimé,M,1,24.9,0,24.9
13610,2025-10-23,C0466,En ligne,Vestes,Veste en jean,M,1,79.9,0,79.9
13610,2025-10-23,C0466,En ligne,Accessoires,Écharpe,Unique,1,24.9,0,24.9
13611,2025-10-23,C0005,En ligne,Pantalons,Jean droit,XL,1,59.9,0,59.9
13612,2025-10-23,C0067,En ligne,T-shirts,T-shirt basique,L,1,19.9,0,19.9
13613,2025-10-23,C0036,En ligne,Pantalons,Pantalon cargo,M,2,49.9,0,99.8
13614,2025-10-24,C0164,En ligne,Pantalons,Jean droit,M,1,59.9,0,59.9
13614,2025-10-24,C0164,En ligne,Pantalons,Pantalon cargo,XL,1,49.9,0,49.9
13615,2025-10-24,C0756,Boutique,Pantalons,Jogging,S,1,34.9,0,34.9
13615,2025-10-24,C0756,Boutique,T-shirts,T-shirt basique,XL,1,19.9,0,19.9
13615,2025-10-24,C0756,Boutique,T-shirts,T-shirt imprimé,M,1,24.9,0,24.9
13616,2025-10-24,C0043,Boutique,Accessoires,Ceinture,Unique,1,29.9,0,29.9
13617,2025-10-24,C0502,Boutique,Pantalons,Jean slim,M,1,54.9,0,54.9
13618,2025-10-24,C0231,Boutique,Accessoires,Écharpe,Unique,1,24.9,0,24.9
13619,2025-10-24,C0117,Boutique,Pulls & sweats,Sweat col rond,S,1,39.9,0,39.9
13620,2025-10-24,C0763,Boutique,T-shirts,T-shirt oversize,S,1,29.9,0,29.9
13620,2025-10-24,C0763,Boutique,T-shirts,T-shirt basique,S,2,19.9,0,39.8
13621,2025-10-24,C0851,Boutique,Vestes,Veste en jean,M,1,79.9,0,79.9
13621,2025-10-24,C0851,Boutique,Chaussures,Sneakers running,41,1,99.9,0,99.9
13622,2025-10-24,C0295,Boutique,Pulls & sweats,Sweat col rond,S,1,39.9,0,39.9
13623,2025-10-24,C0886,En ligne,T-shirts,T-shirt oversize,XL,1,29.9,0,29.9
13624,2025-10-24,C0032,Boutique,Pulls & sweats,Sweat col rond,XL,2,39.9,0,79.8
13624,2025-10-24,C0032,Boutique,Accessoires,Casquette,Unique,1,19.9,0,19.9
13625,2025-10-24,C0087,En ligne,Accessoires,Ceinture,Unique,2,29.9,0,59.8
13626,2025-10-25,C0334,Boutique,Chaussures,Bottines,41,1,109.9,0,109.9
13627,2025-10-25,C0402,En ligne,Accessoires,Sac banane,Unique,1,34.9,0,34.9
13628,2025-10-25,C0096,En ligne,Chaussures,Sneakers running,39,1,99.9,0,99.9
13629,2025-10-25,C0154,En ligne,Pantalons,Jean droit,M,1,59.9,0,59.9
13629,2025-10-25,C0154,En ligne,T-shirts,T-shirt oversize,XL,1,29.9,0,29.9
13630,2025-10-25,C0559,Boutique,T-shirts,T-shirt basique,L,1,19.9,0,19.9
13631,2025-10-25,C0002,En ligne,T-shirts,T-shirt imprimé,XL,1,24.9,0,24.9
13632,2025-10-25,C0094,Boutique,Pantalons,Jogging,S,2,34.9,0,69.8
13632,2025-10-25,C0094,Boutique,Pulls & sweats,Pull en laine,S,1,59.9,0,59.9
13633,2025-10-25,C0474,Boutique,Pulls & sweats,Pull en laine,S,1,59.9,0,59.9
13634,2025-10-25,C0840,Boutique,Accessoires,Ceinture,Unique,2,29.9,0,59.8
13634,2025-10-25,C0840,Boutique,Pantalons,Jean slim,L,1,54.9,0,54.9
13635,2025-10-25,C0341,En ligne,Pulls & sweats,Sweat à capuche,M,1,49.9,0,49.9
13636,2025-10-25,C0094,Boutique,Vestes,Veste en jean,L,1,79.9,0,79.9
13637,2025-10-25,C0075,Boutique,T-shirts,T-shirt oversize,XL,2,29.9,0,59.8
13637,2025-10-25,C0075,Boutique,Pulls & sweats,Sweat à capuche,M,1,49.9,0,49.9
13638,2025-10-25,C0108,Boutique,Pulls & sweats,Sweat à capuche,M,1,49.9,0,49.9
13639,2025-10-25,C0114,En ligne,Pulls & sweats,Pull en laine,M,1,59.9,0,59.9
13640,2025-10-25,C0093,En ligne,Pulls & sweats,Pull en laine,S,1,59.9,0,59.9
13640,2025-10-25,C0093,En ligne,Pulls & sweats,Pull en laine,XS,1,59.9,0,59.9
13641,2025-10-25,C0484,En ligne,Chaussures,Baskets blanches,43,1,89.9,0,89.9
13642,2025-10-25,C0003,Boutique,Vestes,Doudoune,XL,1,119.9,0,119.9
13643,2025-10-25,C0020,En ligne,T-shirts,T-shirt oversize,L,2,29.9,0,59.8
13643,2025-10-25,C0020,En ligne,Accessoires,Sac banane,Unique,1,34.9,0,34.9
13644,2025-10-25,C0034,En ligne,Vestes,Coupe-vent,M,1,64.9,0,64.9
13644,2025-10-25,C0034,En ligne,Vestes,Coupe-vent,XL,1,64.9,0,64.9
13645,2025-10-25,C0673,En ligne,Pantalons,Jean slim,XL,1,54.9,0,54.9
13646,2025-10-25,C0319,Boutique,Pulls & sweats,Sweat col rond,M,1,39.9,0,39.9
13647,2025-10-25,C0701,Boutique,Vestes,Veste en jean,M,1,79.9,0,79.9
13647,2025-10-25,C0701,Boutique,T-shirts,T-shirt oversize,XL,1,29.9,0,29.9
13648,2025-10-27,C0343,Boutique,Vestes,Doudoune,M,1,119.9,0,119.9
13649,2025-10-27,C0216,Boutique,Pulls & sweats,Sweat col rond,M,1,39.9,0,39.9
13649,2025-10-27,C0216,Boutique,Vestes,Veste en jean,XL,1,79.9,0,79.9
13650,2025-10-27,C0840,Boutique,Pantalons,Jean slim,S,1,54.9,0,54.9
13650,2025-10-27,C0840,Boutique,T-shirts,T-shirt oversize,S,1,29.9,0,29.9
13651,2025-10-27,C0113,Boutique,T-shirts,T-shirt imprimé,XL,1,24.9,0,24.9
13652,2025-10-27,C0762,Boutique,Accessoires,Sac banane,Unique,1,34.9,0,34.9
13653,2025-10-27,C0563,Boutique,Pantalons,Jogging,M,2,34.9,0,69.8
13653,2025-10-27,C0563,Boutique,T-shirts,T-shirt imprimé,XL,1,24.9,0,24.9
13654,2025-10-27,C0773,En ligne,Chaussures,Sneakers running,41,2,99.9,0,199.8
13654,2025-10-27,C0773,En ligne,T-shirts,T-shirt imprimé,M,1,24.9,0,24.9
13654,2025-10-27,C0773,En ligne,Accessoires,Bonnet,Unique,1,17.9,0,17.9
13655,2025-10-27,C0109,Boutique,Chaussures,Baskets blanches,43,2,89.9,0,179.8
13656,2025-10-27,C0004,En ligne,T-shirts,T-shirt imprimé,XS,1,24.9,0,24.9
13657,2025-10-27,C0107,Boutique,Accessoires,Sac banane,Unique,2,34.9,0,69.8
13658,2025-10-27,C0079,Boutique,Chaussures,Baskets blanches,39,1,89.9,0,89.9
13659,2025-10-27,C0028,En ligne,T-shirts,T-shirt basique,S,1,19.9,0,19.9
13659,2025-10-27,C0028,En ligne,T-shirts,T-shirt basique,XL,1,19.9,0,19.9
13660,2025-10-27,C0106,Boutique,Pulls & sweats,Sweat à capuche,XS,1,49.9,0,49.9
13660,2025-10-27,C0106,Boutique,Pantalons,Jean slim,XS,1,54.9,0,54.9
13661,2025-10-27,C0071,Boutique,T-shirts,T-shirt basique,M,1,19.9,0,19.9
13662,2025-10-27,C0109,Boutique,Chaussures,Bottines,42,1,109.9,0,109.9
13663,2025-10-27,C0715,Boutique,T-shirts,T-shirt basique,L,1,19.9,0,19.9
13664,2025-10-28,C0890,Boutique,Pulls & sweats,Sweat à capuche,L,2,49.9,0,99.8
13664,2025-10-28,C0890,Boutique,Pantalons,Pantalon cargo,L,2,49.9,0,99.8
13664,2025-10-28,C0890,Boutique,Pantalons,Jogging,XL,1,34.9,0,34.9
13665,2025-10-28,C0093,Boutique,T-shirts,T-shirt imprimé,XS,2,24.9,0,49.8
13666,2025-10-28,C0566,Boutique,T-shirts,T-shirt basique,L,2,19.9,0,39.8
13667,2025-10-28,C0080,En ligne,Chaussures,Baskets blanches,43,2,89.9,0,179.8
13667,2025-10-28,C0080,En ligne,Accessoires,Bonnet,Unique,1,17.9,0,17.9
13667,2025-10-28,C0080,En ligne,Chaussures,Sneakers running,40,1,99.9,0,99.9
13668,2025-10-28,C0049,Boutique,Pulls & sweats,Sweat col rond,S,2,39.9,0,79.8
13669,2025-10-28,C0010,Boutique,Chaussures,Bottines,42,1,109.9,0,109.9
13670,2025-10-28,C0047,En ligne,Accessoires,Casquette,Unique,1,19.9,0,19.9
13670,2025-10-28,C0047,En ligne,T-shirts,T-shirt imprimé,L,1,24.9,0,24.9
13671,2025-10-28,C0116,Boutique,Pulls & sweats,Sweat col rond,L,1,39.9,0,39.9
13672,2025-10-28,C0058,Boutique,Pantalons,Jogging,L,1,34.9,0,34.9
13673,2025-10-28,C0139,Boutique,Pulls & sweats,Pull en laine,M,1,59.9,0,59.9
13674,2025-10-28,C0022,Boutique,T-shirts,T-shirt basique,M,1,19.9,0,19.9
13675,2025-10-28,C0088,Boutique,Pulls & sweats,Sweat à capuche,L,1,49.9,0,49.9
13675,2025-10-28,C0088,Boutique,Pulls & sweats,Sweat à capuche,M,1,49.9,0,49.9
13675,2025-10-28,C0088,Boutique,Chaussures,Baskets blanches,39,1,89.9,0,89.9
13676,2025-10-28,C0815,Boutique,Pantalons,Jean droit,M,1,59.9,0,59.9
13677,2025-10-28,C0064,En ligne,Pulls & sweats,Pull en laine,XS,1,59.9,0,59.9
13678,2025-10-28,C0084,Boutique,Vestes,Veste en jean,S,1,79.9,0,79.9
13678,2025-10-28,C0084,Boutique,T-shirts,T-shirt oversize,M,1,29.9,0,29.9
13678,2025-10-28,C0084,Boutique,Accessoires,Casquette,Unique,1,19.9,0,19.9
13679,2025-10-29,C0022,Boutique,Pantalons,Jean droit,M,1,59.9,0,59.9
13680,2025-10-29,C0089,Boutique,T-shirts,T-shirt basique,S,1,19.9,0,19.9
13681,2025-10-29,C0262,En ligne,Accessoires,Sac banane,Unique,1,34.9,0,34.9
13681,2025-10-29,C0262,En ligne,Accessoires,Sac banane,Unique,1,34.9,0,34.9
13682,2025-10-29,C0039,En ligne,T-shirts,T-shirt imprimé,L,1,24.9,0,24.9
13683,2025-10-29,C0487,Boutique,Pantalons,Jogging,M,1,34.9,0,34.9
13683,2025-10-29,C0487,Boutique,Accessoires,Ceinture,Unique,1,29.9,0,29.9
13684,2025-10-29,C0570,Boutique,Vestes,Doudoune,L,2,119.9,0,239.8
13685,2025-10-29,C0008,Boutique,T-shirts,T-shirt oversize,L,1,29.9,0,29.9
13685,2025-10-29,C0008,Boutique,Accessoires,Sac banane,Unique,2,34.9,0,69.8
13686,2025-10-29,C0592,En ligne,Accessoires,Écharpe,Unique,1,24.9,0,24.9
13687,2025-10-29,C0053,Boutique,Pantalons,Jogging,M,2,34.9,0,69.8
13687,2025-10-29,C0053,Boutique,Pulls & sweats,Pull en laine,L,1,59.9,0,59.9
13688,2025-10-29,C0005,Boutique,Pantalons,Pantalon cargo,XL,1,49.9,0,49.9
13688,2025-10-29,C0005,Boutique,Pantalons,Jogging,XS,1,34.9,0,34.9
13689,2025-10-29,C0682,En ligne,Chaussures,Bottines,41,2,109.9,0,219.8
13690,2025-10-29,C0895,En ligne,T-shirts,T-shirt basique,XS,1,19.9,0,19.9
13691,2025-10-29,C0652,Boutique,Pantalons,Jogging,M,1,34.9,0,34.9
13691,2025-10-29,C0652,Boutique,Pantalons,Jean droit,XL,2,59.9,0,119.8
13692,2025-10-30,C0081,Boutique,Accessoires,Casquette,Unique,1,19.9,0,19.9
13692,2025-10-30,C0081,Boutique,Accessoires,Casquette,Unique,2,19.9,0,39.8
13693,2025-10-30,C0590,Boutique,T-shirts,T-shirt oversize,M,1,29.9,0,29.9
13693,2025-10-30,C0590,Boutique,Pulls & sweats,Sweat col rond,S,1,39.9,0,39.9
13694,2025-10-30,C0600,Boutique,Chaussures,Sneakers running,44,1,99.9,0,99.9
13695,2025-10-30,C0010,Boutique,Vestes,Veste en jean,XL,1,79.9,0,79.9
13696,2025-10-30,C0342,Boutique,Accessoires,Écharpe,Unique,2,24.9,0,49.8
13696,2025-10-30,C0342,Boutique,Accessoires,Bonnet,Unique,1,17.9,0,17.9
13697,2025-10-30,C0055,En ligne,T-shirts,T-shirt imprimé,S,1,24.9,0,24.9
13698,2025-10-30,C0089,En ligne,Accessoires,Bonnet,Unique,2,17.9,0,35.8
13698,2025-10-30,C0089,En ligne,Pantalons,Jogging,L,1,34.9,0,34.9
13699,2025-10-30,C0187,Boutique,Pantalons,Pantalon cargo,M,1,49.9,0,49.9
13700,2025-10-31,C0121,Boutique,Accessoires,Bonnet,Unique,1,17.9,0,17.9
13700,2025-10-31,C0121,Boutique,Pulls & sweats,Sweat à capuche,S,1,49.9,0,49.9
13701,2025-10-31,C0114,Boutique,Vestes,Veste en jean,S,1,79.9,0,79.9
13702,2025-10-31,C0647,Boutique,T-shirts,T-shirt oversize,M,1,29.9,0,29.9
13702,2025-10-31,C0647,Boutique,Pantalons,Pantalon cargo,L,1,49.9,0,49.9
13703,2025-10-31,C0117,Boutique,Vestes,Doudoune,L,2,119.9,0,239.8
13703,2025-10-31,C0117,Boutique,Pulls & sweats,Sweat col rond,M,1,39.9,0,39.9
13704,2025-10-31,C0260,Boutique,Pulls & sweats,Sweat col rond,XL,1,39.9,0,39.9
13705,2025-10-31,C0083,Boutique,Pulls & sweats,Sweat à capuche,M,1,49.9,0,49.9
13706,2025-10-31,C0048,Boutique,Accessoires,Bonnet,Unique,2,17.9,0,35.8
13706,2025-10-31,C0048,Boutique,Pantalons,Jean droit,XL,2,59.9,0,119.8
13707,2025-10-31,C0060,Boutique,Pulls & sweats,Sweat col rond,XS,1,39.9,0,39.9
13708,2025-10-31,C0094,En ligne,Pulls & sweats,Sweat à capuche,M,1,49.9,0,49.9
13709,2025-11-01,C0316,En ligne,Accessoires,Casquette,Unique,2,19.9,0,39.8
13710,2025-11-01,C0014,Boutique,Vestes,Doudoune,M,1,119.9,0,119.9
13710,2025-11-01,C0014,Boutique,Accessoires,Ceinture,Unique,1,29.9,0,29.9
13711,2025-11-01,C0317,Boutique,T-shirts,T-shirt basique,M,1,19.9,0,19.9
13711,2025-11-01,C0317,Boutique,Accessoires,Casquette,Unique,1,19.9,0,19.9
13712,2025-11-01,C0010,Boutique,T-shirts,T-shirt oversize,S,1,29.9,0,29.9
13713,2025-11-01,C0001,En ligne,T-shirts,T-shirt basique,S,1,19.9,0,19.9
13713,2025-11-01,C0001,En ligne,T-shirts,T-shirt imprimé,XL,1,24.9,0,24.9
13713,2025-11-01,C0001,En ligne,Vestes,Veste en jean,XL,1,79.9,0,79.9
13714,2025-11-01,C0233,Boutique,T-shirts,T-shirt oversize,XS,1,29.9,0,29.9
13715,2025-11-01,C0632,Boutique,T-shirts,T-shirt imprimé,L,1,24.9,0,24.9
13716,2025-11-01,C0834,Boutique,Pantalons,Pantalon cargo,XL,1,49.9,0,49.9
13716,2025-11-01,C0834,Boutique,Vestes,Veste en jean,L,1,79.9,0,79.9
13716,2025-11-01,C0834,Boutique,T-shirts,T-shirt imprimé,M,1,24.9,0,24.9
13717,2025-11-01,C0174,En ligne,Accessoires,Casquette,Unique,1,19.9,0,19.9
13717,2025-11-01,C0174,En ligne,Pulls & sweats,Pull en laine,L,1,59.9,0,59.9
13718,2025-11-01,C0758,Boutique,Pulls & sweats,Pull en laine,L,1,59.9,0,59.9
13718,2025-11-01,C0758,Boutique,Pulls & sweats,Pull en laine,M,1,59.9,0,59.9
13719,2025-11-01,C0030,En ligne,Pantalons,Jogging,M,1,34.9,0,34.9
13720,2025-11-01,C0852,En ligne,T-shirts,T-shirt imprimé,S,1,24.9,0,24.9
13721,2025-11-01,C0028,Boutique,Pantalons,Pantalon cargo,S,1,49.9,0,49.9
13721,2025-11-01,C0028,Boutique,Accessoires,Sac banane,Unique,1,34.9,0,34.9
13722,2025-11-01,C0104,Boutique,T-shirts,T-shirt imprimé,L,1,24.9,0,24.9
13723,2025-11-01,C0393,Boutique,Vestes,Doudoune,L,1,119.9,0,119.9
13724,2025-11-01,C0403,En ligne,Accessoires,Bonnet,Unique,1,17.9,0,17.9
13725,2025-11-01,C0038,En ligne,T-shirts,T-shirt imprimé,S,1,24.9,0,24.9
13726,2025-11-01,C0003,Boutique,Pulls & sweats,Sweat col rond,M,1,39.9,0,39.9
13727,2025-11-01,C0622,Boutique,Pulls & sweats,Pull en laine,S,1,59.9,0,59.9
13728,2025-11-01,C0099,Boutique,Vestes,Doudoune,L,1,119.9,0,119.9
13728,2025-11-01,C0099,Boutique,Pantalons,Pantalon cargo,M,1,49.9,0,49.9
13729,2025-11-01,C0498,Boutique,Accessoires,Écharpe,Unique,1,24.9,0,24.9
13730,2025-11-03,C0043,Boutique,Accessoires,Ceinture,Unique,1,29.9,0,29.9
13730,2025-11-03,C0043,Boutique,Vestes,Coupe-vent,L,1,64.9,0,64.9
13731,2025-11-03,C0792,En ligne,Pantalons,Jean droit,M,1,59.9,0,59.9
13732,2025-11-03,C0439,Boutique,Chaussures,Bottines,44,1,109.9,0,109.9
13733,2025-11-03,C0578,Boutique,Accessoires,Sac banane,Unique,1,34.9,0,34.9
13734,2025-11-03,C0001,En ligne,T-shirts,T-shirt oversize,XL,1,29.9,0,29.9
13735,2025-11-03,C0054,Boutique,Accessoires,Bonnet,Unique,1,17.9,0,17.9
13736,2025-11-03,C0071,Boutique,Accessoires,Ceinture,Unique,1,29.9,0,29.9
13737,2025-11-03,C0021,Boutique,Pulls & sweats,Sweat col rond,S,1,39.9,0,39.9
13738,2025-11-03,C0066,Boutique,Chaussures,Baskets blanches,42,1,89.9,0,89.9
13739,2025-11-03,C0068,Boutique,Pulls & sweats,Sweat à capuche,L,1,49.9,0,49.9
13740,2025-11-03,C0618,Boutique,Pulls & sweats,Sweat col rond,S,1,39.9,0,39.9
13741,2025-11-03,C0068,Boutique,Accessoires,Casquette,Unique,2,19.9,0,39.8
13741,2025-11-03,C0068,Boutique,Pulls & sweats,Sweat col rond,S,1,39.9,0,39.9
13742,2025-11-03,C0383,En ligne,Vestes,Doudoune,L,1,119.9,0,119.9
13743,2025-11-03,C0681,En ligne,Vestes,Doudoune,M,1,119.9,0,119.9
13744,2025-11-03,C0050,Boutique,T-shirts,T-shirt oversize,M,1,29.9,0,29.9
13744,2025-11-03,C0050,Boutique,Chaussures,Sneakers running,42,2,99.9,0,199.8
13745,2025-11-03,C0802,Boutique,Pantalons,Jogging,M,1,34.9,0,34.9
13746,2025-11-03,C0080,Boutique,Accessoires,Sac banane,Unique,1,34.9,0,34.9
13747,2025-11-03,C0111,Boutique,Chaussures,Sneakers running,39,1,99.9,0,99.9
13748,2025-11-03,C0080,En ligne,Pulls & sweats,Sweat à capuche,L,1,49.9,0,49.9
13749,2025-11-03,C0089,En ligne,Accessoires,Bonnet,Unique,1,17.9,0,17.9
13749,2025-11-03,C0089,En ligne,Chaussures,Baskets blanches,44,1,89.9,0,89.9
13750,2025-11-03,C0345,Boutique,T-shirts,T-shirt imprimé,M,1,24.9,0,24.9
13751,2025-11-04,C0433,En ligne,Chaussures,Bottines,39,1,109.9,0,109.9
13752,2025-11-04,C0305,Boutique,Pantalons,Jean slim,XL,2,54.9,0,109.8
13753,2025-11-04,C0293,Boutique,Accessoires,Bonnet,Unique,1,17.9,0,17.9
13754,2025-11-04,C0593,Boutique,Vestes,Doudoune,M,1,119.9,0,119.9
13755,2025-11-04,C0173,Boutique,T-shirts,T-shirt oversize,XL,1,29.9,0,29.9
13755,2025-11-04,C0173,Boutique,Pantalons,Jean droit,L,1,59.9,0,59.9
13756,2025-11-04,C0070,En ligne,Accessoires,Sac banane,Unique,1,34.9,0,34.9
13757,2025-11-04,C0086,Boutique,Accessoires,Écharpe,Unique,1,24.9,0,24.9
13757,2025-11-04,C0086,Boutique,Pulls & sweats,Sweat à capuche,L,1,49.9,0,49.9
13758,2025-11-04,C0069,Boutique,Pulls & sweats,Pull en laine,S,1,59.9,0,59.9
13758,2025-11-04,C0069,Boutique,Pulls & sweats,Pull en laine,S,1,59.9,0,59.9
13759,2025-11-04,C0007,En ligne,Pulls & sweats,Pull en laine,XL,2,59.9,0,119.8
13760,2025-11-04,C0756,Boutique,Pulls & sweats,Pull en laine,XS,1,59.9,0,59.9
13761,2025-11-04,C0076,Boutique,Vestes,Doudoune,L,1,119.9,0,119.9
13762,2025-11-04,C0006,Boutique,Chaussures,Bottines,44,1,109.9,0,109.9
13762,2025-11-04,C0006,Boutique,Accessoires,Casquette,Unique,1,19.9,0,19.9
13763,2025-11-04,C0715,En ligne,Pulls & sweats,Sweat à capuche,XL,1,49.9,0,49.9
13763,2025-11-04,C0715,En ligne,T-shirts,T-shirt oversize,S,1,29.9,0,29.9
13764,2025-11-04,C0044,Boutique,T-shirts,T-shirt oversize,L,1,29.9,0,29.9
13765,2025-11-04,C0131,Boutique,Pulls & sweats,Pull en laine,M,1,59.9,0,59.9
13765,2025-11-04,C0131,Boutique,T-shirts,T-shirt imprimé,S,1,24.9,0,24.9
13766,2025-11-05,C0891,En ligne,Pulls & sweats,Sweat col rond,M,2,39.9,0,79.8
13767,2025-11-05,C0046,Boutique,Accessoires,Sac banane,Unique,2,34.9,0,69.8
13768,2025-11-05,C0046,Boutique,Pulls & sweats,Pull en laine,S,1,59.9,0,59.9
13769,2025-11-05,C0574,Boutique,Accessoires,Sac banane,Unique,1,34.9,0,34.9
13769,2025-11-05,C0574,Boutique,Accessoires,Bonnet,Unique,1,17.9,0,17.9
13770,2025-11-05,C0015,Boutique,Pulls & sweats,Sweat col rond,L,1,39.9,0,39.9
13770,2025-11-05,C0015,Boutique,T-shirts,T-shirt basique,M,1,19.9,0,19.9
13771,2025-11-05,C0017,En ligne,T-shirts,T-shirt basique,M,1,19.9,0,19.9
13772,2025-11-05,C0017,En ligne,Chaussures,Sneakers running,44,1,99.9,0,99.9
13773,2025-11-06,C0572,Boutique,Pulls & sweats,Pull en laine,M,1,59.9,0,59.9
13773,2025-11-06,C0572,Boutique,Vestes,Coupe-vent,XL,1,64.9,0,64.9
13774,2025-11-06,C0088,Boutique,T-shirts,T-shirt basique,XS,1,19.9,0,19.9
13774,2025-11-06,C0088,Boutique,Chaussures,Bottines,40,1,109.9,0,109.9
13774,2025-11-06,C0088,Boutique,T-shirts,T-shirt imprimé,L,1,24.9,0,24.9
13775,2025-11-06,C0137,En ligne,T-shirts,T-shirt imprimé,XL,1,24.9,0,24.9
13775,2025-11-06,C0137,En ligne,Chaussures,Baskets blanches,40,1,89.9,0,89.9
13775,2025-11-06,C0137,En ligne,Accessoires,Sac banane,Unique,1,34.9,0,34.9
13776,2025-11-06,C0883,Boutique,Vestes,Doudoune,M,1,119.9,0,119.9
13777,2025-11-06,C0104,Boutique,T-shirts,T-shirt basique,S,1,19.9,0,19.9
13778,2025-11-06,C0212,Boutique,Pantalons,Jogging,S,1,34.9,0,34.9
13779,2025-11-06,C0534,Boutique,Chaussures,Baskets blanches,44,1,89.9,0,89.9
13780,2025-11-06,C0110,Boutique,T-shirts,T-shirt basique,M,1,19.9,0,19.9
13781,2025-11-06,C0312,Boutique,Pulls & sweats,Pull en laine,L,1,59.9,0,59.9
13781,2025-11-06,C0312,Boutique,Chaussures,Bottines,43,1,109.9,0,109.9
13781,2025-11-06,C0312,Boutique,Pantalons,Jean droit,S,1,59.9,0,59.9
13782,2025-11-06,C0004,Boutique,Accessoires,Sac banane,Unique,1,34.9,0,34.9
13783,2025-11-06,C0423,Boutique,Vestes,Doudoune,XL,2,119.9,0,239.8
13783,2025-11-06,C0423,Boutique,Accessoires,Casquette,Unique,1,19.9,0,19.9
13784,2025-11-06,C0515,Boutique,Chaussures,Baskets blanches,40,1,89.9,0,89.9
13785,2025-11-06,C0435,Boutique,Vestes,Coupe-vent,S,1,64.9,0,64.9
13786,2025-11-06,C0032,En ligne,Pulls & sweats,Sweat col rond,XS,1,39.9,0,39.9
13786,2025-11-06,C0032,En ligne,Pulls & sweats,Sweat col rond,XS,1,39.9,0,39.9
13786,2025-11-06,C0032,En ligne,T-shirts,T-shirt oversize,XL,1,29.9,0,29.9
13787,2025-11-06,C0029,Boutique,Vestes,Doudoune,S,1,119.9,0,119.9
13788,2025-11-06,C0091,En ligne,Accessoires,Ceinture,Unique,2,29.9,0,59.8
13789,2025-11-06,C0058,Boutique,Pulls & sweats,Sweat col rond,M,1,39.9,0,39.9
13790,2025-11-06,C0569,En ligne,T-shirts,T-shirt imprimé,S,1,24.9,0,24.9
13790,2025-11-06,C0569,En ligne,Accessoires,Écharpe,Unique,1,24.9,0,24.9
13791,2025-11-06,C0513,Boutique,Vestes,Coupe-vent,M,1,64.9,0,64.9
13791,2025-11-06,C0513,Boutique,T-shirts,T-shirt basique,XS,2,19.9,0,39.8
13792,2025-11-06,C0076,Boutique,Pulls & sweats,Sweat à capuche,L,1,49.9,0,49.9
13793,2025-11-07,C0355,En ligne,T-shirts,T-shirt basique,L,1,19.9,0,19.9
13793,2025-11-07,C0355,En ligne,Pulls & sweats,Sweat col rond,L,1,39.9,0,39.9
13793,2025-11-07,C0355,En ligne,Chaussures,Sneakers running,39,1,99.9,0,99.9
13794,2025-11-07,C0135,Boutique,Pulls & sweats,Pull en laine,L,1,59.9,0,59.9
13795,2025-11-07,C0759,Boutique,Accessoires,Ceinture,Unique,2,29.9,0,59.8
13796,2025-11-07,C0113,En ligne,Accessoires,Écharpe,Unique,1,24.9,0,24.9
13797,2025-11-07,C0095,Boutique,Chaussures,Sneakers running,44,2,99.9,0,199.8
13797,2025-11-07,C0095,Boutique,Pulls & sweats,Pull en laine,L,1,59.9,0,59.9
13797,2025-11-07,C0095,Boutique,Pantalons,Jean droit,M,2,59.9,0,119.8
13798,2025-11-07,C0760,Boutique,Accessoires,Sac banane,Unique,1,34.9,0,34.9
13799,2025-11-07,C0002,Boutique,Pulls & sweats,Sweat à capuche,XS,1,49.9,0,49.9
13800,2025-11-07,C0072,Boutique,Pantalons,Jogging,XL,1,34.9,0,34.9
13800,2025-11-07,C0072,Boutique,Pantalons,Jean slim,XS,1,54.9,0,54.9
13801,2025-11-07,C0229,Boutique,Pantalons,Jean slim,S,2,54.9,0,109.8
13801,2025-11-07,C0229,Boutique,Chaussures,Sneakers running,42,1,99.9,0,99.9
13802,2025-11-07,C0439,Boutique,Accessoires,Bonnet,Unique,1,17.9,0,17.9
13803,2025-11-07,C0100,En ligne,Accessoires,Écharpe,Unique,1,24.9,0,24.9
13804,2025-11-07,C0082,En ligne,T-shirts,T-shirt imprimé,M,1,24.9,0,24.9
13804,2025-11-07,C0082,En ligne,Accessoires,Bonnet,Unique,1,17.9,0,17.9
13805,2025-11-07,C0035,Boutique,Pantalons,Jean droit,S,1,59.9,0,59.9
13806,2025-11-07,C0605,Boutique,Pulls & sweats,Pull en laine,L,2,59.9,0,119.8
13806,2025-11-07,C0605,Boutique,Pantalons,Jean droit,XS,1,59.9,0,59.9
13806,2025-11-07,C0605,Boutique,Pulls & sweats,Sweat col rond,S,1,39.9,0,39.9
13807,2025-11-07,C0339,En ligne,Accessoires,Bonnet,Unique,1,17.9,0,17.9
13808,2025-11-07,C0131,Boutique,Chaussures,Baskets blanches,43,1,89.9,0,89.9
13808,2025-11-07,C0131,Boutique,Pulls & sweats,Sweat à capuche,L,1,49.9,0,49.9
13808,2025-11-07,C0131,Boutique,Chaussures,Bottines,41,1,109.9,0,109.9
13809,2025-11-08,C0479,Boutique,T-shirts,T-shirt oversize,XL,1,29.9,0,29.9
13810,2025-11-08,C0462,En ligne,Pulls & sweats,Pull en laine,L,1,59.9,0,59.9
13811,2025-11-08,C0040,Boutique,Accessoires,Sac banane,Unique,1,34.9,0,34.9
13812,2025-11-08,C0034,Boutique,Pulls & sweats,Sweat col rond,XL,1,39.9,0,39.9
13813,2025-11-08,C0009,Boutique,Pulls & sweats,Sweat à capuche,S,1,49.9,0,49.9
13814,2025-11-08,C0653,En ligne,T-shirts,T-shirt oversize,S,1,29.9,0,29.9
13814,2025-11-08,C0653,En ligne,Accessoires,Casquette,Unique,1,19.9,0,19.9
13815,2025-11-08,C0039,Boutique,Pulls & sweats,Sweat col rond,XS,1,39.9,0,39.9
13816,2025-11-08,C0073,Boutique,Accessoires,Casquette,Unique,1,19.9,0,19.9
13816,2025-11-08,C0073,Boutique,Pulls & sweats,Sweat à capuche,M,1,49.9,0,49.9
13817,2025-11-08,C0429,Boutique,Pantalons,Jogging,L,1,34.9,0,34.9
13818,2025-11-08,C0328,Boutique,Accessoires,Écharpe,Unique,1,24.9,0,24.9
13818,2025-11-08,C0328,Boutique,Pulls & sweats,Sweat col rond,M,1,39.9,0,39.9
13819,2025-11-08,C0060,En ligne,Vestes,Doudoune,M,1,119.9,0,119.9
13819,2025-11-08,C0060,En ligne,Pulls & sweats,Sweat à capuche,M,1,49.9,0,49.9
13820,2025-11-08,C0080,Boutique,Chaussures,Baskets blanches,42,1,89.9,0,89.9
13820,2025-11-08,C0080,Boutique,Pulls & sweats,Sweat à capuche,M,2,49.9,0,99.8
13821,2025-11-08,C0040,Boutique,T-shirts,T-shirt basique,S,1,19.9,0,19.9
13822,2025-11-08,C0522,Boutique,Accessoires,Ceinture,Unique,1,29.9,0,29.9
13823,2025-11-08,C0608,En ligne,Accessoires,Sac banane,Unique,1,34.9,0,34.9
13823,2025-11-08,C0608,En ligne,T-shirts,T-shirt basique,XS,2,19.9,0,39.8
13824,2025-11-08,C0057,Boutique,T-shirts,T-shirt oversize,XL,1,29.9,0,29.9
13825,2025-11-08,C0108,En ligne,Pulls & sweats,Pull en laine,S,1,59.9,0,59.9
13826,2025-11-08,C0174,En ligne,Vestes,Doudoune,M,1,119.9,0,119.9
13827,2025-11-08,C0066,En ligne,Vestes,Veste en jean,S,1,79.9,0,79.9
13828,2025-11-08,C0089,Boutique,Pantalons,Jean droit,L,1,59.9,0,59.9
13829,2025-11-08,C0305,Boutique,Pantalons,Jean droit,M,2,59.9,0,119.8
13829,2025-11-08,C0305,Boutique,Chaussures,Sneakers running,43,1,99.9,0,99.9
13829,2025-11-08,C0305,Boutique,Vestes,Doudoune,L,1,119.9,0,119.9
13830,2025-11-08,C0014,Boutique,T-shirts,T-shirt oversize,XL,1,29.9,0,29.9
13831,2025-11-08,C0557,Boutique,Pantalons,Pantalon cargo,M,1,49.9,0,49.9
13832,2025-11-08,C0048,En ligne,Accessoires,Sac banane,Unique,1,34.9,0,34.9
13833,2025-11-08,C0208,Boutique,T-shirts,T-shirt oversize,M,1,29.9,0,29.9
13834,2025-11-08,C0182,Boutique,Accessoires,Casquette,Unique,1,19.9,0,19.9
13835,2025-11-08,C0765,Boutique,Pulls & sweats,Sweat à capuche,L,2,49.9,0,99.8
13836,2025-11-08,C0251,Boutique,Pulls & sweats,Pull en laine,M,1,59.9,0,59.9
13836,2025-11-08,C0251,Boutique,Pulls & sweats,Pull en laine,XL,2,59.9,0,119.8
13836,2025-11-08,C0251,Boutique,Chaussures,Sneakers running,44,2,99.9,0,199.8
13837,2025-11-08,C0025,Boutique,Vestes,Doudoune,XL,2,119.9,0,239.8
13838,2025-11-08,C0149,Boutique,Vestes,Coupe-vent,L,1,64.9,0,64.9
13839,2025-11-08,C0705,Boutique,Vestes,Veste en jean,S,2,79.9,0,159.8
13839,2025-11-08,C0705,Boutique,Pantalons,Jean droit,XL,2,59.9,0,119.8
13840,2025-11-08,C0026,En ligne,Vestes,Veste en jean,L,1,79.9,0,79.9
13841,2025-11-08,C0712,En ligne,Vestes,Doudoune,L,2,119.9,0,239.8
13842,2025-11-08,C0093,Boutique,Chaussures,Sneakers running,44,2,99.9,0,199.8
13843,2025-11-08,C0066,Boutique,Accessoires,Ceinture,Unique,1,29.9,0,29.9
13844,2025-11-08,C0075,En ligne,Accessoires,Écharpe,Unique,1,24.9,0,24.9
13844,2025-11-08,C0075,En ligne,Pulls & sweats,Sweat à capuche,M,1,49.9,0,49.9
13845,2025-11-10,C0245,En ligne,T-shirts,T-shirt basique,S,1,19.9,0,19.9
13845,2025-11-10,C0245,En ligne,Pulls & sweats,Sweat à capuche,M,1,49.9,0,49.9
13846,2025-11-10,C0086,Boutique,Pulls & sweats,Pull en laine,L,1,59.9,0,59.9
13846,2025-11-10,C0086,Boutique,Accessoires,Écharpe,Unique,1,24.9,0,24.9
13847,2025-11-10,C0813,Boutique,Vestes,Doudoune,L,1,119.9,0,119.9
13847,2025-11-10,C0813,Boutique,Chaussures,Baskets blanches,40,1,89.9,0,89.9
13848,2025-11-10,C0418,Boutique,Pulls & sweats,Sweat col rond,M,1,39.9,0,39.9
13849,2025-11-10,C0088,Boutique,Pantalons,Jean droit,S,1,59.9,0,59.9
13849,2025-11-10,C0088,Boutique,Pulls & sweats,Pull en laine,M,1,59.9,0,59.9
13850,2025-11-10,C0297,Boutique,Vestes,Veste en jean,M,1,79.9,0,79.9
13850,2025-11-10,C0297,Boutique,Pulls & sweats,Sweat col rond,XS,1,39.9,0,39.9
13850,2025-11-10,C0297,Boutique,Pantalons,Jogging,S,2,34.9,0,69.8
13851,2025-11-10,C0242,Boutique,Pulls & sweats,Sweat col rond,L,1,39.9,0,39.9
13851,2025-11-10,C0242,Boutique,Pulls & sweats,Sweat col rond,M,1,39.9,0,39.9
13852,2025-11-10,C0444,Boutique,Accessoires,Bonnet,Unique,2,17.9,0,35.8
13853,2025-11-10,C0235,Boutique,Accessoires,Casquette,Unique,1,19.9,0,19.9
13854,2025-11-10,C0049,Boutique,Accessoires,Sac banane,Unique,1,34.9,0,34.9
13854,2025-11-10,C0049,Boutique,Accessoires,Écharpe,Unique,1,24.9,0,24.9
13854,2025-11-10,C0049,Boutique,Chaussures,Sneakers running,42,1,99.9,0,99.9
13855,2025-11-10,C0875,Boutique,Accessoires,Écharpe,Unique,1,24.9,0,24.9
13856,2025-11-10,C0650,En ligne,Pantalons,Jean slim,XL,1,54.9,0,54.9
13857,2025-11-10,C0045,Boutique,T-shirts,T-shirt imprimé,S,2,24.9,0,49.8
13857,2025-11-10,C0045,Boutique,Vestes,Coupe-vent,S,1,64.9,0,64.9
13858,2025-11-10,C0205,Boutique,T-shirts,T-shirt oversize,L,1,29.9,0,29.9
13858,2025-11-10,C0205,Boutique,Accessoires,Écharpe,Unique,1,24.9,0,24.9
13859,2025-11-10,C0050,Boutique,Pulls & sweats,Pull en laine,S,2,59.9,0,119.8
13860,2025-11-10,C0078,Boutique,T-shirts,T-shirt oversize,XL,1,29.9,0,29.9
13861,2025-11-10,C0586,En ligne,Pulls & sweats,Sweat à capuche,L,1,49.9,0,49.9
13862,2025-11-10,C0016,Boutique,Vestes,Veste en jean,S,1,79.9,0,79.9
13862,2025-11-10,C0016,Boutique,Vestes,Veste en jean,L,1,79.9,0,79.9
13863,2025-11-10,C0445,Boutique,Pulls & sweats,Sweat à capuche,L,1,49.9,0,49.9
13864,2025-11-10,C0083,En ligne,Pulls & sweats,Pull en laine,XS,1,59.9,0,59.9
13865,2025-11-10,C0819,Boutique,Pulls & sweats,Sweat col rond,XS,1,39.9,0,39.9
13865,2025-11-10,C0819,Boutique,Chaussures,Sneakers running,43,2,99.9,0,199.8
13866,2025-11-10,C0101,Boutique,Vestes,Coupe-vent,S,1,64.9,0,64.9
13867,2025-11-10,C0402,Boutique,Accessoires,Ceinture,Unique,1,29.9,0,29.9
13868,2025-11-10,C0006,Boutique,Pantalons,Jean droit,S,2,59.9,0,119.8
13868,2025-11-10,C0006,Boutique,Chaussures,Sneakers running,43,1,99.9,0,99.9
13869,2025-11-10,C0007,En ligne,Chaussures,Bottines,40,1,109.9,0,109.9
13869,2025-11-10,C0007,En ligne,Pantalons,Jogging,L,1,34.9,0,34.9
13869,2025-11-10,C0007,En ligne,Pulls & sweats,Sweat à capuche,S,1,49.9,0,49.9
13870,2025-11-10,C0117,Boutique,Vestes,Doudoune,M,1,119.9,0,119.9
13870,2025-11-10,C0117,Boutique,Pulls & sweats,Sweat col rond,S,1,39.9,0,39.9
13870,2025-11-10,C0117,Boutique,Accessoires,Sac banane,Unique,1,34.9,0,34.9
13871,2025-11-10,C0020,En ligne,Pantalons,Pantalon cargo,S,1,49.9,0,49.9
13871,2025-11-10,C0020,En ligne,Pantalons,Jean droit,M,1,59.9,0,59.9
13871,2025-11-10,C0020,En ligne,T-shirts,T-shirt imprimé,M,1,24.9,0,24.9
13872,2025-11-10,C0107,En ligne,Accessoires,Casquette,Unique,1,19.9,0,19.9
13872,2025-11-10,C0107,En ligne,T-shirts,T-shirt imprimé,S,1,24.9,0,24.9
13873,2025-11-10,C0063,En ligne,T-shirts,T-shirt imprimé,M,1,24.9,0,24.9
13874,2025-11-10,C0582,En ligne,T-shirts,T-shirt imprimé,XS,2,24.9,0,49.8
13875,2025-11-10,C0033,Boutique,Accessoires,Écharpe,Unique,2,24.9,0,49.8
13876,2025-11-10,C0338,Boutique,Pulls & sweats,Pull en laine,M,1,59.9,0,59.9
13877,2025-11-11,C0225,Boutique,Chaussures,Bottines,40,1,109.9,0,109.9
13877,2025-11-11,C0225,Boutique,T-shirts,T-shirt basique,S,1,19.9,0,19.9
13878,2025-11-11,C0216,Boutique,Accessoires,Bonnet,Unique,1,17.9,0,17.9
13879,2025-11-11,C0600,Boutique,Pulls & sweats,Sweat à capuche,S,1,49.9,0,49.9
13880,2025-11-11,C0051,Boutique,Pantalons,Jogging,L,1,34.9,0,34.9
13880,2025-11-11,C0051,Boutique,Pantalons,Pantalon cargo,XL,2,49.9,0,99.8
13881,2025-11-11,C0095,En ligne,Pantalons,Jean slim,S,1,54.9,0,54.9
13882,2025-11-11,C0567,En ligne,Pantalons,Pantalon cargo,L,1,49.9,0,49.9
13883,2025-11-11,C0236,Boutique,Pulls & sweats,Sweat col rond,M,1,39.9,0,39.9
13884,2025-11-11,C0139,Boutique,Pulls & sweats,Sweat col rond,XL,1,39.9,0,39.9
13884,2025-11-11,C0139,Boutique,T-shirts,T-shirt oversize,L,1,29.9,0,29.9
13885,2025-11-11,C0298,Boutique,T-shirts,T-shirt oversize,M,1,29.9,0,29.9
13886,2025-11-12,C0467,Boutique,Pantalons,Jogging,XS,2,34.9,0,69.8
13887,2025-11-12,C0631,En ligne,Pantalons,Jean slim,M,1,54.9,0,54.9
13887,2025-11-12,C0631,En ligne,Chaussures,Bottines,42,1,109.9,0,109.9
13887,2025-11-12,C0631,En ligne,Pulls & sweats,Pull en laine,XL,1,59.9,0,59.9
13888,2025-11-12,C0792,Boutique,Pantalons,Jogging,L,1,34.9,0,34.9
13889,2025-11-12,C0053,Boutique,Pulls & sweats,Sweat à capuche,M,1,49.9,0,49.9
13889,2025-11-12,C0053,Boutique,Accessoires,Ceinture,Unique,1,29.9,0,29.9
13890,2025-11-12,C0028,En ligne,Accessoires,Casquette,Unique,2,19.9,0,39.8
13890,2025-11-12,C0028,En ligne,Pantalons,Jogging,L,1,34.9,0,34.9
13891,2025-11-12,C0435,Boutique,T-shirts,T-shirt imprimé,S,1,24.9,0,24.9
13892,2025-11-12,C0316,Boutique,Pulls & sweats,Pull en laine,M,1,59.9,0,59.9
13893,2025-11-12,C0461,Boutique,T-shirts,T-shirt imprimé,L,1,24.9,0,24.9
13894,2025-11-12,C0069,Boutique,Chaussures,Baskets blanches,42,1,89.9,0,89.9
13895,2025-11-12,C0639,Boutique,Pulls & sweats,Sweat col rond,M,1,39.9,0,39.9
13896,2025-11-12,C0066,Boutique,Vestes,Veste en jean,L,1,79.9,0,79.9
13897,2025-11-12,C0574,Boutique,Pulls & sweats,Sweat col rond,L,1,39.9,0,39.9
13897,2025-11-12,C0574,Boutique,Pulls & sweats,Pull en laine,S,2,59.9,0,119.8
13898,2025-11-12,C0378,Boutique,T-shirts,T-shirt basique,L,1,19.9,0,19.9
13898,2025-11-12,C0378,Boutique,Pulls & sweats,Sweat col rond,L,1,39.9,0,39.9
13898,2025-11-12,C0378,Boutique,Pulls & sweats,Pull en laine,XS,1,59.9,0,59.9
13899,2025-11-12,C0038,Boutique,T-shirts,T-shirt basique,XL,1,19.9,0,19.9
13900,2025-11-12,C0055,Boutique,Pantalons,Jogging,M,1,34.9,0,34.9
13900,2025-11-12,C0055,Boutique,Chaussures,Baskets blanches,43,1,89.9,0,89.9
13901,2025-11-12,C0339,Boutique,Pantalons,Jean droit,S,1,59.9,0,59.9
13902,2025-11-12,C0498,Boutique,T-shirts,T-shirt imprimé,L,1,24.9,0,24.9
13902,2025-11-12,C0498,Boutique,Accessoires,Ceinture,Unique,1,29.9,0,29.9
13903,2025-11-12,C0418,Boutique,Accessoires,Ceinture,Unique,1,29.9,0,29.9
13903,2025-11-12,C0418,Boutique,Pulls & sweats,Pull en laine,L,1,59.9,0,59.9
13904,2025-11-12,C0745,En ligne,Accessoires,Casquette,Unique,1,19.9,0,19.9
13904,2025-11-12,C0745,En ligne,Pulls & sweats,Sweat col rond,S,1,39.9,0,39.9
13905,2025-11-12,C0605,En ligne,Accessoires,Ceinture,Unique,1,29.9,0,29.9
13906,2025-11-12,C0092,Boutique,T-shirts,T-shirt imprimé,L,2,24.9,0,49.8
13906,2025-11-12,C0092,Boutique,Pulls & sweats,Sweat à capuche,XL,1,49.9,0,49.9
13907,2025-11-12,C0038,En ligne,Pantalons,Jogging,M,1,34.9,0,34.9
13907,2025-11-12,C0038,En ligne,T-shirts,T-shirt basique,XL,1,19.9,0,19.9
13907,2025-11-12,C0038,En ligne,Accessoires,Sac banane,Unique,2,34.9,0,69.8
13908,2025-11-12,C0480,En ligne,Chaussures,Bottines,41,1,109.9,0,109.9
13909,2025-11-12,C0090,Boutique,Vestes,Doudoune,S,1,119.9,0,119.9
13910,2025-11-12,C0104,Boutique,Pantalons,Jean droit,S,2,59.9,0,119.8
13910,2025-11-12,C0104,Boutique,Accessoires,Casquette,Unique,1,19.9,0,19.9
13911,2025-11-12,C0032,Boutique,Accessoires,Bonnet,Unique,1,17.9,0,17.9
13912,2025-11-12,C0040,Boutique,Pantalons,Pantalon cargo,L,1,49.9,0,49.9
13913,2025-11-12,C0060,Boutique,Accessoires,Casquette,Unique,1,19.9,0,19.9
13914,2025-11-12,C0022,Boutique,Pulls & sweats,Sweat col rond,L,1,39.9,0,39.9
13914,2025-11-12,C0022,Boutique,T-shirts,T-shirt basique,XS,1,19.9,0,19.9
13914,2025-11-12,C0022,Boutique,Vestes,Veste en jean,L,1,79.9,0,79.9
13915,2025-11-13,C0105,Boutique,Pantalons,Pantalon cargo,XS,1,49.9,0,49.9
13916,2025-11-13,C0082,En ligne,Accessoires,Casquette,Unique,1,19.9,0,19.9
13917,2025-11-13,C0579,En ligne,Chaussures,Sneakers running,39,1,99.9,0,99.9
13918,2025-11-13,C0682,En ligne,T-shirts,T-shirt oversize,M,1,29.9,0,29.9
13919,2025-11-13,C0015,En ligne,Pantalons,Jogging,M,1,34.9,0,34.9
13919,2025-11-13,C0015,En ligne,Pulls & sweats,Pull en laine,S,1,59.9,0,59.9
13920,2025-11-13,C0753,Boutique,Pantalons,Pantalon cargo,S,2,49.9,0,99.8
13921,2025-11-13,C0037,Boutique,Accessoires,Écharpe,Unique,1,24.9,0,24.9
13922,2025-11-13,C0025,Boutique,Vestes,Coupe-vent,M,1,64.9,0,64.9
13922,2025-11-13,C0025,Boutique,T-shirts,T-shirt imprimé,M,1,24.9,0,24.9
13923,2025-11-13,C0253,Boutique,Pulls & sweats,Sweat à capuche,M,1,49.9,0,49.9
13924,2025-11-13,C0062,Boutique,Accessoires,Ceinture,Unique,1,29.9,0,29.9
13924,2025-11-13,C0062,Boutique,Pulls & sweats,Sweat col rond,XL,1,39.9,0,39.9
13924,2025-11-13,C0062,Boutique,Pulls & sweats,Pull en laine,L,1,59.9,0,59.9
13925,2025-11-13,C0103,En ligne,Pulls & sweats,Pull en laine,XS,1,59.9,0,59.9
13925,2025-11-13,C0103,En ligne,T-shirts,T-shirt imprimé,S,1,24.9,0,24.9
13926,2025-11-13,C0035,Boutique,Pulls & sweats,Pull en laine,S,1,59.9,0,59.9
13927,2025-11-13,C0442,Boutique,Accessoires,Bonnet,Unique,1,17.9,0,17.9
13928,2025-11-13,C0900,Boutique,Vestes,Doudoune,XS,2,119.9,0,239.8
13929,2025-11-13,C0089,En ligne,Pantalons,Pantalon cargo,L,1,49.9,0,49.9
13930,2025-11-13,C0675,En ligne,Chaussures,Bottines,44,1,109.9,0,109.9
13931,2025-11-13,C0751,Boutique,Accessoires,Sac banane,Unique,1,34.9,0,34.9
13931,2025-11-13,C0751,Boutique,Chaussures,Sneakers running,44,1,99.9,0,99.9
13932,2025-11-13,C0110,En ligne,Accessoires,Sac banane,Unique,2,34.9,0,69.8
13933,2025-11-13,C0084,Boutique,Pantalons,Pantalon cargo,S,1,49.9,0,49.9
13934,2025-11-13,C0026,Boutique,Accessoires,Casquette,Unique,1,19.9,0,19.9
13935,2025-11-13,C0348,Boutique,Pulls & sweats,Sweat col rond,L,1,39.9,0,39.9
13935,2025-11-13,C0348,Boutique,Pantalons,Jean slim,XL,1,54.9,0,54.9
13935,2025-11-13,C0348,Boutique,Chaussures,Baskets blanches,44,1,89.9,0,89.9
13936,2025-11-13,C0311,Boutique,Accessoires,Casquette,Unique,1,19.9,0,19.9
13936,2025-11-13,C0311,Boutique,Accessoires,Écharpe,Unique,2,24.9,0,49.8
13937,2025-11-13,C0850,Boutique,Pantalons,Jean droit,L,1,59.9,0,59.9
13938,2025-11-13,C0068,Boutique,T-shirts,T-shirt imprimé,S,1,24.9,0,24.9
13939,2025-11-13,C0574,Boutique,Accessoires,Écharpe,Unique,1,24.9,0,24.9
13940,2025-11-13,C0399,En ligne,T-shirts,T-shirt basique,L,1,19.9,0,19.9
13941,2025-11-13,C0379,Boutique,Pantalons,Jean slim,M,1,54.9,0,54.9
13941,2025-11-13,C0379,Boutique,Pantalons,Jean slim,S,1,54.9,0,54.9
13942,2025-11-14,C0354,Boutique,Accessoires,Sac banane,Unique,1,34.9,0,34.9
13943,2025-11-14,C0084,En ligne,T-shirts,T-shirt imprimé,L,1,24.9,0,24.9
13944,2025-11-14,C0899,Boutique,T-shirts,T-shirt basique,XS,1,19.9,0,19.9
13944,2025-11-14,C0899,Boutique,Accessoires,Écharpe,Unique,2,24.9,0,49.8
13945,2025-11-14,C0566,Boutique,T-shirts,T-shirt basique,XL,1,19.9,0,19.9
13946,2025-11-14,C0583,Boutique,Chaussures,Bottines,43,1,109.9,0,109.9
13946,2025-11-14,C0583,Boutique,Pulls & sweats,Sweat col rond,L,1,39.9,0,39.9
13947,2025-11-14,C0205,Boutique,Accessoires,Sac banane,Unique,1,34.9,0,34.9
13948,2025-11-14,C0105,Boutique,Vestes,Veste en jean,M,1,79.9,0,79.9
13948,2025-11-14,C0105,Boutique,Pantalons,Jean slim,XS,1,54.9,0,54.9
13949,2025-11-14,C0382,Boutique,Pulls & sweats,Sweat col rond,S,1,39.9,0,39.9
13950,2025-11-14,C0705,En ligne,Pantalons,Jean slim,M,1,54.9,0,54.9
13951,2025-11-14,C0033,En ligne,Chaussures,Sneakers running,41,1,99.9,0,99.9
13952,2025-11-14,C0651,Boutique,Accessoires,Casquette,Unique,1,19.9,0,19.9
13952,2025-11-14,C0651,Boutique,Accessoires,Bonnet,Unique,2,17.9,0,35.8
13953,2025-11-14,C0111,Boutique,Accessoires,Ceinture,Unique,1,29.9,0,29.9
13954,2025-11-14,C0112,Boutique,Pulls & sweats,Sweat col rond,M,1,39.9,0,39.9
13955,2025-11-14,C0683,En ligne,Accessoires,Écharpe,Unique,1,24.9,0,24.9
13956,2025-11-14,C0032,Boutique,Pulls & sweats,Sweat col rond,M,1,39.9,0,39.9
13957,2025-11-14,C0767,Boutique,Vestes,Doudoune,M,2,119.9,0,239.8
13958,2025-11-14,C0763,En ligne,Vestes,Doudoune,S,1,119.9,0,119.9
13959,2025-11-14,C0063,En ligne,Pantalons,Jean droit,L,1,59.9,0,59.9
13960,2025-11-14,C0003,Boutique,Pantalons,Jogging,L,1,34.9,0,34.9
13960,2025-11-14,C0003,Boutique,Vestes,Doudoune,L,2,119.9,0,239.8
13961,2025-11-14,C0018,Boutique,Accessoires,Bonnet,Unique,1,17.9,0,17.9
13962,2025-11-14,C0114,Boutique,Chaussures,Bottines,41,1,109.9,0,109.9
13963,2025-11-14,C0348,En ligne,Vestes,Coupe-vent,M,1,64.9,0,64.9
13963,2025-11-14,C0348,En ligne,T-shirts,T-shirt imprimé,M,1,24.9,0,24.9
13963,2025-11-14,C0348,En ligne,T-shirts,T-shirt oversize,M,1,29.9,0,29.9
13964,2025-11-14,C0406,Boutique,Pantalons,Pantalon cargo,L,1,49.9,0,49.9
13965,2025-11-14,C0815,Boutique,Accessoires,Sac banane,Unique,1,34.9,0,34.9
13966,2025-11-14,C0085,Boutique,Pantalons,Jogging,M,1,34.9,0,34.9
13967,2025-11-14,C0740,Boutique,T-shirts,T-shirt imprimé,L,1,24.9,0,24.9
13967,2025-11-14,C0740,Boutique,T-shirts,T-shirt imprimé,S,1,24.9,0,24.9
13968,2025-11-14,C0682,Boutique,Accessoires,Ceinture,Unique,1,29.9,0,29.9
13969,2025-11-14,C0464,Boutique,Pantalons,Jogging,M,1,34.9,0,34.9
13969,2025-11-14,C0464,Boutique,Accessoires,Bonnet,Unique,2,17.9,0,35.8
13970,2025-11-14,C0092,En ligne,Accessoires,Sac banane,Unique,1,34.9,0,34.9
13970,2025-11-14,C0092,En ligne,Accessoires,Casquette,Unique,1,19.9,0,19.9
13971,2025-11-15,C0081,Boutique,T-shirts,T-shirt imprimé,M,1,24.9,0,24.9
13971,2025-11-15,C0081,Boutique,Vestes,Doudoune,S,1,119.9,0,119.9
13972,2025-11-15,C0598,Boutique,Pulls & sweats,Sweat col rond,XL,2,39.9,0,79.8
13972,2025-11-15,C0598,Boutique,Vestes,Coupe-vent,M,1,64.9,0,64.9
13973,2025-11-15,C0158,Boutique,T-shirts,T-shirt oversize,S,1,29.9,0,29.9
13973,2025-11-15,C0158,Boutique,Chaussures,Baskets blanches,40,1,89.9,0,89.9
13974,2025-11-15,C0418,Boutique,Pulls & sweats,Pull en laine,M,1,59.9,0,59.9
13975,2025-11-15,C0111,En ligne,Chaussures,Baskets blanches,42,1,89.9,0,89.9
13976,2025-11-15,C0648,Boutique,Accessoires,Sac banane,Unique,1,34.9,0,34.9
13976,2025-11-15,C0648,Boutique,Chaussures,Sneakers running,43,2,99.9,0,199.8
13977,2025-11-15,C0188,En ligne,Pantalons,Pantalon cargo,L,2,49.9,0,99.8
13977,2025-11-15,C0188,En ligne,Vestes,Veste en jean,L,1,79.9,0,79.9
13978,2025-11-15,C0039,Boutique,T-shirts,T-shirt imprimé,S,1,24.9,0,24.9
13979,2025-11-15,C0761,Boutique,Pulls & sweats,Pull en laine,XL,1,59.9,0,59.9
13980,2025-11-15,C0056,Boutique,Vestes,Veste en jean,S,1,79.9,0,79.9
13980,2025-11-15,C0056,Boutique,Chaussures,Baskets blanches,41,1,89.9,0,89.9
13981,2025-11-15,C0494,Boutique,T-shirts,T-shirt imprimé,M,1,24.9,0,24.9
13982,2025-11-15,C0263,En ligne,T-shirts,T-shirt oversize,L,1,29.9,0,29.9
13982,2025-11-15,C0263,En ligne,T-shirts,T-shirt imprimé,L,1,24.9,0,24.9
13982,2025-11-15,C0263,En ligne,Vestes,Doudoune,S,1,119.9,0,119.9
13983,2025-11-15,C0114,Boutique,Chaussures,Sneakers running,40,1,99.9,0,99.9
13984,2025-11-15,C0768,En ligne,Accessoires,Écharpe,Unique,1,24.9,0,24.9
13985,2025-11-15,C0055,Boutique,Chaussures,Sneakers running,40,1,99.9,0,99.9
13985,2025-11-15,C0055,Boutique,Pulls & sweats,Sweat à capuche,XL,1,49.9,0,49.9
13986,2025-11-15,C0381,Boutique,Pulls & sweats,Pull en laine,XL,1,59.9,0,59.9
13986,2025-11-15,C0381,Boutique,Pantalons,Pantalon cargo,M,1,49.9,0,49.9
13987,2025-11-15,C0096,Boutique,T-shirts,T-shirt oversize,M,1,29.9,0,29.9
13987,2025-11-15,C0096,Boutique,Accessoires,Ceinture,Unique,1,29.9,0,29.9
13988,2025-11-15,C0768,Boutique,T-shirts,T-shirt imprimé,M,1,24.9,0,24.9
13988,2025-11-15,C0768,Boutique,Vestes,Coupe-vent,M,1,64.9,0,64.9
13988,2025-11-15,C0768,Boutique,Accessoires,Casquette,Unique,1,19.9,0,19.9
13989,2025-11-15,C0111,Boutique,Pulls & sweats,Pull en laine,M,1,59.9,0,59.9
13990,2025-11-15,C0598,Boutique,Accessoires,Ceinture,Unique,2,29.9,0,59.8
13990,2025-11-15,C0598,Boutique,Pulls & sweats,Sweat à capuche,M,1,49.9,0,49.9
13991,2025-11-15,C0092,Boutique,T-shirts,T-shirt oversize,S,1,29.9,0,29.9
13991,2025-11-15,C0092,Boutique,Pantalons,Jogging,XL,2,34.9,0,69.8
13992,2025-11-15,C0868,Boutique,Accessoires,Sac banane,Unique,1,34.9,0,34.9
13992,2025-11-15,C0868,Boutique,Pulls & sweats,Sweat col rond,L,1,39.9,0,39.9
13993,2025-11-15,C0895,Boutique,Chaussures,Sneakers running,43,1,99.9,0,99.9
13993,2025-11-15,C0895,Boutique,Pantalons,Jean droit,L,1,59.9,0,59.9
13994,2025-11-15,C0103,Boutique,Pantalons,Jogging,L,1,34.9,0,34.9
13995,2025-11-15,C0039,Boutique,Chaussures,Bottines,40,1,109.9,0,109.9
13996,2025-11-15,C0620,Boutique,Accessoires,Écharpe,Unique,1,24.9,0,24.9
13996,2025-11-15,C0620,Boutique,Pantalons,Jogging,L,1,34.9,0,34.9
13997,2025-11-17,C0108,En ligne,Pantalons,Jean droit,S,1,59.9,0,59.9
13998,2025-11-17,C0009,En ligne,Accessoires,Écharpe,Unique,1,24.9,0,24.9
13998,2025-11-17,C0009,En ligne,Pantalons,Jean slim,L,1,54.9,0,54.9
13999,2025-11-17,C0539,En ligne,Vestes,Doudoune,M,1,119.9,0,119.9
13999,2025-11-17,C0539,En ligne,Pantalons,Jean slim,L,1,54.9,0,54.9
14000,2025-11-17,C0345,Boutique,Pulls & sweats,Pull en laine,S,1,59.9,0,59.9
14001,2025-11-17,C0570,Boutique,Accessoires,Ceinture,Unique,1,29.9,0,29.9
14002,2025-11-17,C0155,Boutique,Accessoires,Bonnet,Unique,1,17.9,0,17.9
14003,2025-11-17,C0031,Boutique,Accessoires,Sac banane,Unique,1,34.9,0,34.9
14004,2025-11-17,C0093,Boutique,Accessoires,Ceinture,Unique,1,29.9,0,29.9
14005,2025-11-17,C0421,Boutique,Chaussures,Bottines,44,1,109.9,0,109.9
14006,2025-11-17,C0005,Boutique,Pantalons,Jean slim,XL,1,54.9,0,54.9
14007,2025-11-17,C0071,Boutique,T-shirts,T-shirt oversize,M,1,29.9,0,29.9
14007,2025-11-17,C0071,Boutique,Pulls & sweats,Sweat col rond,XL,1,39.9,0,39.9
14008,2025-11-17,C0004,Boutique,T-shirts,T-shirt basique,XS,1,19.9,0,19.9
14009,2025-11-17,C0116,Boutique,Accessoires,Ceinture,Unique,1,29.9,0,29.9
14009,2025-11-17,C0116,Boutique,Accessoires,Écharpe,Unique,1,24.9,0,24.9
14010,2025-11-17,C0603,En ligne,Chaussures,Sneakers running,42,2,99.9,0,199.8
14011,2025-11-17,C0050,Boutique,Chaussures,Baskets blanches,40,2,89.9,0,179.8
14012,2025-11-17,C0057,Boutique,Pantalons,Jean droit,M,1,59.9,0,59.9
14012,2025-11-17,C0057,Boutique,Accessoires,Bonnet,Unique,1,17.9,0,17.9
14013,2025-11-17,C0710,Boutique,Pantalons,Jean slim,S,1,54.9,0,54.9
14013,2025-11-17,C0710,Boutique,Pantalons,Jean droit,L,1,59.9,0,59.9
14014,2025-11-18,C0041,En ligne,T-shirts,T-shirt imprimé,XL,1,24.9,0,24.9
14014,2025-11-18,C0041,En ligne,T-shirts,T-shirt imprimé,M,1,24.9,0,24.9
14014,2025-11-18,C0041,En ligne,Vestes,Coupe-vent,S,1,64.9,0,64.9
14015,2025-11-18,C0046,Boutique,Pulls & sweats,Pull en laine,M,1,59.9,0,59.9
14016,2025-11-18,C0325,Boutique,T-shirts,T-shirt imprimé,L,1,24.9,0,24.9
14016,2025-11-18,C0325,Boutique,Pulls & sweats,Pull en laine,M,1,59.9,0,59.9
14017,2025-11-18,C0359,Boutique,Pantalons,Pantalon cargo,XL,2,49.9,0,99.8
14017,2025-11-18,C0359,Boutique,Pantalons,Jean droit,L,1,59.9,0,59.9
14018,2025-11-18,C0269,En ligne,Vestes,Veste en jean,M,1,79.9,0,79.9
14018,2025-11-18,C0269,En ligne,Accessoires,Écharpe,Unique,1,24.9,0,24.9
14019,2025-11-18,C0489,Boutique,Pantalons,Jean droit,S,1,59.9,0,59.9
14020,2025-11-18,C0059,Boutique,Accessoires,Sac banane,Unique,1,34.9,0,34.9
14021,2025-11-18,C0577,Boutique,Pulls & sweats,Sweat col rond,M,2,39.9,0,79.8
14022,2025-11-18,C0130,Boutique,T-shirts,T-shirt basique,M,2,19.9,0,39.8
14022,2025-11-18,C0130,Boutique,T-shirts,T-shirt imprimé,S,1,24.9,0,24.9
14023,2025-11-18,C0042,Boutique,Pulls & sweats,Sweat col rond,S,1,39.9,0,39.9
14024,2025-11-18,C0024,En ligne,Vestes,Veste en jean,S,1,79.9,0,79.9
14025,2025-11-18,C0253,Boutique,Chaussures,Bottines,40,1,109.9,0,109.9
14025,2025-11-18,C0253,Boutique,Pulls & sweats,Sweat à capuche,M,2,49.9,0,99.8
14025,2025-11-18,C0253,Boutique,Accessoires,Écharpe,Unique,2,24.9,0,49.8
14026,2025-11-18,C0687,Boutique,Accessoires,Bonnet,Unique,1,17.9,0,17.9
14027,2025-11-18,C0123,Boutique,Pantalons,Jogging,M,1,34.9,0,34.9
14027,2025-11-18,C0123,Boutique,Pantalons,Jean droit,L,1,59.9,0,59.9
14027,2025-11-18,C0123,Boutique,Accessoires,Ceinture,Unique,2,29.9,0,59.8
14028,2025-11-18,C0049,Boutique,Pulls & sweats,Sweat col rond,L,1,39.9,0,39.9
14029,2025-11-18,C0866,Boutique,Pantalons,Jogging,M,1,34.9,0,34.9
14030,2025-11-18,C0002,Boutique,Vestes,Veste en jean,M,1,79.9,0,79.9
14030,2025-11-18,C0002,Boutique,T-shirts,T-shirt oversize,M,1,29.9,0,29.9
14031,2025-11-18,C0747,Boutique,T-shirts,T-shirt basique,M,1,19.9,0,19.9
14031,2025-11-18,C0747,Boutique,Pulls & sweats,Sweat à capuche,S,1,49.9,0,49.9
14032,2025-11-18,C0058,Boutique,Pulls & sweats,Sweat à capuche,M,1,49.9,0,49.9
14033,2025-11-19,C0070,Boutique,Vestes,Coupe-vent,M,2,64.9,0,129.8
14034,2025-11-19,C0082,Boutique,Accessoires,Sac banane,Unique,1,34.9,0,34.9
14035,2025-11-19,C0065,Boutique,Pantalons,Pantalon cargo,L,1,49.9,0,49.9
14036,2025-11-19,C0374,En ligne,Vestes,Veste en jean,M,1,79.9,0,79.9
14037,2025-11-19,C0380,En ligne,Vestes,Doudoune,L,1,119.9,0,119.9
14038,2025-11-19,C0419,Boutique,T-shirts,T-shirt basique,M,1,19.9,0,19.9
14039,2025-11-19,C0567,Boutique,Accessoires,Ceinture,Unique,2,29.9,0,59.8
14040,2025-11-19,C0342,En ligne,Accessoires,Bonnet,Unique,1,17.9,0,17.9
14041,2025-11-19,C0743,Boutique,Pulls & sweats,Sweat à capuche,XS,1,49.9,0,49.9
14042,2025-11-19,C0706,En ligne,Accessoires,Écharpe,Unique,1,24.9,0,24.9
14043,2025-11-19,C0072,En ligne,Pulls & sweats,Pull en laine,L,1,59.9,0,59.9
14043,2025-11-19,C0072,En ligne,Accessoires,Ceinture,Unique,1,29.9,0,29.9
14043,2025-11-19,C0072,En ligne,Pulls & sweats,Pull en laine,L,1,59.9,0,59.9
14044,2025-11-19,C0052,Boutique,Accessoires,Sac banane,Unique,1,34.9,0,34.9
14045,2025-11-19,C0753,Boutique,Pulls & sweats,Sweat à capuche,L,1,49.9,0,49.9
14045,2025-11-19,C0753,Boutique,Vestes,Veste en jean,L,1,79.9,0,79.9
14046,2025-11-19,C0002,En ligne,Vestes,Coupe-vent,M,1,64.9,0,64.9
14047,2025-11-19,C0067,En ligne,Pulls & sweats,Pull en laine,S,1,59.9,0,59.9
14048,2025-11-19,C0065,En ligne,Pantalons,Jean droit,XS,1,59.9,0,59.9
14049,2025-11-19,C0015,En ligne,Pulls & sweats,Pull en laine,XL,1,59.9,0,59.9
14050,2025-11-19,C0032,En ligne,Pantalons,Jean slim,L,1,54.9,0,54.9
14051,2025-11-19,C0044,Boutique,Accessoires,Casquette,Unique,1,19.9,0,19.9
14051,2025-11-19,C0044,Boutique,Pulls & sweats,Sweat col rond,L,1,39.9,0,39.9
14052,2025-11-19,C0006,En ligne,Pulls & sweats,Pull en laine,L,1,59.9,0,59.9
14052,2025-11-19,C0006,En ligne,Vestes,Doudoune,XS,1,119.9,0,119.9
14053,2025-11-19,C0585,Boutique,Vestes,Veste en jean,M,1,79.9,0,79.9
14054,2025-11-19,C0056,Boutique,Accessoires,Sac banane,Unique,2,34.9,0,69.8
14054,2025-11-19,C0056,Boutique,Accessoires,Bonnet,Unique,1,17.9,0,17.9
14055,2025-11-19,C0072,En ligne,T-shirts,T-shirt basique,M,1,19.9,0,19.9
14056,2025-11-19,C0762,En ligne,Chaussures,Baskets blanches,41,1,89.9,0,89.9
14057,2025-11-19,C0684,En ligne,Vestes,Coupe-vent,L,1,64.9,0,64.9
14058,2025-11-19,C0254,Boutique,T-shirts,T-shirt basique,S,1,19.9,0,19.9
14059,2025-11-20,C0728,Boutique,Accessoires,Sac banane,Unique,2,34.9,0,69.8
14060,2025-11-20,C0755,Boutique,Accessoires,Casquette,Unique,1,19.9,0,19.9
14060,2025-11-20,C0755,Boutique,Vestes,Veste en jean,M,1,79.9,0,79.9
14061,2025-11-20,C0515,Boutique,Pantalons,Jean slim,M,2,54.9,0,109.8
14062,2025-11-20,C0051,Boutique,Accessoires,Casquette,Unique,1,19.9,0,19.9
14062,2025-11-20,C0051,Boutique,T-shirts,T-shirt oversize,M,1,29.9,0,29.9
14062,2025-11-20,C0051,Boutique,T-shirts,T-shirt basique,M,1,19.9,0,19.9
14063,2025-11-20,C0033,Boutique,Pulls & sweats,Sweat à capuche,S,1,49.9,0,49.9
14063,2025-11-20,C0033,Boutique,T-shirts,T-shirt imprimé,S,1,24.9,0,24.9
14063,2025-11-20,C0033,Boutique,Pantalons,Jogging,L,1,34.9,0,34.9
14064,2025-11-20,C0097,Boutique,Accessoires,Sac banane,Unique,2,34.9,0,69.8
14065,2025-11-20,C0373,En ligne,Vestes,Coupe-vent,M,1,64.9,0,64.9
14066,2025-11-20,C0238,Boutique,Pulls & sweats,Pull en laine,M,1,59.9,0,59.9
14067,2025-11-20,C0177,Boutique,T-shirts,T-shirt imprimé,XL,1,24.9,0,24.9
14067,2025-11-20,C0177,Boutique,Pulls & sweats,Pull en laine,S,1,59.9,0,59.9
14067,2025-11-20,C0177,Boutique,T-shirts,T-shirt imprimé,M,1,24.9,0,24.9
14068,2025-11-20,C0758,Boutique,Chaussures,Sneakers running,44,1,99.9,0,99.9
14069,2025-11-20,C0264,En ligne,Vestes,Doudoune,XL,1,119.9,0,119.9
14069,2025-11-20,C0264,En ligne,Accessoires,Sac banane,Unique,1,34.9,0,34.9
14070,2025-11-20,C0497,Boutique,Vestes,Coupe-vent,M,1,64.9,0,64.9
14071,2025-11-20,C0334,Boutique,T-shirts,T-shirt imprimé,XS,1,24.9,0,24.9
14072,2025-11-20,C0289,Boutique,Pantalons,Pantalon cargo,S,1,49.9,0,49.9
14073,2025-11-20,C0195,Boutique,Pulls & sweats,Pull en laine,M,1,59.9,0,59.9
14074,2025-11-20,C0056,Boutique,Pulls & sweats,Pull en laine,L,2,59.9,0,119.8
14074,2025-11-20,C0056,Boutique,Pulls & sweats,Sweat à capuche,M,1,49.9,0,49.9
14075,2025-11-20,C0120,En ligne,Pulls & sweats,Sweat à capuche,M,2,49.9,0,99.8
14075,2025-11-20,C0120,En ligne,Pulls & sweats,Sweat col rond,XS,1,39.9,0,39.9
14075,2025-11-20,C0120,En ligne,Accessoires,Sac banane,Unique,2,34.9,0,69.8
14076,2025-11-20,C0450,En ligne,Pulls & sweats,Sweat à capuche,L,1,49.9,0,49.9
14077,2025-11-20,C0080,En ligne,T-shirts,T-shirt basique,M,1,19.9,0,19.9
14078,2025-11-20,C0250,En ligne,Pantalons,Jogging,M,1,34.9,0,34.9
14079,2025-11-20,C0519,Boutique,Vestes,Veste en jean,M,1,79.9,0,79.9
14079,2025-11-20,C0519,Boutique,Pantalons,Jogging,M,1,34.9,0,34.9
14080,2025-11-20,C0074,En ligne,Pulls & sweats,Sweat à capuche,M,1,49.9,0,49.9
14080,2025-11-20,C0074,En ligne,Vestes,Veste en jean,L,1,79.9,0,79.9
14081,2025-11-20,C0413,Boutique,Accessoires,Casquette,Unique,2,19.9,0,39.8
14082,2025-11-21,C0450,Boutique,T-shirts,T-shirt basique,S,1,19.9,0,19.9
14083,2025-11-21,C0796,En ligne,Pantalons,Jean slim,M,1,54.9,0,54.9
14084,2025-11-21,C0568,Boutique,Pulls & sweats,Sweat col rond,XL,1,39.9,0,39.9
14085,2025-11-21,C0746,En ligne,Pulls & sweats,Pull en laine,XS,1,59.9,0,59.9
14086,2025-11-21,C0018,Boutique,Accessoires,Bonnet,Unique,1,17.9,0,17.9
14086,2025-11-21,C0018,Boutique,Accessoires,Sac banane,Unique,1,34.9,0,34.9
14087,2025-11-21,C0025,En ligne,Chaussures,Sneakers running,43,2,99.9,0,199.8
14088,2025-11-21,C0097,Boutique,Accessoires,Écharpe,Unique,1,24.9,0,24.9
14089,2025-11-21,C0087,Boutique,Pantalons,Jean droit,M,1,59.9,0,59.9
14090,2025-11-21,C0051,En ligne,Accessoires,Bonnet,Unique,1,17.9,0,17.9
14091,2025-11-21,C0064,Boutique,T-shirts,T-shirt imprimé,L,1,24.9,0,24.9
14091,2025-11-21,C0064,Boutique,Accessoires,Bonnet,Unique,2,17.9,0,35.8
14092,2025-11-21,C0657,En ligne,Pulls & sweats,Sweat à capuche,S,2,49.9,0,99.8
14092,2025-11-21,C0657,En ligne,T-shirts,T-shirt imprimé,M,1,24.9,0,24.9
14093,2025-11-21,C0629,Boutique,Vestes,Veste en jean,M,1,79.9,0,79.9
14094,2025-11-21,C0039,Boutique,Vestes,Doudoune,M,2,119.9,0,239.8
14094,2025-11-21,C0039,Boutique,Pulls & sweats,Pull en laine,M,1,59.9,0,59.9
14095,2025-11-21,C0096,Boutique,Accessoires,Bonnet,Unique,1,17.9,0,17.9
14096,2025-11-21,C0029,Boutique,Pantalons,Jogging,S,1,34.9,0,34.9
14097,2025-11-21,C0003,En ligne,Accessoires,Bonnet,Unique,1,17.9,0,17.9
14098,2025-11-21,C0109,Boutique,T-shirts,T-shirt basique,L,1,19.9,0,19.9
14098,2025-11-21,C0109,Boutique,Accessoires,Écharpe,Unique,1,24.9,0,24.9
14099,2025-11-21,C0335,Boutique,Pantalons,Jean droit,S,1,59.9,0,59.9
14100,2025-11-22,C0016,Boutique,T-shirts,T-shirt basique,M,1,19.9,0,19.9
14100,2025-11-22,C0016,Boutique,Vestes,Doudoune,M,2,119.9,0,239.8
14100,2025-11-22,C0016,Boutique,T-shirts,T-shirt imprimé,L,1,24.9,0,24.9
14101,2025-11-22,C0088,Boutique,Pantalons,Pantalon cargo,L,1,49.9,0,49.9
14101,2025-11-22,C0088,Boutique,Pantalons,Jogging,M,1,34.9,0,34.9
14102,2025-11-22,C0070,En ligne,Vestes,Coupe-vent,XL,1,64.9,0,64.9
14103,2025-11-22,C0222,Boutique,Accessoires,Bonnet,Unique,1,17.9,0,17.9
14103,2025-11-22,C0222,Boutique,Pulls & sweats,Sweat col rond,L,1,39.9,0,39.9
14103,2025-11-22,C0222,Boutique,Pulls & sweats,Pull en laine,M,1,59.9,0,59.9
14104,2025-11-22,C0002,Boutique,Pantalons,Jean slim,XS,1,54.9,0,54.9
14105,2025-11-22,C0057,Boutique,Accessoires,Bonnet,Unique,1,17.9,0,17.9
14106,2025-11-22,C0724,Boutique,Pulls & sweats,Sweat à capuche,M,1,49.9,0,49.9
14107,2025-11-22,C0431,En ligne,T-shirts,T-shirt imprimé,XL,1,24.9,0,24.9
14108,2025-11-22,C0214,Boutique,Accessoires,Bonnet,Unique,2,17.9,0,35.8
14109,2025-11-22,C0393,En ligne,T-shirts,T-shirt imprimé,S,1,24.9,0,24.9
14110,2025-11-22,C0108,Boutique,Pulls & sweats,Pull en laine,M,1,59.9,0,59.9
14111,2025-11-22,C0014,En ligne,Vestes,Doudoune,M,1,119.9,0,119.9
14112,2025-11-22,C0118,Boutique,Chaussures,Sneakers running,43,1,99.9,0,99.9
14113,2025-11-22,C0071,En ligne,T-shirts,T-shirt imprimé,M,1,24.9,0,24.9
14113,2025-11-22,C0071,En ligne,Accessoires,Écharpe,Unique,1,24.9,0,24.9
14114,2025-11-22,C0232,Boutique,Pantalons,Jogging,S,1,34.9,0,34.9
14115,2025-11-22,C0084,Boutique,T-shirts,T-shirt oversize,M,1,29.9,0,29.9
14116,2025-11-22,C0056,Boutique,Pantalons,Jean droit,S,1,59.9,0,59.9
14117,2025-11-22,C0114,Boutique,T-shirts,T-shirt imprimé,M,1,24.9,0,24.9
14118,2025-11-22,C0044,En ligne,Pantalons,Jogging,L,1,34.9,0,34.9
14119,2025-11-22,C0051,Boutique,Pantalons,Jean slim,L,1,54.9,0,54.9
14120,2025-11-22,C0102,Boutique,Accessoires,Casquette,Unique,1,19.9,0,19.9
14121,2025-11-22,C0093,En ligne,Chaussures,Sneakers running,41,1,99.9,0,99.9
14122,2025-11-22,C0427,Boutique,Vestes,Doudoune,XL,1,119.9,0,119.9
14123,2025-11-22,C0862,Boutique,Vestes,Doudoune,M,1,119.9,0,119.9
14124,2025-11-22,C0116,Boutique,Pantalons,Jogging,XS,1,34.9,0,34.9
14124,2025-11-22,C0116,Boutique,Pulls & sweats,Sweat à capuche,L,1,49.9,0,49.9
14125,2025-11-22,C0413,Boutique,T-shirts,T-shirt basique,XL,1,19.9,0,19.9
14126,2025-11-22,C0087,En ligne,Pulls & sweats,Sweat à capuche,M,1,49.9,0,49.9
14127,2025-11-22,C0090,Boutique,Pulls & sweats,Pull en laine,M,1,59.9,0,59.9
14128,2025-11-22,C0433,En ligne,Vestes,Coupe-vent,L,1,64.9,0,64.9
14129,2025-11-22,C0325,En ligne,Pulls & sweats,Sweat à capuche,XL,1,49.9,0,49.9
14130,2025-11-22,C0153,Boutique,Pantalons,Pantalon cargo,L,1,49.9,0,49.9
14131,2025-11-22,C0085,Boutique,Accessoires,Écharpe,Unique,2,24.9,0,49.8
14131,2025-11-22,C0085,Boutique,Pantalons,Pantalon cargo,XL,1,49.9,0,49.9
14132,2025-11-22,C0117,Boutique,Pulls & sweats,Sweat à capuche,XL,1,49.9,0,49.9
14133,2025-11-22,C0130,Boutique,Pantalons,Pantalon cargo,S,1,49.9,0,49.9
14133,2025-11-22,C0130,Boutique,Accessoires,Sac banane,Unique,1,34.9,0,34.9
14134,2025-11-22,C0090,Boutique,Pulls & sweats,Sweat col rond,M,1,39.9,0,39.9
14135,2025-11-22,C0097,Boutique,Pulls & sweats,Sweat à capuche,M,1,49.9,0,49.9
14136,2025-11-22,C0595,Boutique,T-shirts,T-shirt imprimé,S,1,24.9,0,24.9
14137,2025-11-22,C0113,En ligne,Accessoires,Casquette,Unique,2,19.9,0,39.8
14137,2025-11-22,C0113,En ligne,Vestes,Veste en jean,L,1,79.9,0,79.9
14137,2025-11-22,C0113,En ligne,Chaussures,Sneakers running,44,1,99.9,0,99.9
14138,2025-11-22,C0064,Boutique,T-shirts,T-shirt imprimé,M,1,24.9,0,24.9
14138,2025-11-22,C0064,Boutique,Vestes,Veste en jean,M,1,79.9,0,79.9
14139,2025-11-22,C0103,Boutique,T-shirts,T-shirt basique,M,1,19.9,0,19.9
14140,2025-11-24,C0040,Boutique,Pulls & sweats,Sweat à capuche,L,1,49.9,20,39.92
14141,2025-11-24,C0624,Boutique,Vestes,Doudoune,M,1,119.9,20,95.92
14142,2025-11-24,C0160,Boutique,Pulls & sweats,Sweat col rond,L,1,39.9,20,31.92
14143,2025-11-24,C0328,En ligne,Chaussures,Baskets blanches,39,1,89.9,20,71.92
14143,2025-11-24,C0328,En ligne,Accessoires,Casquette,Unique,1,19.9,20,15.92
14143,2025-11-24,C0328,En ligne,Vestes,Coupe-vent,M,1,64.9,20,51.92
14144,2025-11-24,C0756,Boutique,T-shirts,T-shirt oversize,XL,1,29.9,20,23.92
14145,2025-11-24,C0045,Boutique,Pantalons,Pantalon cargo,S,1,49.9,20,39.92
14146,2025-11-24,C0007,Boutique,Accessoires,Sac banane,Unique,1,34.9,20,27.92
14147,2025-11-24,C0010,Boutique,T-shirts,T-shirt imprimé,XS,2,24.9,20,39.84
14147,2025-11-24,C0010,Boutique,Vestes,Coupe-vent,L,2,64.9,20,103.84
14148,2025-11-24,C0391,En ligne,Vestes,Coupe-vent,XL,1,64.9,20,51.92
14149,2025-11-24,C0764,Boutique,Chaussures,Baskets blanches,40,1,89.9,20,71.92
14150,2025-11-24,C0842,En ligne,Pulls & sweats,Sweat à capuche,S,2,49.9,20,79.84
14150,2025-11-24,C0842,En ligne,Accessoires,Bonnet,Unique,1,17.9,20,14.32
14150,2025-11-24,C0842,En ligne,Accessoires,Bonnet,Unique,1,17.9,20,14.32
14151,2025-11-24,C0141,Boutique,Chaussures,Baskets blanches,41,1,89.9,20,71.92
14151,2025-11-24,C0141,Boutique,Accessoires,Ceinture,Unique,1,29.9,20,23.92
14152,2025-11-24,C0059,Boutique,Pulls & sweats,Sweat à capuche,S,1,49.9,20,39.92
14152,2025-11-24,C0059,Boutique,Vestes,Veste en jean,S,1,79.9,20,63.92
14152,2025-11-24,C0059,Boutique,Vestes,Doudoune,L,1,119.9,20,95.92
14153,2025-11-24,C0101,En ligne,Chaussures,Baskets blanches,40,1,89.9,20,71.92
14153,2025-11-24,C0101,En ligne,T-shirts,T-shirt oversize,M,1,29.9,20,23.92
14154,2025-11-24,C0084,Boutique,Chaussures,Bottines,39,1,109.9,20,87.92
14155,2025-11-24,C0679,Boutique,Vestes,Veste en jean,L,1,79.9,20,63.92
14156,2025-11-24,C0003,Boutique,Pulls & sweats,Sweat col rond,M,1,39.9,20,31.92
14157,2025-11-24,C0724,Boutique,Vestes,Doudoune,M,1,119.9,20,95.92
14158,2025-11-24,C0020,En ligne,T-shirts,T-shirt oversize,XS,1,29.9,20,23.92
14158,2025-11-24,C0020,En ligne,Vestes,Doudoune,S,1,119.9,20,95.92
14159,2025-11-24,C0652,En ligne,T-shirts,T-shirt basique,S,1,19.9,20,15.92
14159,2025-11-24,C0652,En ligne,Accessoires,Casquette,Unique,1,19.9,20,15.92
14160,2025-11-24,C0074,En ligne,Chaussures,Bottines,39,1,109.9,20,87.92
14161,2025-11-24,C0018,Boutique,Pulls & sweats,Sweat à capuche,M,2,49.9,20,79.84
14162,2025-11-24,C0537,Boutique,Accessoires,Ceinture,Unique,1,29.9,20,23.92
14162,2025-11-24,C0537,Boutique,Chaussures,Sneakers running,40,1,99.9,20,79.92
14163,2025-11-24,C0854,En ligne,Accessoires,Écharpe,Unique,1,24.9,20,19.92
14164,2025-11-24,C0532,En ligne,T-shirts,T-shirt basique,XL,1,19.9,20,15.92
14164,2025-11-24,C0532,En ligne,Pantalons,Jean droit,XS,1,59.9,20,47.92
14165,2025-11-24,C0104,Boutique,Pulls & sweats,Sweat col rond,XL,1,39.9,20,31.92
14166,2025-11-24,C0309,En ligne,Pantalons,Jean droit,S,1,59.9,20,47.92
14167,2025-11-24,C0666,Boutique,Pulls & sweats,Sweat à capuche,L,1,49.9,20,39.92
14167,2025-11-24,C0666,Boutique,Pantalons,Pantalon cargo,M,1,49.9,20,39.92
14168,2025-11-24,C0047,Boutique,Accessoires,Casquette,Unique,1,19.9,20,15.92
14169,2025-11-24,C0365,Boutique,Pantalons,Jean droit,M,2,59.9,20,95.84
14169,2025-11-24,C0365,Boutique,T-shirts,T-shirt basique,XS,1,19.9,20,15.92
14169,2025-11-24,C0365,Boutique,Pantalons,Jean droit,L,1,59.9,20,47.92
14170,2025-11-25,C0140,Boutique,Pantalons,Jean droit,M,2,59.9,20,95.84
14171,2025-11-25,C0225,Boutique,Pantalons,Pantalon cargo,XL,1,49.9,20,39.92
14171,2025-11-25,C0225,Boutique,Accessoires,Bonnet,Unique,1,17.9,20,14.32
14171,2025-11-25,C0225,Boutique,T-shirts,T-shirt basique,M,1,19.9,20,15.92
14172,2025-11-25,C0063,Boutique,Pulls & sweats,Sweat à capuche,M,1,49.9,20,39.92
14172,2025-11-25,C0063,Boutique,Accessoires,Ceinture,Unique,1,29.9,20,23.92
14173,2025-11-25,C0605,Boutique,T-shirts,T-shirt basique,L,1,19.9,20,15.92
14173,2025-11-25,C0605,Boutique,Accessoires,Écharpe,Unique,1,24.9,20,19.92
14174,2025-11-25,C0064,Boutique,T-shirts,T-shirt basique,L,1,19.9,20,15.92
14174,2025-11-25,C0064,Boutique,Pulls & sweats,Pull en laine,M,1,59.9,20,47.92
14174,2025-11-25,C0064,Boutique,T-shirts,T-shirt basique,S,2,19.9,20,31.84
14175,2025-11-25,C0530,En ligne,Accessoires,Ceinture,Unique,1,29.9,20,23.92
14176,2025-11-25,C0089,En ligne,Pantalons,Jogging,M,1,34.9,20,27.92
14177,2025-11-25,C0329,En ligne,Pulls & sweats,Sweat à capuche,M,1,49.9,20,39.92
14178,2025-11-25,C0115,En ligne,Accessoires,Sac banane,Unique,1,34.9,20,27.92
14178,2025-11-25,C0115,En ligne,T-shirts,T-shirt imprimé,XL,2,24.9,20,39.84
14179,2025-11-25,C0036,Boutique,Accessoires,Sac banane,Unique,1,34.9,20,27.92
14180,2025-11-25,C0090,Boutique,Accessoires,Sac banane,Unique,1,34.9,20,27.92
14181,2025-11-25,C0822,Boutique,Pantalons,Pantalon cargo,M,1,49.9,20,39.92
14181,2025-11-25,C0822,Boutique,Accessoires,Ceinture,Unique,2,29.9,20,47.84
14182,2025-11-25,C0737,Boutique,Chaussures,Bottines,40,1,109.9,20,87.92
14183,2025-11-25,C0041,En ligne,Vestes,Doudoune,XL,2,119.9,20,191.84
14183,2025-11-25,C0041,En ligne,Accessoires,Écharpe,Unique,1,24.9,20,19.92
14183,2025-11-25,C0041,En ligne,Chaussures,Bottines,40,1,109.9,20,87.92
14184,2025-11-25,C0094,Boutique,Pulls & sweats,Sweat col rond,S,1,39.9,20,31.92
14185,2025-11-25,C0025,En ligne,Accessoires,Casquette,Unique,1,19.9,20,15.92
14185,2025-11-25,C0025,En ligne,T-shirts,T-shirt oversize,XS,1,29.9,20,23.92
14186,2025-11-25,C0020,Boutique,Chaussures,Bottines,41,2,109.9,20,175.84
14186,2025-11-25,C0020,Boutique,Pulls & sweats,Pull en laine,XS,1,59.9,20,47.92
14187,2025-11-25,C0038,En ligne,Pantalons,Pantalon cargo,M,1,49.9,20,39.92
14188,2025-11-25,C0217,En ligne,Accessoires,Écharpe,Unique,1,24.9,20,19.92
14188,2025-11-25,C0217,En ligne,Pulls & sweats,Pull en laine,M,2,59.9,20,95.84
14188,2025-11-25,C0217,En ligne,Vestes,Veste en jean,S,1,79.9,20,63.92
14189,2025-11-25,C0062,En ligne,T-shirts,T-shirt imprimé,L,1,24.9,20,19.92
14190,2025-11-25,C0065,En ligne,T-shirts,T-shirt imprimé,L,1,24.9,20,19.92
14190,2025-11-25,C0065,En ligne,Pulls & sweats,Sweat col rond,M,1,39.9,20,31.92
14191,2025-11-25,C0003,Boutique,Accessoires,Ceinture,Unique,2,29.9,20,47.84
14192,2025-11-25,C0073,Boutique,Vestes,Coupe-vent,XL,1,64.9,20,51.92
14193,2025-11-25,C0785,Boutique,Accessoires,Casquette,Unique,1,19.9,20,15.92
14193,2025-11-25,C0785,Boutique,Vestes,Doudoune,S,1,119.9,20,95.92
14194,2025-11-25,C0075,Boutique,T-shirts,T-shirt imprimé,S,2,24.9,20,39.84
14195,2025-11-25,C0300,En ligne,Pulls & sweats,Sweat col rond,XL,1,39.9,20,31.92
14196,2025-11-25,C0088,Boutique,Pantalons,Jean droit,L,1,59.9,20,47.92
14196,2025-11-25,C0088,Boutique,Accessoires,Bonnet,Unique,2,17.9,20,28.64
14196,2025-11-25,C0088,Boutique,Vestes,Veste en jean,L,2,79.9,20,127.84
14197,2025-11-26,C0064,Boutique,Chaussures,Sneakers running,44,1,99.9,20,79.92
14198,2025-11-26,C0074,En ligne,Accessoires,Écharpe,Unique,2,24.9,20,39.84
14198,2025-11-26,C0074,En ligne,Accessoires,Sac banane,Unique,2,34.9,20,55.84
14199,2025-11-26,C0001,Boutique,Pulls & sweats,Sweat col rond,M,1,39.9,20,31.92
14200,2025-11-26,C0815,Boutique,Pulls & sweats,Sweat col rond,M,1,39.9,20,31.92
14200,2025-11-26,C0815,Boutique,Pantalons,Jogging,M,1,34.9,20,27.92
14201,2025-11-26,C0690,Boutique,Pulls & sweats,Sweat col rond,S,1,39.9,20,31.92
14202,2025-11-26,C0330,En ligne,Pulls & sweats,Sweat col rond,M,1,39.9,20,31.92
14202,2025-11-26,C0330,En ligne,T-shirts,T-shirt basique,M,1,19.9,20,15.92
14203,2025-11-26,C0056,Boutique,Vestes,Veste en jean,L,1,79.9,20,63.92
14204,2025-11-26,C0016,Boutique,T-shirts,T-shirt imprimé,M,1,24.9,20,19.92
14204,2025-11-26,C0016,Boutique,Vestes,Doudoune,M,1,119.9,20,95.92
14205,2025-11-26,C0866,Boutique,Chaussures,Bottines,42,1,109.9,20,87.92
14206,2025-11-26,C0015,En ligne,Vestes,Coupe-vent,L,1,64.9,20,51.92
14207,2025-11-26,C0668,Boutique,Pantalons,Pantalon cargo,L,2,49.9,20,79.84
14207,2025-11-26,C0668,Boutique,Pantalons,Jogging,XL,2,34.9,20,55.84
14207,2025-11-26,C0668,Boutique,Pulls & sweats,Pull en laine,L,1,59.9,20,47.92
14208,2025-11-26,C0057,En ligne,Accessoires,Casquette,Unique,1,19.9,20,15.92
14209,2025-11-26,C0037,En ligne,Vestes,Coupe-vent,XL,1,64.9,20,51.92
14210,2025-11-26,C0104,Boutique,Accessoires,Bonnet,Unique,1,17.9,20,14.32
14211,2025-11-26,C0274,Boutique,Pulls & sweats,Sweat col rond,L,1,39.9,20,31.92
14212,2025-11-26,C0854,Boutique,Pulls & sweats,Pull en laine,XL,1,59.9,20,47.92
14212,2025-11-26,C0854,Boutique,T-shirts,T-shirt imprimé,M,1,24.9,20,19.92
14213,2025-11-26,C0028,Boutique,T-shirts,T-shirt oversize,M,1,29.9,20,23.92
14213,2025-11-26,C0028,Boutique,Chaussures,Baskets blanches,43,1,89.9,20,71.92
14214,2025-11-26,C0065,Boutique,Accessoires,Sac banane,Unique,1,34.9,20,27.92
14215,2025-11-26,C0111,En ligne,Accessoires,Ceinture,Unique,1,29.9,20,23.92
14215,2025-11-26,C0111,En ligne,Pantalons,Jogging,M,1,34.9,20,27.92
14216,2025-11-26,C0192,Boutique,Accessoires,Écharpe,Unique,1,24.9,20,19.92
14217,2025-11-26,C0789,Boutique,Accessoires,Bonnet,Unique,1,17.9,20,14.32
14217,2025-11-26,C0789,Boutique,T-shirts,T-shirt imprimé,M,1,24.9,20,19.92
14218,2025-11-26,C0046,En ligne,Chaussures,Sneakers running,40,1,99.9,20,79.92
14219,2025-11-26,C0014,Boutique,Accessoires,Sac banane,Unique,1,34.9,20,27.92
14220,2025-11-26,C0088,Boutique,Accessoires,Ceinture,Unique,1,29.9,20,23.92
14221,2025-11-26,C0023,Boutique,Vestes,Veste en jean,M,1,79.9,20,63.92
14222,2025-11-26,C0080,Boutique,Pantalons,Jean slim,XS,1,54.9,20,43.92
14223,2025-11-26,C0109,Boutique,Vestes,Doudoune,L,1,119.9,20,95.92
14223,2025-11-26,C0109,Boutique,Pulls & sweats,Sweat à capuche,M,1,49.9,20,39.92
14224,2025-11-26,C0180,Boutique,Pulls & sweats,Sweat col rond,L,1,39.9,20,31.92
14225,2025-11-26,C0655,Boutique,T-shirts,T-shirt oversize,M,1,29.9,20,23.92
14225,2025-11-26,C0655,Boutique,Pulls & sweats,Pull en laine,XS,1,59.9,20,47.92
14226,2025-11-26,C0020,Boutique,Accessoires,Écharpe,Unique,1,24.9,20,19.92
14226,2025-11-26,C0020,Boutique,Pulls & sweats,Pull en laine,S,1,59.9,20,47.92
14226,2025-11-26,C0020,Boutique,T-shirts,T-shirt basique,M,1,19.9,20,15.92
14227,2025-11-26,C0061,Boutique,Pulls & sweats,Pull en laine,L,1,59.9,20,47.92
14227,2025-11-26,C0061,Boutique,Pulls & sweats,Sweat à capuche,XL,1,49.9,20,39.92
14228,2025-11-26,C0572,Boutique,Pulls & sweats,Sweat col rond,XL,1,39.9,20,31.92
14228,2025-11-26,C0572,Boutique,Accessoires,Sac banane,Unique,1,34.9,20,27.92
14229,2025-11-26,C0061,Boutique,Vestes,Coupe-vent,XS,1,64.9,20,51.92
14230,2025-11-26,C0105,Boutique,Pantalons,Jean droit,XS,1,59.9,20,47.92
14231,2025-11-26,C0210,Boutique,Pulls & sweats,Pull en laine,S,1,59.9,20,47.92
14232,2025-11-26,C0621,En ligne,Vestes,Veste en jean,L,1,79.9,20,63.92
14232,2025-11-26,C0621,En ligne,Pulls & sweats,Pull en laine,XL,1,59.9,20,47.92
14233,2025-11-27,C0247,Boutique,Pantalons,Pantalon cargo,XS,2,49.9,20,79.84
14233,2025-11-27,C0247,Boutique,T-shirts,T-shirt oversize,M,2,29.9,20,47.84
14234,2025-11-27,C0492,En ligne,Pulls & sweats,Sweat col rond,S,1,39.9,20,31.92
14234,2025-11-27,C0492,En ligne,Pantalons,Jean droit,L,1,59.9,20,47.92
14235,2025-11-27,C0391,Boutique,Pulls & sweats,Sweat col rond,S,1,39.9,20,31.92
14235,2025-11-27,C0391,Boutique,Vestes,Doudoune,S,1,119.9,20,95.92
14236,2025-11-27,C0091,Boutique,T-shirts,T-shirt basique,L,1,19.9,20,15.92
14237,2025-11-27,C0101,Boutique,Accessoires,Bonnet,Unique,1,17.9,20,14.32
14238,2025-11-27,C0103,En ligne,Chaussures,Bottines,43,1,109.9,20,87.92
14239,2025-11-27,C0027,Boutique,T-shirts,T-shirt basique,M,1,19.9,20,15.92
14239,2025-11-27,C0027,Boutique,Pulls & sweats,Pull en laine,XL,1,59.9,20,47.92
14240,2025-11-27,C0029,Boutique,Chaussures,Sneakers running,44,1,99.9,20,79.92
14240,2025-11-27,C0029,Boutique,Vestes,Veste en jean,S,1,79.9,20,63.92
14241,2025-11-27,C0369,Boutique,Pantalons,Jean droit,XL,1,59.9,20,47.92
14242,2025-11-27,C0718,Boutique,Pantalons,Jogging,L,1,34.9,20,27.92
14242,2025-11-27,C0718,Boutique,Pantalons,Jean slim,XL,1,54.9,20,43.92
14243,2025-11-27,C0085,Boutique,T-shirts,T-shirt basique,L,1,19.9,20,15.92
14244,2025-11-27,C0874,En ligne,Accessoires,Écharpe,Unique,1,24.9,20,19.92
14244,2025-11-27,C0874,En ligne,T-shirts,T-shirt basique,M,1,19.9,20,15.92
14245,2025-11-27,C0089,Boutique,T-shirts,T-shirt oversize,S,1,29.9,20,23.92
14245,2025-11-27,C0089,Boutique,Accessoires,Bonnet,Unique,1,17.9,20,14.32
14245,2025-11-27,C0089,Boutique,Chaussures,Bottines,39,1,109.9,20,87.92
14246,2025-11-27,C0072,Boutique,Chaussures,Bottines,39,1,109.9,20,87.92
14247,2025-11-27,C0765,En ligne,T-shirts,T-shirt imprimé,XL,1,24.9,20,19.92
14248,2025-11-27,C0833,Boutique,Accessoires,Ceinture,Unique,1,29.9,20,23.92
14249,2025-11-27,C0819,Boutique,Chaussures,Bottines,43,2,109.9,20,175.84
14249,2025-11-27,C0819,Boutique,Pantalons,Jean slim,S,1,54.9,20,43.92
14250,2025-11-27,C0341,Boutique,Pulls & sweats,Pull en laine,M,1,59.9,20,47.92
14251,2025-11-27,C0776,En ligne,Pulls & sweats,Sweat col rond,M,1,39.9,20,31.92
14252,2025-11-27,C0094,Boutique,Pulls & sweats,Sweat à capuche,S,1,49.9,20,39.92
14253,2025-11-27,C0112,Boutique,Pantalons,Jean slim,M,1,54.9,20,43.92
14254,2025-11-27,C0078,Boutique,Accessoires,Écharpe,Unique,2,24.9,20,39.84
14254,2025-11-27,C0078,Boutique,T-shirts,T-shirt basique,L,1,19.9,20,15.92
14255,2025-11-27,C0042,Boutique,Chaussures,Baskets blanches,41,2,89.9,20,143.84
14256,2025-11-27,C0640,Boutique,T-shirts,T-shirt imprimé,L,1,24.9,20,19.92
14257,2025-11-27,C0063,Boutique,T-shirts,T-shirt basique,L,1,19.9,20,15.92
14257,2025-11-27,C0063,Boutique,Vestes,Doudoune,S,1,119.9,20,95.92
14258,2025-11-27,C0455,En ligne,T-shirts,T-shirt oversize,M,1,29.9,20,23.92
14259,2025-11-27,C0112,Boutique,Accessoires,Sac banane,Unique,1,34.9,20,27.92
14260,2025-11-27,C0046,Boutique,Pulls & sweats,Pull en laine,M,1,59.9,20,47.92
14261,2025-11-27,C0232,Boutique,Pantalons,Jogging,L,1,34.9,20,27.92
14261,2025-11-27,C0232,Boutique,Pulls & sweats,Sweat à capuche,L,2,49.9,20,79.84
14262,2025-11-27,C0004,Boutique,T-shirts,T-shirt imprimé,XL,1,24.9,20,19.92
14263,2025-11-27,C0550,Boutique,Pantalons,Jogging,S,1,34.9,20,27.92
14264,2025-11-27,C0048,Boutique,Pantalons,Jogging,M,2,34.9,20,55.84
14265,2025-11-27,C0055,Boutique,Vestes,Doudoune,S,1,119.9,20,95.92
14265,2025-11-27,C0055,Boutique,Chaussures,Bottines,39,1,109.9,20,87.92
14266,2025-11-27,C0002,Boutique,T-shirts,T-shirt imprimé,XL,1,24.9,20,19.92
14267,2025-11-28,C0638,Boutique,Pantalons,Jogging,S,2,34.9,20,55.84
14268,2025-11-28,C0537,Boutique,Vestes,Doudoune,M,1,119.9,20,95.92
14269,2025-11-28,C0037,Boutique,Chaussures,Sneakers running,43,1,99.9,20,79.92
14269,2025-11-28,C0037,Boutique,Accessoires,Sac banane,Unique,1,34.9,20,27.92
14270,2025-11-28,C0100,En ligne,Chaussures,Baskets blanches,42,1,89.9,20,71.92
14270,2025-11-28,C0100,En ligne,T-shirts,T-shirt basique,M,2,19.9,20,31.84
14271,2025-11-28,C0063,Boutique,T-shirts,T-shirt imprimé,S,2,24.9,20,39.84
14272,2025-11-28,C0084,Boutique,T-shirts,T-shirt imprimé,M,2,24.9,20,39.84
14273,2025-11-28,C0638,En ligne,Pantalons,Jogging,M,1,34.9,20,27.92
14274,2025-11-28,C0587,Boutique,Pulls & sweats,Pull en laine,L,2,59.9,20,95.84
14274,2025-11-28,C0587,Boutique,Pulls & sweats,Sweat à capuche,M,1,49.9,20,39.92
14275,2025-11-28,C0385,Boutique,T-shirts,T-shirt basique,S,1,19.9,20,15.92
14276,2025-11-28,C0369,En ligne,Accessoires,Casquette,Unique,1,19.9,20,15.92
14277,2025-11-28,C0079,Boutique,Pantalons,Jean droit,XL,1,59.9,20,47.92
14277,2025-11-28,C0079,Boutique,Accessoires,Ceinture,Unique,2,29.9,20,47.84
14278,2025-11-28,C0549,Boutique,Pulls & sweats,Sweat à capuche,XL,1,49.9,20,39.92
14278,2025-11-28,C0549,Boutique,Vestes,Veste en jean,M,1,79.9,20,63.92
14279,2025-11-28,C0247,Boutique,Chaussures,Baskets blanches,39,2,89.9,20,143.84
14279,2025-11-28,C0247,Boutique,Pulls & sweats,Sweat à capuche,L,1,49.9,20,39.92
14280,2025-11-28,C0732,Boutique,Vestes,Coupe-vent,XS,1,64.9,20,51.92
14280,2025-11-28,C0732,Boutique,Pulls & sweats,Sweat col rond,M,1,39.9,20,31.92
14281,2025-11-28,C0292,En ligne,Accessoires,Écharpe,Unique,1,24.9,20,19.92
14281,2025-11-28,C0292,En ligne,Accessoires,Casquette,Unique,1,19.9,20,15.92
14282,2025-11-28,C0063,Boutique,T-shirts,T-shirt imprimé,M,1,24.9,20,19.92
14283,2025-11-28,C0005,Boutique,Pulls & sweats,Sweat col rond,XL,1,39.9,20,31.92
14283,2025-11-28,C0005,Boutique,T-shirts,T-shirt oversize,XL,1,29.9,20,23.92
14284,2025-11-28,C0337,En ligne,Pantalons,Jean slim,S,1,54.9,20,43.92
14285,2025-11-28,C0049,En ligne,Pulls & sweats,Sweat à capuche,M,1,49.9,20,39.92
14286,2025-11-29,C0550,Boutique,Pulls & sweats,Sweat à capuche,M,1,49.9,20,39.92
14287,2025-11-29,C0011,En ligne,Pantalons,Pantalon cargo,M,1,49.9,20,39.92
14288,2025-11-29,C0111,Boutique,Accessoires,Écharpe,Unique,1,24.9,20,19.92
14288,2025-11-29,C0111,Boutique,T-shirts,T-shirt oversize,S,1,29.9,20,23.92
14289,2025-11-29,C0092,Boutique,Pulls & sweats,Sweat à capuche,L,2,49.9,20,79.84
14290,2025-11-29,C0043,Boutique,Accessoires,Bonnet,Unique,1,17.9,20,14.32
14290,2025-11-29,C0043,Boutique,T-shirts,T-shirt imprimé,S,1,24.9,20,19.92
14291,2025-11-29,C0576,Boutique,Pulls & sweats,Sweat à capuche,L,1,49.9,20,39.92
14291,2025-11-29,C0576,Boutique,Pulls & sweats,Sweat col rond,L,2,39.9,20,63.84
14291,2025-11-29,C0576,Boutique,T-shirts,T-shirt basique,M,1,19.9,20,15.92
14292,2025-11-29,C0053,En ligne,Pantalons,Jean droit,L,1,59.9,20,47.92
14292,2025-11-29,C0053,En ligne,T-shirts,T-shirt imprimé,L,1,24.9,20,19.92
14293,2025-11-29,C0141,Boutique,Accessoires,Sac banane,Unique,1,34.9,20,27.92
14294,2025-11-29,C0593,En ligne,Pulls & sweats,Pull en laine,L,1,59.9,20,47.92
14295,2025-11-29,C0040,Boutique,Vestes,Coupe-vent,S,2,64.9,20,103.84
14295,2025-11-29,C0040,Boutique,Accessoires,Sac banane,Unique,1,34.9,20,27.92
14295,2025-11-29,C0040,Boutique,Pulls & sweats,Sweat col rond,XL,1,39.9,20,31.92
14296,2025-11-29,C0391,Boutique,Accessoires,Casquette,Unique,1,19.9,20,15.92
14296,2025-11-29,C0391,Boutique,Vestes,Coupe-vent,M,1,64.9,20,51.92
14297,2025-11-29,C0087,Boutique,T-shirts,T-shirt basique,S,1,19.9,20,15.92
14298,2025-11-29,C0709,Boutique,Pulls & sweats,Sweat col rond,XS,1,39.9,20,31.92
14298,2025-11-29,C0709,Boutique,T-shirts,T-shirt basique,L,1,19.9,20,15.92
14299,2025-11-29,C0003,En ligne,Pulls & sweats,Sweat col rond,XL,2,39.9,20,63.84
14300,2025-11-29,C0311,Boutique,Vestes,Veste en jean,S,1,79.9,20,63.92
14300,2025-11-29,C0311,Boutique,Pulls & sweats,Sweat col rond,M,1,39.9,20,31.92
14301,2025-11-29,C0424,Boutique,Accessoires,Ceinture,Unique,1,29.9,20,23.92
14302,2025-11-29,C0072,Boutique,T-shirts,T-shirt basique,XS,2,19.9,20,31.84
14302,2025-11-29,C0072,Boutique,Pantalons,Jean slim,XL,1,54.9,20,43.92
14302,2025-11-29,C0072,Boutique,Pantalons,Pantalon cargo,XS,1,49.9,20,39.92
14303,2025-11-29,C0371,En ligne,Pulls & sweats,Sweat à capuche,M,1,49.9,20,39.92
14303,2025-11-29,C0371,En ligne,Vestes,Coupe-vent,M,1,64.9,20,51.92
14304,2025-11-29,C0059,Boutique,T-shirts,T-shirt oversize,XL,1,29.9,20,23.92
14304,2025-11-29,C0059,Boutique,Pantalons,Jogging,M,1,34.9,20,27.92
14304,2025-11-29,C0059,Boutique,Accessoires,Ceinture,Unique,2,29.9,20,47.84
14305,2025-11-29,C0537,En ligne,Pantalons,Jean slim,L,1,54.9,20,43.92
14305,2025-11-29,C0537,En ligne,Pulls & sweats,Sweat col rond,M,1,39.9,20,31.92
14305,2025-11-29,C0537,En ligne,Pantalons,Jean slim,L,1,54.9,20,43.92
14306,2025-11-29,C0612,En ligne,T-shirts,T-shirt oversize,M,1,29.9,20,23.92
14306,2025-11-29,C0612,En ligne,Vestes,Doudoune,XS,1,119.9,20,95.92
14307,2025-11-29,C0028,En ligne,Vestes,Veste en jean,S,2,79.9,20,127.84
14307,2025-11-29,C0028,En ligne,Accessoires,Ceinture,Unique,1,29.9,20,23.92
14308,2025-11-29,C0105,Boutique,Accessoires,Bonnet,Unique,1,17.9,20,14.32
14309,2025-11-29,C0816,Boutique,Vestes,Coupe-vent,M,1,64.9,20,51.92
14310,2025-11-29,C0028,En ligne,Vestes,Veste en jean,L,1,79.9,20,63.92
14310,2025-11-29,C0028,En ligne,Pantalons,Jean slim,L,1,54.9,20,43.92
14310,2025-11-29,C0028,En ligne,Accessoires,Ceinture,Unique,1,29.9,20,23.92
14311,2025-11-29,C0082,En ligne,Pantalons,Jean droit,S,1,59.9,20,47.92
14312,2025-11-29,C0795,Boutique,Pulls & sweats,Sweat à capuche,L,1,49.9,20,39.92
14312,2025-11-29,C0795,Boutique,Accessoires,Sac banane,Unique,1,34.9,20,27.92
14312,2025-11-29,C0795,Boutique,Pulls & sweats,Sweat à capuche,XL,1,49.9,20,39.92
14313,2025-11-29,C0652,En ligne,Pantalons,Jean slim,S,1,54.9,20,43.92
14313,2025-11-29,C0652,En ligne,Accessoires,Ceinture,Unique,1,29.9,20,23.92
14314,2025-11-29,C0018,En ligne,Pulls & sweats,Sweat col rond,S,1,39.9,20,31.92
14315,2025-11-29,C0070,En ligne,Accessoires,Écharpe,Unique,1,24.9,20,19.92
14316,2025-11-29,C0419,Boutique,Pulls & sweats,Sweat à capuche,M,2,49.9,20,79.84
14317,2025-11-29,C0118,Boutique,Chaussures,Bottines,41,1,109.9,20,87.92
14317,2025-11-29,C0118,Boutique,Pulls & sweats,Pull en laine,M,1,59.9,20,47.92
14318,2025-11-29,C0524,Boutique,Pulls & sweats,Sweat à capuche,M,1,49.9,20,39.92
14318,2025-11-29,C0524,Boutique,Accessoires,Bonnet,Unique,1,17.9,20,14.32
14319,2025-11-29,C0433,Boutique,T-shirts,T-shirt oversize,M,1,29.9,20,23.92
14320,2025-11-29,C0092,Boutique,T-shirts,T-shirt oversize,M,1,29.9,20,23.92
14320,2025-11-29,C0092,Boutique,Chaussures,Baskets blanches,40,1,89.9,20,71.92
14321,2025-11-29,C0239,Boutique,Pantalons,Jean droit,L,1,59.9,20,47.92
14321,2025-11-29,C0239,Boutique,Accessoires,Sac banane,Unique,1,34.9,20,27.92
14322,2025-11-29,C0046,Boutique,Vestes,Coupe-vent,M,1,64.9,20,51.92
14323,2025-11-29,C0089,En ligne,Pulls & sweats,Pull en laine,XS,1,59.9,20,47.92
14324,2025-11-29,C0206,Boutique,Chaussures,Sneakers running,40,1,99.9,20,79.92
14324,2025-11-29,C0206,Boutique,Pantalons,Pantalon cargo,M,1,49.9,20,39.92
14324,2025-11-29,C0206,Boutique,T-shirts,T-shirt basique,M,1,19.9,20,15.92
14325,2025-11-29,C0876,Boutique,Vestes,Veste en jean,M,1,79.9,20,63.92
14325,2025-11-29,C0876,Boutique,T-shirts,T-shirt basique,M,1,19.9,20,15.92
14326,2025-11-29,C0365,Boutique,Pulls & sweats,Pull en laine,XL,2,59.9,20,95.84
14327,2025-11-29,C0007,En ligne,Accessoires,Ceinture,Unique,1,29.9,20,23.92
14327,2025-11-29,C0007,En ligne,Chaussures,Bottines,44,1,109.9,20,87.92
14328,2025-11-29,C0824,Boutique,Pulls & sweats,Sweat col rond,L,1,39.9,20,31.92
14328,2025-11-29,C0824,Boutique,Pantalons,Jogging,L,1,34.9,20,27.92
14328,2025-11-29,C0824,Boutique,T-shirts,T-shirt basique,M,1,19.9,20,15.92
14329,2025-11-29,C0106,Boutique,Accessoires,Casquette,Unique,1,19.9,20,15.92
14330,2025-11-29,C0069,Boutique,Accessoires,Casquette,Unique,1,19.9,20,15.92
14331,2025-11-29,C0086,Boutique,T-shirts,T-shirt basique,M,2,19.9,20,31.84
14332,2025-11-29,C0059,Boutique,Pulls & sweats,Pull en laine,L,1,59.9,20,47.92
14332,2025-11-29,C0059,Boutique,Chaussures,Bottines,42,1,109.9,20,87.92
14332,2025-11-29,C0059,Boutique,Vestes,Veste en jean,M,1,79.9,20,63.92
14333,2025-11-29,C0064,Boutique,Pulls & sweats,Sweat à capuche,XS,2,49.9,20,79.84
14333,2025-11-29,C0064,Boutique,Pantalons,Pantalon cargo,L,1,49.9,20,39.92
14334,2025-11-29,C0563,Boutique,Pulls & sweats,Sweat col rond,M,2,39.9,20,63.84
14335,2025-11-29,C0120,Boutique,Chaussures,Sneakers running,41,1,99.9,20,79.92
14336,2025-11-29,C0102,Boutique,Accessoires,Bonnet,Unique,1,17.9,20,14.32
14336,2025-11-29,C0102,Boutique,T-shirts,T-shirt basique,XL,1,19.9,20,15.92
14337,2025-11-29,C0021,Boutique,Accessoires,Bonnet,Unique,1,17.9,20,14.32
14338,2025-11-29,C0722,En ligne,Pulls & sweats,Sweat à capuche,XL,1,49.9,20,39.92
14338,2025-11-29,C0722,En ligne,Vestes,Veste en jean,M,1,79.9,20,63.92
14339,2025-11-29,C0511,Boutique,Accessoires,Casquette,Unique,1,19.9,20,15.92
14339,2025-11-29,C0511,Boutique,Accessoires,Ceinture,Unique,2,29.9,20,47.84
14340,2025-11-29,C0082,Boutique,Pulls & sweats,Sweat col rond,L,1,39.9,20,31.92
14341,2025-11-29,C0825,Boutique,Pulls & sweats,Sweat col rond,M,1,39.9,20,31.92
14341,2025-11-29,C0825,Boutique,Vestes,Coupe-vent,XS,2,64.9,20,103.84
14342,2025-11-29,C0453,Boutique,T-shirts,T-shirt oversize,M,1,29.9,20,23.92
14343,2025-12-01,C0017,Boutique,Pantalons,Jogging,XS,2,34.9,0,69.8
14344,2025-12-01,C0785,En ligne,T-shirts,T-shirt imprimé,M,1,24.9,0,24.9
14345,2025-12-01,C0091,Boutique,Pantalons,Pantalon cargo,L,1,49.9,0,49.9
14345,2025-12-01,C0091,Boutique,Pulls & sweats,Pull en laine,S,1,59.9,0,59.9
14346,2025-12-01,C0099,En ligne,Pulls & sweats,Sweat à capuche,M,1,49.9,0,49.9
14347,2025-12-01,C0099,En ligne,Pulls & sweats,Sweat col rond,M,1,39.9,0,39.9
14347,2025-12-01,C0099,En ligne,Vestes,Doudoune,M,1,119.9,0,119.9
14348,2025-12-01,C0672,Boutique,Vestes,Coupe-vent,XL,1,64.9,0,64.9
14348,2025-12-01,C0672,Boutique,Chaussures,Baskets blanches,40,1,89.9,0,89.9
14349,2025-12-01,C0013,Boutique,Pulls & sweats,Sweat à capuche,L,1,49.9,0,49.9
14350,2025-12-01,C0033,En ligne,Vestes,Coupe-vent,M,1,64.9,0,64.9
14351,2025-12-01,C0054,Boutique,T-shirts,T-shirt basique,XL,1,19.9,0,19.9
14352,2025-12-01,C0654,Boutique,Vestes,Doudoune,S,1,119.9,0,119.9
14353,2025-12-01,C0085,Boutique,Pulls & sweats,Pull en laine,S,1,59.9,0,59.9
14353,2025-12-01,C0085,Boutique,Accessoires,Ceinture,Unique,1,29.9,0,29.9
14354,2025-12-01,C0095,Boutique,Vestes,Coupe-vent,S,1,64.9,0,64.9
14355,2025-12-01,C0530,Boutique,Pulls & sweats,Sweat col rond,M,1,39.9,0,39.9
14355,2025-12-01,C0530,Boutique,Pantalons,Jean droit,L,1,59.9,0,59.9
14356,2025-12-01,C0308,Boutique,Accessoires,Sac banane,Unique,1,34.9,0,34.9
14357,2025-12-01,C0065,Boutique,Chaussures,Sneakers running,40,1,99.9,0,99.9
14358,2025-12-01,C0019,Boutique,Pantalons,Pantalon cargo,M,1,49.9,0,49.9
14359,2025-12-01,C0170,Boutique,Accessoires,Sac banane,Unique,1,34.9,0,34.9
14360,2025-12-01,C0102,Boutique,Pulls & sweats,Sweat à capuche,L,1,49.9,0,49.9
14361,2025-12-01,C0793,En ligne,Pulls & sweats,Pull en laine,M,1,59.9,0,59.9
14361,2025-12-01,C0793,En ligne,Pantalons,Jean slim,M,1,54.9,0,54.9
14362,2025-12-01,C0060,Boutique,Pulls & sweats,Sweat à capuche,L,1,49.9,0,49.9
14362,2025-12-01,C0060,Boutique,Pulls & sweats,Sweat col rond,L,1,39.9,0,39.9
14363,2025-12-01,C0366,Boutique,Vestes,Veste en jean,XS,1,79.9,0,79.9
14363,2025-12-01,C0366,Boutique,T-shirts,T-shirt basique,S,2,19.9,0,39.8
14364,2025-12-01,C0055,Boutique,Pulls & sweats,Sweat col rond,M,1,39.9,0,39.9
14364,2025-12-01,C0055,Boutique,Pulls & sweats,Pull en laine,M,1,59.9,0,59.9
14365,2025-12-01,C0175,Boutique,Vestes,Coupe-vent,XL,1,64.9,0,64.9
14366,2025-12-01,C0294,Boutique,Chaussures,Baskets blanches,43,1,89.9,0,89.9
14366,2025-12-01,C0294,Boutique,Vestes,Veste en jean,S,1,79.9,0,79.9
14367,2025-12-01,C0357,En ligne,Accessoires,Sac banane,Unique,1,34.9,0,34.9
14368,2025-12-01,C0027,Boutique,Pulls & sweats,Sweat à capuche,L,1,49.9,0,49.9
14369,2025-12-01,C0078,En ligne,T-shirts,T-shirt oversize,L,1,29.9,0,29.9
14369,2025-12-01,C0078,En ligne,Pulls & sweats,Sweat col rond,XL,1,39.9,0,39.9
14370,2025-12-01,C0394,En ligne,Pulls & sweats,Pull en laine,M,1,59.9,0,59.9
14371,2025-12-01,C0849,En ligne,Accessoires,Casquette,Unique,1,19.9,0,19.9
14372,2025-12-01,C0235,Boutique,Pulls & sweats,Sweat col rond,M,1,39.9,0,39.9
14373,2025-12-01,C0070,En ligne,Accessoires,Casquette,Unique,2,19.9,0,39.8
14374,2025-12-01,C0069,Boutique,T-shirts,T-shirt imprimé,S,1,24.9,0,24.9
14375,2025-12-01,C0383,Boutique,T-shirts,T-shirt imprimé,L,1,24.9,0,24.9
14375,2025-12-01,C0383,Boutique,Chaussures,Baskets blanches,44,2,89.9,0,179.8
14375,2025-12-01,C0383,Boutique,Pulls & sweats,Sweat col rond,S,1,39.9,0,39.9
14376,2025-12-01,C0011,En ligne,Vestes,Veste en jean,L,1,79.9,0,79.9
14377,2025-12-02,C0430,Boutique,Accessoires,Ceinture,Unique,1,29.9,0,29.9
14377,2025-12-02,C0430,Boutique,Pantalons,Jean droit,M,1,59.9,0,59.9
14378,2025-12-02,C0309,En ligne,T-shirts,T-shirt oversize,XS,1,29.9,0,29.9
14379,2025-12-02,C0744,En ligne,Vestes,Veste en jean,M,2,79.9,0,159.8
14380,2025-12-02,C0121,Boutique,T-shirts,T-shirt imprimé,L,1,24.9,0,24.9
14381,2025-12-02,C0343,En ligne,Pantalons,Jean slim,L,1,54.9,0,54.9
14381,2025-12-02,C0343,En ligne,Accessoires,Bonnet,Unique,1,17.9,0,17.9
14382,2025-12-02,C0063,Boutique,Accessoires,Ceinture,Unique,1,29.9,0,29.9
14383,2025-12-02,C0120,Boutique,T-shirts,T-shirt basique,L,1,19.9,0,19.9
14383,2025-12-02,C0120,Boutique,T-shirts,T-shirt imprimé,M,1,24.9,0,24.9
14384,2025-12-02,C0109,Boutique,Vestes,Veste en jean,M,1,79.9,0,79.9
14385,2025-12-02,C0656,Boutique,Vestes,Coupe-vent,M,1,64.9,0,64.9
14386,2025-12-02,C0423,Boutique,Vestes,Coupe-vent,M,1,64.9,0,64.9
14387,2025-12-02,C0848,En ligne,Vestes,Coupe-vent,M,1,64.9,0,64.9
14388,2025-12-02,C0555,Boutique,Pantalons,Jean droit,S,1,59.9,0,59.9
14388,2025-12-02,C0555,Boutique,Pulls & sweats,Pull en laine,L,2,59.9,0,119.8
14389,2025-12-02,C0442,Boutique,Pulls & sweats,Sweat col rond,L,1,39.9,0,39.9
14390,2025-12-02,C0100,Boutique,Pantalons,Pantalon cargo,L,1,49.9,0,49.9
14391,2025-12-02,C0364,En ligne,Pulls & sweats,Sweat à capuche,L,1,49.9,0,49.9
14391,2025-12-02,C0364,En ligne,Chaussures,Baskets blanches,41,1,89.9,0,89.9
14392,2025-12-02,C0098,Boutique,Pulls & sweats,Sweat col rond,M,1,39.9,0,39.9
14392,2025-12-02,C0098,Boutique,Accessoires,Ceinture,Unique,1,29.9,0,29.9
14392,2025-12-02,C0098,Boutique,Vestes,Doudoune,M,1,119.9,0,119.9
14393,2025-12-02,C0334,En ligne,Vestes,Coupe-vent,S,1,64.9,0,64.9
14394,2025-12-02,C0117,Boutique,Pantalons,Jean slim,S,1,54.9,0,54.9
14394,2025-12-02,C0117,Boutique,Vestes,Coupe-vent,S,1,64.9,0,64.9
14395,2025-12-02,C0727,En ligne,Accessoires,Casquette,Unique,1,19.9,0,19.9
14395,2025-12-02,C0727,En ligne,Pantalons,Jean slim,L,1,54.9,0,54.9
14396,2025-12-02,C0034,En ligne,Accessoires,Casquette,Unique,1,19.9,0,19.9
14397,2025-12-02,C0229,Boutique,Pantalons,Jean slim,L,2,54.9,0,109.8
14397,2025-12-02,C0229,Boutique,Accessoires,Sac banane,Unique,2,34.9,0,69.8
14397,2025-12-02,C0229,Boutique,Pulls & sweats,Sweat col rond,XS,1,39.9,0,39.9
14398,2025-12-02,C0437,Boutique,Pantalons,Jean slim,L,2,54.9,0,109.8
14399,2025-12-02,C0011,Boutique,Accessoires,Ceinture,Unique,1,29.9,0,29.9
14399,2025-12-02,C0011,Boutique,Pantalons,Jogging,L,1,34.9,0,34.9
14400,2025-12-02,C0001,Boutique,T-shirts,T-shirt basique,M,1,19.9,0,19.9
14400,2025-12-02,C0001,Boutique,Accessoires,Sac banane,Unique,1,34.9,0,34.9
14401,2025-12-02,C0012,En ligne,Pantalons,Pantalon cargo,S,1,49.9,0,49.9
14401,2025-12-02,C0012,En ligne,Accessoires,Casquette,Unique,1,19.9,0,19.9
14402,2025-12-02,C0047,En ligne,Accessoires,Casquette,Unique,1,19.9,0,19.9
14402,2025-12-02,C0047,En ligne,Vestes,Coupe-vent,L,1,64.9,0,64.9
14403,2025-12-02,C0626,Boutique,Pantalons,Jean slim,M,1,54.9,0,54.9
14403,2025-12-02,C0626,Boutique,Accessoires,Sac banane,Unique,2,34.9,0,69.8
14403,2025-12-02,C0626,Boutique,Pulls & sweats,Pull en laine,M,1,59.9,0,59.9
14404,2025-12-02,C0018,Boutique,Pulls & sweats,Pull en laine,L,2,59.9,0,119.8
14404,2025-12-02,C0018,Boutique,Accessoires,Ceinture,Unique,2,29.9,0,59.8
14405,2025-12-02,C0779,Boutique,Vestes,Coupe-vent,M,1,64.9,0,64.9
14406,2025-12-03,C0048,En ligne,Pulls & sweats,Sweat à capuche,M,1,49.9,0,49.9
14406,2025-12-03,C0048,En ligne,T-shirts,T-shirt basique,L,1,19.9,0,19.9
14407,2025-12-03,C0617,En ligne,Accessoires,Casquette,Unique,1,19.9,0,19.9
14408,2025-12-03,C0372,Boutique,Pulls & sweats,Sweat à capuche,XS,1,49.9,0,49.9
14408,2025-12-03,C0372,Boutique,Chaussures,Sneakers running,39,1,99.9,0,99.9
14409,2025-12-03,C0171,Boutique,Accessoires,Bonnet,Unique,1,17.9,0,17.9
14410,2025-12-03,C0090,En ligne,Vestes,Coupe-vent,M,1,64.9,0,64.9
14410,2025-12-03,C0090,En ligne,Pantalons,Jogging,XS,1,34.9,0,34.9
14411,2025-12-03,C0029,Boutique,Chaussures,Sneakers running,41,1,99.9,0,99.9
14412,2025-12-03,C0046,Boutique,Pantalons,Pantalon cargo,L,1,49.9,0,49.9
14413,2025-12-03,C0532,Boutique,Pulls & sweats,Pull en laine,M,1,59.9,0,59.9
14414,2025-12-03,C0768,Boutique,Accessoires,Bonnet,Unique,1,17.9,0,17.9
14414,2025-12-03,C0768,Boutique,Pulls & sweats,Sweat col rond,L,2,39.9,0,79.8
14415,2025-12-03,C0068,En ligne,Pulls & sweats,Sweat col rond,S,1,39.9,0,39.9
14416,2025-12-03,C0091,Boutique,Accessoires,Écharpe,Unique,1,24.9,0,24.9
14416,2025-12-03,C0091,Boutique,T-shirts,T-shirt imprimé,S,1,24.9,0,24.9
14416,2025-12-03,C0091,Boutique,Accessoires,Casquette,Unique,2,19.9,0,39.8
14417,2025-12-03,C0039,Boutique,Accessoires,Ceinture,Unique,1,29.9,0,29.9
14417,2025-12-03,C0039,Boutique,Pulls & sweats,Pull en laine,M,2,59.9,0,119.8
14418,2025-12-03,C0432,En ligne,Pulls & sweats,Pull en laine,M,2,59.9,0,119.8
14419,2025-12-03,C0538,En ligne,Accessoires,Écharpe,Unique,1,24.9,0,24.9
14419,2025-12-03,C0538,En ligne,Pulls & sweats,Sweat col rond,XL,1,39.9,0,39.9
14420,2025-12-03,C0722,En ligne,Pulls & sweats,Sweat col rond,M,2,39.9,0,79.8
14420,2025-12-03,C0722,En ligne,Accessoires,Ceinture,Unique,1,29.9,0,29.9
14421,2025-12-03,C0025,Boutique,Chaussures,Bottines,41,1,109.9,0,109.9
14422,2025-12-03,C0081,Boutique,Accessoires,Bonnet,Unique,1,17.9,0,17.9
14423,2025-12-03,C0673,En ligne,Pantalons,Pantalon cargo,L,1,49.9,0,49.9
14424,2025-12-03,C0073,Boutique,Pulls & sweats,Sweat à capuche,M,1,49.9,0,49.9
14425,2025-12-03,C0386,En ligne,Vestes,Coupe-vent,M,1,64.9,0,64.9
14425,2025-12-03,C0386,En ligne,Pulls & sweats,Sweat à capuche,L,2,49.9,0,99.8
14426,2025-12-03,C0532,Boutique,T-shirts,T-shirt basique,M,2,19.9,0,39.8
14426,2025-12-03,C0532,Boutique,Chaussures,Baskets blanches,40,1,89.9,0,89.9
14427,2025-12-03,C0383,Boutique,T-shirts,T-shirt basique,L,1,19.9,0,19.9
14427,2025-12-03,C0383,Boutique,Vestes,Veste en jean,M,1,79.9,0,79.9
14428,2025-12-03,C0774,Boutique,Vestes,Coupe-vent,M,1,64.9,0,64.9
14429,2025-12-03,C0028,Boutique,Vestes,Coupe-vent,L,1,64.9,0,64.9
14430,2025-12-03,C0562,Boutique,Pantalons,Jogging,M,1,34.9,0,34.9
14430,2025-12-03,C0562,Boutique,T-shirts,T-shirt basique,S,1,19.9,0,19.9
14431,2025-12-03,C0210,Boutique,Chaussures,Bottines,43,1,109.9,0,109.9
14432,2025-12-04,C0572,Boutique,Chaussures,Bottines,42,1,109.9,0,109.9
14433,2025-12-04,C0015,Boutique,Accessoires,Ceinture,Unique,2,29.9,0,59.8
14434,2025-12-04,C0218,Boutique,Pulls & sweats,Sweat à capuche,XS,1,49.9,0,49.9
14434,2025-12-04,C0218,Boutique,Accessoires,Casquette,Unique,1,19.9,0,19.9
14435,2025-12-04,C0115,En ligne,Chaussures,Bottines,42,1,109.9,0,109.9
14436,2025-12-04,C0099,Boutique,Pulls & sweats,Sweat à capuche,M,1,49.9,0,49.9
14436,2025-12-04,C0099,Boutique,Accessoires,Casquette,Unique,1,19.9,0,19.9
14437,2025-12-04,C0484,En ligne,T-shirts,T-shirt oversize,S,2,29.9,0,59.8
14438,2025-12-04,C0050,Boutique,Pulls & sweats,Sweat à capuche,S,1,49.9,0,49.9
14438,2025-12-04,C0050,Boutique,Pulls & sweats,Sweat à capuche,M,1,49.9,0,49.9
14439,2025-12-04,C0770,En ligne,Pulls & sweats,Sweat à capuche,M,1,49.9,0,49.9
14440,2025-12-04,C0095,Boutique,Vestes,Doudoune,S,1,119.9,0,119.9
14441,2025-12-04,C0120,Boutique,Pantalons,Jogging,XL,1,34.9,0,34.9
14442,2025-12-04,C0074,Boutique,T-shirts,T-shirt basique,L,1,19.9,0,19.9
14443,2025-12-04,C0042,En ligne,Vestes,Doudoune,L,1,119.9,0,119.9
14444,2025-12-04,C0085,Boutique,T-shirts,T-shirt oversize,M,1,29.9,0,29.9
14445,2025-12-04,C0853,Boutique,Accessoires,Écharpe,Unique,1,24.9,0,24.9
14446,2025-12-04,C0111,Boutique,T-shirts,T-shirt imprimé,XL,1,24.9,0,24.9
14446,2025-12-04,C0111,Boutique,Pulls & sweats,Sweat col rond,M,1,39.9,0,39.9
14447,2025-12-04,C0586,Boutique,Chaussures,Baskets blanches,41,1,89.9,0,89.9
14448,2025-12-04,C0027,Boutique,Pantalons,Jean droit,M,1,59.9,0,59.9
14449,2025-12-04,C0040,Boutique,Pantalons,Jean slim,XS,1,54.9,0,54.9
14450,2025-12-04,C0682,En ligne,Pulls & sweats,Sweat à capuche,S,1,49.9,0,49.9
14450,2025-12-04,C0682,En ligne,Vestes,Veste en jean,L,1,79.9,0,79.9
14451,2025-12-04,C0855,Boutique,Pulls & sweats,Sweat à capuche,S,1,49.9,0,49.9
14451,2025-12-04,C0855,Boutique,Accessoires,Écharpe,Unique,1,24.9,0,24.9
14452,2025-12-04,C0425,Boutique,T-shirts,T-shirt imprimé,XL,1,24.9,0,24.9
14453,2025-12-04,C0371,Boutique,Vestes,Coupe-vent,M,1,64.9,0,64.9
14454,2025-12-04,C0029,Boutique,Pantalons,Jogging,XS,1,34.9,0,34.9
14455,2025-12-04,C0441,Boutique,Pulls & sweats,Pull en laine,L,1,59.9,0,59.9
14455,2025-12-04,C0441,Boutique,T-shirts,T-shirt oversize,L,1,29.9,0,29.9
14456,2025-12-04,C0889,Boutique,Vestes,Coupe-vent,M,2,64.9,0,129.8
14457,2025-12-04,C0659,En ligne,T-shirts,T-shirt oversize,XS,2,29.9,0,59.8
14458,2025-12-04,C0001,En ligne,T-shirts,T-shirt oversize,M,1,29.9,0,29.9
14458,2025-12-04,C0001,En ligne,Pantalons,Jean slim,S,1,54.9,0,54.9
14458,2025-12-04,C0001,En ligne,Pantalons,Pantalon cargo,XL,1,49.9,0,49.9
14459,2025-12-04,C0096,Boutique,Accessoires,Ceinture,Unique,1,29.9,0,29.9
14460,2025-12-04,C0003,En ligne,Pantalons,Jean droit,L,1,59.9,0,59.9
14461,2025-12-04,C0643,Boutique,Chaussures,Sneakers running,42,1,99.9,0,99.9
14461,2025-12-04,C0643,Boutique,Vestes,Coupe-vent,M,2,64.9,0,129.8
14461,2025-12-04,C0643,Boutique,Chaussures,Bottines,40,1,109.9,0,109.9
14462,2025-12-04,C0114,En ligne,Accessoires,Ceinture,Unique,1,29.9,0,29.9
14462,2025-12-04,C0114,En ligne,T-shirts,T-shirt basique,L,1,19.9,0,19.9
14463,2025-12-04,C0063,Boutique,Pulls & sweats,Sweat à capuche,L,1,49.9,0,49.9
14464,2025-12-04,C0118,Boutique,Pantalons,Pantalon cargo,XS,1,49.9,0,49.9
14465,2025-12-04,C0075,Boutique,Vestes,Doudoune,L,1,119.9,0,119.9
14466,2025-12-04,C0437,Boutique,Pantalons,Pantalon cargo,XL,1,49.9,0,49.9
14467,2025-12-05,C0033,En ligne,T-shirts,T-shirt oversize,M,1,29.9,0,29.9
14467,2025-12-05,C0033,En ligne,Pulls & sweats,Pull en laine,M,1,59.9,0,59.9
14468,2025-12-05,C0056,Boutique,Pulls & sweats,Sweat à capuche,M,1,49.9,0,49.9
14469,2025-12-05,C0008,Boutique,Pulls & sweats,Sweat à capuche,XL,1,49.9,0,49.9
14470,2025-12-05,C0085,En ligne,T-shirts,T-shirt imprimé,S,1,24.9,0,24.9
14471,2025-12-05,C0074,Boutique,Pantalons,Pantalon cargo,S,1,49.9,0,49.9
14471,2025-12-05,C0074,Boutique,Pulls & sweats,Pull en laine,M,1,59.9,0,59.9
14471,2025-12-05,C0074,Boutique,Vestes,Coupe-vent,S,1,64.9,0,64.9
14472,2025-12-05,C0027,En ligne,Chaussures,Sneakers running,39,1,99.9,0,99.9
14472,2025-12-05,C0027,En ligne,T-shirts,T-shirt oversize,M,1,29.9,0,29.9
14473,2025-12-05,C0363,Boutique,Accessoires,Ceinture,Unique,1,29.9,0,29.9
14474,2025-12-05,C0053,Boutique,Pantalons,Jogging,M,1,34.9,0,34.9
14474,2025-12-05,C0053,Boutique,Pulls & sweats,Sweat à capuche,XL,1,49.9,0,49.9
14474,2025-12-05,C0053,Boutique,T-shirts,T-shirt oversize,L,1,29.9,0,29.9
14475,2025-12-05,C0314,En ligne,Accessoires,Sac banane,Unique,1,34.9,0,34.9
14475,2025-12-05,C0314,En ligne,Pulls & sweats,Sweat à capuche,M,2,49.9,0,99.8
14475,2025-12-05,C0314,En ligne,Pulls & sweats,Pull en laine,S,1,59.9,0,59.9
14476,2025-12-05,C0043,Boutique,Pulls & sweats,Sweat col rond,M,2,39.9,0,79.8
14477,2025-12-05,C0002,En ligne,Vestes,Coupe-vent,M,1,64.9,0,64.9
14477,2025-12-05,C0002,En ligne,Accessoires,Casquette,Unique,1,19.9,0,19.9
14477,2025-12-05,C0002,En ligne,Accessoires,Sac banane,Unique,1,34.9,0,34.9
14478,2025-12-05,C0798,Boutique,Pulls & sweats,Sweat col rond,XL,1,39.9,0,39.9
14479,2025-12-05,C0347,En ligne,Pantalons,Jean slim,M,1,54.9,0,54.9
14479,2025-12-05,C0347,En ligne,Accessoires,Bonnet,Unique,1,17.9,0,17.9
14479,2025-12-05,C0347,En ligne,Pantalons,Jean slim,M,1,54.9,0,54.9
14480,2025-12-05,C0811,Boutique,Chaussures,Baskets blanches,44,1,89.9,0,89.9
14481,2025-12-05,C0003,Boutique,Accessoires,Sac banane,Unique,1,34.9,0,34.9
14481,2025-12-05,C0003,Boutique,Vestes,Veste en jean,XL,1,79.9,0,79.9
14482,2025-12-05,C0120,Boutique,Pantalons,Jean slim,S,2,54.9,0,109.8
14483,2025-12-05,C0445,Boutique,Pulls & sweats,Sweat à capuche,XL,1,49.9,0,49.9
14484,2025-12-05,C0103,Boutique,Vestes,Coupe-vent,L,2,64.9,0,129.8
14485,2025-12-05,C0185,Boutique,Chaussures,Baskets blanches,41,1,89.9,0,89.9
14486,2025-12-05,C0501,Boutique,Accessoires,Sac banane,Unique,1,34.9,0,34.9
14487,2025-12-05,C0042,Boutique,Pulls & sweats,Sweat à capuche,S,2,49.9,0,99.8
14488,2025-12-05,C0316,En ligne,Pantalons,Jean droit,M,1,59.9,0,59.9
14488,2025-12-05,C0316,En ligne,Pantalons,Jogging,M,1,34.9,0,34.9
14489,2025-12-05,C0767,Boutique,Accessoires,Casquette,Unique,1,19.9,0,19.9
14489,2025-12-05,C0767,Boutique,Pantalons,Jean slim,S,1,54.9,0,54.9
14489,2025-12-05,C0767,Boutique,Accessoires,Ceinture,Unique,1,29.9,0,29.9
14490,2025-12-05,C0747,Boutique,Pantalons,Jean slim,XS,1,54.9,0,54.9
14491,2025-12-05,C0198,En ligne,Accessoires,Ceinture,Unique,1,29.9,0,29.9
14492,2025-12-05,C0768,Boutique,T-shirts,T-shirt oversize,M,2,29.9,0,59.8
14493,2025-12-05,C0175,En ligne,Pantalons,Jogging,L,2,34.9,0,69.8
14494,2025-12-05,C0320,En ligne,Pulls & sweats,Pull en laine,M,1,59.9,0,59.9
14494,2025-12-05,C0320,En ligne,Pulls & sweats,Sweat à capuche,S,1,49.9,0,49.9
14495,2025-12-05,C0069,Boutique,Pantalons,Jogging,XS,1,34.9,0,34.9
14496,2025-12-05,C0663,Boutique,Pulls & sweats,Sweat à capuche,S,1,49.9,0,49.9
14496,2025-12-05,C0663,Boutique,Vestes,Veste en jean,XL,1,79.9,0,79.9
14497,2025-12-06,C0048,Boutique,Pantalons,Jean slim,L,2,54.9,0,109.8
14498,2025-12-06,C0009,Boutique,Chaussures,Sneakers running,41,1,99.9,0,99.9
14498,2025-12-06,C0009,Boutique,Accessoires,Bonnet,Unique,1,17.9,0,17.9
14499,2025-12-06,C0443,En ligne,Chaussures,Baskets blanches,43,2,89.9,0,179.8
14500,2025-12-06,C0783,Boutique,T-shirts,T-shirt oversize,S,1,29.9,0,29.9
14500,2025-12-06,C0783,Boutique,T-shirts,T-shirt imprimé,L,2,24.9,0,49.8
14501,2025-12-06,C0207,Boutique,Pulls & sweats,Sweat à capuche,XS,1,49.9,0,49.9
14501,2025-12-06,C0207,Boutique,Accessoires,Sac banane,Unique,1,34.9,0,34.9
14501,2025-12-06,C0207,Boutique,Pulls & sweats,Sweat col rond,S,1,39.9,0,39.9
14502,2025-12-06,C0053,En ligne,Pantalons,Jogging,S,1,34.9,0,34.9
14503,2025-12-06,C0746,Boutique,Chaussures,Sneakers running,44,1,99.9,0,99.9
14504,2025-12-06,C0106,Boutique,Accessoires,Sac banane,Unique,1,34.9,0,34.9
14505,2025-12-06,C0548,En ligne,T-shirts,T-shirt imprimé,M,1,24.9,0,24.9
14505,2025-12-06,C0548,En ligne,Vestes,Doudoune,XS,1,119.9,0,119.9
14505,2025-12-06,C0548,En ligne,Chaussures,Sneakers running,39,1,99.9,0,99.9
14506,2025-12-06,C0064,Boutique,Pantalons,Jogging,L,2,34.9,0,69.8
14506,2025-12-06,C0064,Boutique,Pantalons,Jean slim,L,1,54.9,0,54.9
14506,2025-12-06,C0064,Boutique,Pulls & sweats,Sweat à capuche,M,1,49.9,0,49.9
14507,2025-12-06,C0066,Boutique,Vestes,Coupe-vent,M,1,64.9,0,64.9
14508,2025-12-06,C0229,Boutique,Chaussures,Baskets blanches,40,2,89.9,0,179.8
14508,2025-12-06,C0229,Boutique,Chaussures,Sneakers running,39,2,99.9,0,199.8
14508,2025-12-06,C0229,Boutique,Pulls & sweats,Sweat col rond,M,1,39.9,0,39.9
14509,2025-12-06,C0100,Boutique,Pulls & sweats,Sweat à capuche,S,1,49.9,0,49.9
14510,2025-12-06,C0066,Boutique,T-shirts,T-shirt imprimé,L,1,24.9,0,24.9
14510,2025-12-06,C0066,Boutique,Chaussures,Baskets blanches,39,1,89.9,0,89.9
14511,2025-12-06,C0399,Boutique,Chaussures,Bottines,39,1,109.9,0,109.9
14512,2025-12-06,C0284,Boutique,Pulls & sweats,Sweat à capuche,M,1,49.9,0,49.9
14513,2025-12-06,C0885,En ligne,Pulls & sweats,Pull en laine,M,1,59.9,0,59.9
14513,2025-12-06,C0885,En ligne,Pulls & sweats,Pull en laine,S,1,59.9,0,59.9
14513,2025-12-06,C0885,En ligne,Pantalons,Jogging,M,1,34.9,0,34.9
14514,2025-12-06,C0103,En ligne,Accessoires,Casquette,Unique,1,19.9,0,19.9
14515,2025-12-06,C0193,Boutique,Pulls & sweats,Sweat à capuche,M,1,49.9,0,49.9
14515,2025-12-06,C0193,Boutique,Vestes,Coupe-vent,M,1,64.9,0,64.9
14516,2025-12-06,C0077,Boutique,Pulls & sweats,Sweat à capuche,M,2,49.9,0,99.8
14517,2025-12-06,C0250,Boutique,Accessoires,Écharpe,Unique,1,24.9,0,24.9
14518,2025-12-06,C0111,Boutique,Pulls & sweats,Pull en laine,M,1,59.9,0,59.9
14519,2025-12-06,C0577,En ligne,Accessoires,Sac banane,Unique,1,34.9,0,34.9
14519,2025-12-06,C0577,En ligne,T-shirts,T-shirt oversize,M,2,29.9,0,59.8
14520,2025-12-06,C0451,En ligne,Vestes,Doudoune,M,1,119.9,0,119.9
14521,2025-12-06,C0039,En ligne,Pulls & sweats,Sweat à capuche,L,1,49.9,0,49.9
14522,2025-12-06,C0064,En ligne,Accessoires,Bonnet,Unique,1,17.9,0,17.9
14522,2025-12-06,C0064,En ligne,Accessoires,Sac banane,Unique,1,34.9,0,34.9
14522,2025-12-06,C0064,En ligne,Accessoires,Ceinture,Unique,1,29.9,0,29.9
14523,2025-12-06,C0240,Boutique,Chaussures,Sneakers running,40,1,99.9,0,99.9
14524,2025-12-06,C0521,Boutique,T-shirts,T-shirt basique,S,1,19.9,0,19.9
14524,2025-12-06,C0521,Boutique,Pulls & sweats,Sweat col rond,M,2,39.9,0,79.8
14525,2025-12-06,C0094,Boutique,T-shirts,T-shirt oversize,L,1,29.9,0,29.9
14526,2025-12-06,C0608,Boutique,Accessoires,Sac banane,Unique,1,34.9,0,34.9
14526,2025-12-06,C0608,Boutique,Accessoires,Casquette,Unique,1,19.9,0,19.9
14526,2025-12-06,C0608,Boutique,Vestes,Doudoune,M,1,119.9,0,119.9
14527,2025-12-06,C0038,En ligne,T-shirts,T-shirt imprimé,M,1,24.9,0,24.9
14527,2025-12-06,C0038,En ligne,Pulls & sweats,Pull en laine,S,1,59.9,0,59.9
14527,2025-12-06,C0038,En ligne,Pulls & sweats,Sweat à capuche,L,2,49.9,0,99.8
14528,2025-12-06,C0686,Boutique,Pulls & sweats,Sweat à capuche,M,2,49.9,0,99.8
14529,2025-12-06,C0027,Boutique,Accessoires,Écharpe,Unique,1,24.9,0,24.9
14529,2025-12-06,C0027,Boutique,Vestes,Doudoune,L,1,119.9,0,119.9
14530,2025-12-06,C0848,En ligne,Accessoires,Casquette,Unique,1,19.9,0,19.9
14530,2025-12-06,C0848,En ligne,Pulls & sweats,Sweat à capuche,M,1,49.9,0,49.9
14531,2025-12-06,C0169,En ligne,Pantalons,Jogging,S,1,34.9,0,34.9
14531,2025-12-06,C0169,En ligne,T-shirts,T-shirt basique,L,1,19.9,0,19.9
14532,2025-12-06,C0397,Boutique,Pulls & sweats,Pull en laine,M,1,59.9,0,59.9
14532,2025-12-06,C0397,Boutique,Pantalons,Jean slim,S,1,54.9,0,54.9
14532,2025-12-06,C0397,Boutique,Chaussures,Baskets blanches,41,1,89.9,0,89.9
14533,2025-12-06,C0112,Boutique,Vestes,Coupe-vent,XL,1,64.9,0,64.9
14534,2025-12-06,C0387,Boutique,Chaussures,Sneakers running,39,1,99.9,0,99.9
14535,2025-12-06,C0776,Boutique,Pulls & sweats,Pull en laine,S,1,59.9,0,59.9
14536,2025-12-06,C0314,Boutique,T-shirts,T-shirt oversize,XL,1,29.9,0,29.9
14537,2025-12-06,C0888,Boutique,Pulls & sweats,Sweat col rond,M,1,39.9,0,39.9
14538,2025-12-06,C0616,Boutique,Pulls & sweats,Sweat à capuche,S,1,49.9,0,49.9
14539,2025-12-06,C0109,Boutique,Pantalons,Jean slim,M,2,54.9,0,109.8
14540,2025-12-06,C0050,Boutique,Vestes,Doudoune,XS,2,119.9,0,239.8
14540,2025-12-06,C0050,Boutique,Vestes,Veste en jean,L,1,79.9,0,79.9
14541,2025-12-06,C0453,Boutique,Pulls & sweats,Sweat à capuche,S,1,49.9,0,49.9
14541,2025-12-06,C0453,Boutique,Pantalons,Jogging,XL,2,34.9,0,69.8
14542,2025-12-06,C0824,Boutique,Pulls & sweats,Sweat à capuche,S,1,49.9,0,49.9
14542,2025-12-06,C0824,Boutique,Accessoires,Ceinture,Unique,1,29.9,0,29.9
14543,2025-12-08,C0337,Boutique,T-shirts,T-shirt basique,M,1,19.9,0,19.9
14544,2025-12-08,C0086,En ligne,Chaussures,Sneakers running,41,1,99.9,0,99.9
14545,2025-12-08,C0119,Boutique,Accessoires,Ceinture,Unique,1,29.9,0,29.9
14546,2025-12-08,C0016,En ligne,Pantalons,Jogging,M,1,34.9,0,34.9
14547,2025-12-08,C0617,Boutique,Pantalons,Jogging,XL,1,34.9,0,34.9
14548,2025-12-08,C0305,En ligne,Pulls & sweats,Sweat à capuche,XL,1,49.9,0,49.9
14548,2025-12-08,C0305,En ligne,Pulls & sweats,Sweat à capuche,L,1,49.9,0,49.9
14549,2025-12-08,C0036,En ligne,Pulls & sweats,Pull en laine,L,1,59.9,0,59.9
14550,2025-12-08,C0422,En ligne,Pulls & sweats,Sweat col rond,M,1,39.9,0,39.9
14550,2025-12-08,C0422,En ligne,Accessoires,Ceinture,Unique,1,29.9,0,29.9
14551,2025-12-08,C0079,En ligne,Pulls & sweats,Sweat à capuche,M,1,49.9,0,49.9
14552,2025-12-08,C0032,En ligne,Accessoires,Sac banane,Unique,1,34.9,0,34.9
14553,2025-12-08,C0020,Boutique,Pantalons,Jogging,XL,1,34.9,0,34.9
14553,2025-12-08,C0020,Boutique,Pantalons,Jean slim,M,1,54.9,0,54.9
14554,2025-12-08,C0221,Boutique,Pulls & sweats,Pull en laine,XL,1,59.9,0,59.9
14554,2025-12-08,C0221,Boutique,Accessoires,Ceinture,Unique,1,29.9,0,29.9
14555,2025-12-08,C0087,Boutique,T-shirts,T-shirt imprimé,XS,1,24.9,0,24.9
14555,2025-12-08,C0087,Boutique,Pantalons,Jogging,M,1,34.9,0,34.9
14556,2025-12-08,C0541,Boutique,Pulls & sweats,Sweat à capuche,M,1,49.9,0,49.9
14557,2025-12-08,C0123,En ligne,Pulls & sweats,Pull en laine,L,1,59.9,0,59.9
14557,2025-12-08,C0123,En ligne,Vestes,Veste en jean,M,1,79.9,0,79.9
14557,2025-12-08,C0123,En ligne,Pantalons,Pantalon cargo,S,1,49.9,0,49.9
14558,2025-12-08,C0032,Boutique,Pulls & sweats,Sweat à capuche,XL,1,49.9,0,49.9
14559,2025-12-08,C0295,En ligne,Pantalons,Jean droit,M,1,59.9,0,59.9
14560,2025-12-08,C0010,Boutique,Vestes,Veste en jean,S,2,79.9,0,159.8
14560,2025-12-08,C0010,Boutique,T-shirts,T-shirt basique,M,1,19.9,0,19.9
14561,2025-12-08,C0364,En ligne,T-shirts,T-shirt oversize,M,1,29.9,0,29.9
14562,2025-12-08,C0614,En ligne,Vestes,Doudoune,L,1,119.9,0,119.9
14562,2025-12-08,C0614,En ligne,Pulls & sweats,Pull en laine,S,1,59.9,0,59.9
14562,2025-12-08,C0614,En ligne,Accessoires,Écharpe,Unique,1,24.9,0,24.9
14563,2025-12-08,C0089,En ligne,Pantalons,Jogging,S,2,34.9,0,69.8
14563,2025-12-08,C0089,En ligne,Accessoires,Ceinture,Unique,1,29.9,0,29.9
14564,2025-12-08,C0863,Boutique,Accessoires,Bonnet,Unique,1,17.9,0,17.9
14564,2025-12-08,C0863,Boutique,Pulls & sweats,Sweat col rond,S,1,39.9,0,39.9
14565,2025-12-08,C0035,En ligne,Pantalons,Jogging,L,1,34.9,0,34.9
14566,2025-12-08,C0180,Boutique,Accessoires,Écharpe,Unique,1,24.9,0,24.9
14566,2025-12-08,C0180,Boutique,Pantalons,Jean slim,XS,1,54.9,0,54.9
14567,2025-12-08,C0082,Boutique,Pantalons,Jean droit,L,1,59.9,0,59.9
14567,2025-12-08,C0082,Boutique,Pulls & sweats,Sweat à capuche,L,1,49.9,0,49.9
14568,2025-12-08,C0718,Boutique,Pantalons,Jean slim,L,1,54.9,0,54.9
14569,2025-12-08,C0098,Boutique,Accessoires,Ceinture,Unique,1,29.9,0,29.9
14570,2025-12-09,C0112,Boutique,Pantalons,Jean droit,M,1,59.9,0,59.9
14570,2025-12-09,C0112,Boutique,Vestes,Veste en jean,L,1,79.9,0,79.9
14571,2025-12-09,C0348,Boutique,Accessoires,Écharpe,Unique,1,24.9,0,24.9
14571,2025-12-09,C0348,Boutique,Accessoires,Ceinture,Unique,1,29.9,0,29.9
14572,2025-12-09,C0685,Boutique,Vestes,Veste en jean,M,1,79.9,0,79.9
14572,2025-12-09,C0685,Boutique,Accessoires,Bonnet,Unique,1,17.9,0,17.9
14573,2025-12-09,C0291,Boutique,Pulls & sweats,Sweat à capuche,L,1,49.9,0,49.9
14574,2025-12-09,C0475,Boutique,Pantalons,Pantalon cargo,L,1,49.9,0,49.9
14574,2025-12-09,C0475,Boutique,Pantalons,Jean droit,XS,1,59.9,0,59.9
14575,2025-12-09,C0120,Boutique,Chaussures,Baskets blanches,42,1,89.9,0,89.9
14576,2025-12-09,C0678,Boutique,T-shirts,T-shirt oversize,M,1,29.9,0,29.9
14577,2025-12-09,C0057,En ligne,T-shirts,T-shirt basique,S,1,19.9,0,19.9
14578,2025-12-09,C0098,Boutique,Accessoires,Bonnet,Unique,1,17.9,0,17.9
14579,2025-12-09,C0261,Boutique,Accessoires,Bonnet,Unique,1,17.9,0,17.9
14580,2025-12-09,C0119,En ligne,Pantalons,Jean slim,M,2,54.9,0,109.8
14581,2025-12-09,C0004,Boutique,Pulls & sweats,Sweat col rond,S,1,39.9,0,39.9
14582,2025-12-09,C0080,En ligne,T-shirts,T-shirt imprimé,L,1,24.9,0,24.9
14583,2025-12-09,C0045,Boutique,Pantalons,Jean droit,M,2,59.9,0,119.8
14583,2025-12-09,C0045,Boutique,Pantalons,Jogging,L,1,34.9,0,34.9
14584,2025-12-09,C0709,En ligne,Pulls & sweats,Sweat à capuche,L,1,49.9,0,49.9
14584,2025-12-09,C0709,En ligne,Pulls & sweats,Sweat à capuche,M,1,49.9,0,49.9
14584,2025-12-09,C0709,En ligne,Accessoires,Sac banane,Unique,1,34.9,0,34.9
14585,2025-12-09,C0561,Boutique,Chaussures,Sneakers running,39,2,99.9,0,199.8
14585,2025-12-09,C0561,Boutique,Chaussures,Sneakers running,40,1,99.9,0,99.9
14585,2025-12-09,C0561,Boutique,Chaussures,Sneakers running,42,1,99.9,0,99.9
14586,2025-12-09,C0013,Boutique,Vestes,Veste en jean,L,1,79.9,0,79.9
14587,2025-12-09,C0786,Boutique,Chaussures,Sneakers running,39,1,99.9,0,99.9
14588,2025-12-09,C0772,En ligne,Pulls & sweats,Pull en laine,M,1,59.9,0,59.9
14588,2025-12-09,C0772,En ligne,Pantalons,Jean droit,M,2,59.9,0,119.8
14589,2025-12-10,C0827,Boutique,Pantalons,Pantalon cargo,M,1,49.9,0,49.9
14590,2025-12-10,C0681,En ligne,Accessoires,Bonnet,Unique,1,17.9,0,17.9
14591,2025-12-10,C0600,Boutique,Accessoires,Bonnet,Unique,1,17.9,0,17.9
14591,2025-12-10,C0600,Boutique,Vestes,Veste en jean,S,2,79.9,0,159.8
14592,2025-12-10,C0195,Boutique,Pulls & sweats,Pull en laine,L,1,59.9,0,59.9
14593,2025-12-10,C0062,En ligne,Pantalons,Jean slim,S,1,54.9,0,54.9
14594,2025-12-10,C0776,Boutique,Vestes,Coupe-vent,M,1,64.9,0,64.9
14594,2025-12-10,C0776,Boutique,Accessoires,Écharpe,Unique,2,24.9,0,49.8
14594,2025-12-10,C0776,Boutique,Accessoires,Casquette,Unique,2,19.9,0,39.8
14595,2025-12-10,C0402,Boutique,Pantalons,Jean slim,M,1,54.9,0,54.9
14596,2025-12-10,C0057,Boutique,Accessoires,Casquette,Unique,1,19.9,0,19.9
14597,2025-12-10,C0088,Boutique,Pulls & sweats,Sweat col rond,L,1,39.9,0,39.9
14597,2025-12-10,C0088,Boutique,T-shirts,T-shirt oversize,S,1,29.9,0,29.9
14598,2025-12-10,C0073,Boutique,Accessoires,Écharpe,Unique,1,24.9,0,24.9
14599,2025-12-10,C0898,Boutique,Pulls & sweats,Sweat à capuche,XS,1,49.9,0,49.9
14599,2025-12-10,C0898,Boutique,Pulls & sweats,Sweat col rond,S,2,39.9,0,79.8
14600,2025-12-10,C0018,En ligne,Pulls & sweats,Sweat col rond,S,1,39.9,0,39.9
14600,2025-12-10,C0018,En ligne,T-shirts,T-shirt imprimé,M,1,24.9,0,24.9
14601,2025-12-10,C0660,En ligne,Pantalons,Jean droit,S,1,59.9,0,59.9
14601,2025-12-10,C0660,En ligne,T-shirts,T-shirt basique,L,1,19.9,0,19.9
14601,2025-12-10,C0660,En ligne,T-shirts,T-shirt oversize,L,1,29.9,0,29.9
14602,2025-12-10,C0546,Boutique,Vestes,Veste en jean,M,1,79.9,0,79.9
14602,2025-12-10,C0546,Boutique,Pantalons,Jogging,L,1,34.9,0,34.9
14603,2025-12-10,C0553,Boutique,Pulls & sweats,Sweat col rond,S,1,39.9,0,39.9
14604,2025-12-10,C0409,Boutique,Pulls & sweats,Sweat col rond,XL,1,39.9,0,39.9
14604,2025-12-10,C0409,Boutique,Chaussures,Sneakers running,39,2,99.9,0,199.8
14605,2025-12-10,C0780,Boutique,Accessoires,Bonnet,Unique,1,17.9,0,17.9
14605,2025-12-10,C0780,Boutique,Accessoires,Sac banane,Unique,1,34.9,0,34.9
14606,2025-12-10,C0412,Boutique,T-shirts,T-shirt basique,L,1,19.9,0,19.9
14607,2025-12-10,C0113,En ligne,Accessoires,Bonnet,Unique,1,17.9,0,17.9
14608,2025-12-10,C0034,En ligne,Accessoires,Ceinture,Unique,1,29.9,0,29.9
14609,2025-12-10,C0045,En ligne,Vestes,Veste en jean,S,1,79.9,0,79.9
14609,2025-12-10,C0045,En ligne,Pantalons,Jean droit,S,1,59.9,0,59.9
14610,2025-12-10,C0145,Boutique,T-shirts,T-shirt imprimé,S,1,24.9,0,24.9
14610,2025-12-10,C0145,Boutique,Accessoires,Bonnet,Unique,2,17.9,0,35.8
14611,2025-12-10,C0702,En ligne,Chaussures,Baskets blanches,44,1,89.9,0,89.9
14612,2025-12-10,C0567,Boutique,Vestes,Coupe-vent,XL,1,64.9,0,64.9
14612,2025-12-10,C0567,Boutique,Pantalons,Jogging,XS,2,34.9,0,69.8
14613,2025-12-10,C0048,Boutique,Chaussures,Baskets blanches,41,1,89.9,0,89.9
14614,2025-12-10,C0798,Boutique,T-shirts,T-shirt basique,L,1,19.9,0,19.9
14615,2025-12-10,C0001,Boutique,Accessoires,Ceinture,Unique,2,29.9,0,59.8
14615,2025-12-10,C0001,Boutique,Accessoires,Bonnet,Unique,2,17.9,0,35.8
14616,2025-12-11,C0496,En ligne,T-shirts,T-shirt basique,XS,1,19.9,0,19.9
14616,2025-12-11,C0496,En ligne,Pantalons,Jogging,M,1,34.9,0,34.9
14617,2025-12-11,C0756,Boutique,Pantalons,Jean droit,M,1,59.9,0,59.9
14618,2025-12-11,C0071,Boutique,Pantalons,Jean droit,M,1,59.9,0,59.9
14619,2025-12-11,C0389,Boutique,Vestes,Veste en jean,L,1,79.9,0,79.9
14619,2025-12-11,C0389,Boutique,Pulls & sweats,Sweat col rond,M,1,39.9,0,39.9
14620,2025-12-11,C0035,En ligne,Vestes,Doudoune,L,1,119.9,0,119.9
14621,2025-12-11,C0034,Boutique,Vestes,Coupe-vent,XS,1,64.9,0,64.9
14622,2025-12-11,C0662,Boutique,Accessoires,Casquette,Unique,1,19.9,0,19.9
14623,2025-12-11,C0746,Boutique,Pulls & sweats,Sweat à capuche,M,1,49.9,0,49.9
14623,2025-12-11,C0746,Boutique,Pantalons,Pantalon cargo,M,1,49.9,0,49.9
14624,2025-12-11,C0371,Boutique,Accessoires,Écharpe,Unique,1,24.9,0,24.9
14624,2025-12-11,C0371,Boutique,Vestes,Doudoune,L,1,119.9,0,119.9
14625,2025-12-11,C0094,Boutique,Accessoires,Sac banane,Unique,1,34.9,0,34.9
14625,2025-12-11,C0094,Boutique,Accessoires,Casquette,Unique,1,19.9,0,19.9
14625,2025-12-11,C0094,Boutique,Vestes,Coupe-vent,L,1,64.9,0,64.9
14626,2025-12-11,C0408,En ligne,Accessoires,Casquette,Unique,2,19.9,0,39.8
14626,2025-12-11,C0408,En ligne,Vestes,Doudoune,S,1,119.9,0,119.9
14627,2025-12-11,C0270,Boutique,Vestes,Veste en jean,M,1,79.9,0,79.9
14628,2025-12-11,C0120,Boutique,Vestes,Doudoune,S,1,119.9,0,119.9
14629,2025-12-11,C0267,En ligne,Pantalons,Jean slim,M,1,54.9,0,54.9
14630,2025-12-11,C0003,Boutique,Pulls & sweats,Sweat col rond,S,1,39.9,0,39.9
14631,2025-12-11,C0747,Boutique,Vestes,Coupe-vent,L,1,64.9,0,64.9
14632,2025-12-11,C0087,En ligne,T-shirts,T-shirt imprimé,M,1,24.9,0,24.9
14632,2025-12-11,C0087,En ligne,Pulls & sweats,Sweat à capuche,XL,1,49.9,0,49.9
14633,2025-12-11,C0111,Boutique,T-shirts,T-shirt oversize,L,1,29.9,0,29.9
14634,2025-12-11,C0403,Boutique,T-shirts,T-shirt basique,XL,1,19.9,0,19.9
14635,2025-12-11,C0268,Boutique,Pulls & sweats,Sweat à capuche,S,1,49.9,0,49.9
14636,2025-12-11,C0626,Boutique,Accessoires,Casquette,Unique,1,19.9,0,19.9
14636,2025-12-11,C0626,Boutique,Pulls & sweats,Pull en laine,M,1,59.9,0,59.9
14637,2025-12-11,C0089,Boutique,Pulls & sweats,Pull en laine,XS,1,59.9,0,59.9
14637,2025-12-11,C0089,Boutique,Vestes,Veste en jean,XS,1,79.9,0,79.9
14638,2025-12-11,C0451,En ligne,Pantalons,Jean slim,M,1,54.9,0,54.9
14639,2025-12-11,C0531,En ligne,Vestes,Doudoune,M,1,119.9,0,119.9
14640,2025-12-11,C0792,En ligne,Pulls & sweats,Sweat à capuche,XL,1,49.9,0,49.9
14641,2025-12-11,C0033,Boutique,Accessoires,Sac banane,Unique,1,34.9,0,34.9
14642,2025-12-11,C0002,Boutique,Accessoires,Écharpe,Unique,1,24.9,0,24.9
14642,2025-12-11,C0002,Boutique,Pantalons,Pantalon cargo,S,1,49.9,0,49.9
14643,2025-12-11,C0014,Boutique,T-shirts,T-shirt oversize,L,1,29.9,0,29.9
14644,2025-12-11,C0228,Boutique,Accessoires,Bonnet,Unique,1,17.9,0,17.9
14644,2025-12-11,C0228,Boutique,Pantalons,Jean droit,M,2,59.9,0,119.8
14645,2025-12-12,C0072,Boutique,Vestes,Doudoune,XS,1,119.9,0,119.9
14645,2025-12-12,C0072,Boutique,Accessoires,Ceinture,Unique,1,29.9,0,29.9
14646,2025-12-12,C0395,Boutique,Pulls & sweats,Sweat col rond,M,1,39.9,0,39.9
14646,2025-12-12,C0395,Boutique,Chaussures,Bottines,43,1,109.9,0,109.9
14646,2025-12-12,C0395,Boutique,Accessoires,Écharpe,Unique,1,24.9,0,24.9
14647,2025-12-12,C0673,En ligne,Accessoires,Sac banane,Unique,1,34.9,0,34.9
14647,2025-12-12,C0673,En ligne,Pulls & sweats,Sweat col rond,L,1,39.9,0,39.9
14648,2025-12-12,C0013,Boutique,Pulls & sweats,Sweat col rond,S,1,39.9,0,39.9
14648,2025-12-12,C0013,Boutique,Vestes,Veste en jean,M,1,79.9,0,79.9
14649,2025-12-12,C0656,Boutique,Pulls & sweats,Sweat à capuche,S,2,49.9,0,99.8
14650,2025-12-12,C0328,Boutique,T-shirts,T-shirt basique,M,1,19.9,0,19.9
14650,2025-12-12,C0328,Boutique,Vestes,Coupe-vent,L,2,64.9,0,129.8
14650,2025-12-12,C0328,Boutique,Chaussures,Sneakers running,44,1,99.9,0,99.9
14651,2025-12-12,C0001,Boutique,Vestes,Coupe-vent,L,2,64.9,0,129.8
14652,2025-12-12,C0645,En ligne,Accessoires,Bonnet,Unique,1,17.9,0,17.9
14652,2025-12-12,C0645,En ligne,Chaussures,Baskets blanches,39,1,89.9,0,89.9
14653,2025-12-12,C0110,Boutique,Pantalons,Jean droit,S,2,59.9,0,119.8
14653,2025-12-12,C0110,Boutique,Chaussures,Bottines,44,1,109.9,0,109.9
14654,2025-12-12,C0015,Boutique,Accessoires,Casquette,Unique,2,19.9,0,39.8
14655,2025-12-12,C0061,Boutique,Chaussures,Baskets blanches,40,1,89.9,0,89.9
14655,2025-12-12,C0061,Boutique,Vestes,Doudoune,L,1,119.9,0,119.9
14656,2025-12-12,C0106,Boutique,Pantalons,Pantalon cargo,L,1,49.9,0,49.9
14656,2025-12-12,C0106,Boutique,Pulls & sweats,Sweat à capuche,M,1,49.9,0,49.9
14657,2025-12-12,C0790,Boutique,Pantalons,Pantalon cargo,M,1,49.9,0,49.9
14657,2025-12-12,C0790,Boutique,T-shirts,T-shirt oversize,L,1,29.9,0,29.9
14658,2025-12-12,C0031,Boutique,Pantalons,Jogging,S,1,34.9,0,34.9
14658,2025-12-12,C0031,Boutique,Pantalons,Jean droit,L,1,59.9,0,59.9
14659,2025-12-12,C0836,Boutique,T-shirts,T-shirt oversize,M,1,29.9,0,29.9
14659,2025-12-12,C0836,Boutique,Accessoires,Ceinture,Unique,1,29.9,0,29.9
14660,2025-12-12,C0082,En ligne,Pulls & sweats,Sweat col rond,L,1,39.9,0,39.9
14661,2025-12-12,C0897,Boutique,Vestes,Doudoune,M,1,119.9,0,119.9
14661,2025-12-12,C0897,Boutique,Vestes,Doudoune,S,1,119.9,0,119.9
14662,2025-12-12,C0521,Boutique,T-shirts,T-shirt imprimé,XL,2,24.9,0,49.8
14662,2025-12-12,C0521,Boutique,T-shirts,T-shirt basique,M,1,19.9,0,19.9
14663,2025-12-12,C0081,En ligne,Chaussures,Bottines,42,1,109.9,0,109.9
14664,2025-12-12,C0033,En ligne,Accessoires,Ceinture,Unique,1,29.9,0,29.9
14665,2025-12-12,C0530,Boutique,Vestes,Doudoune,M,2,119.9,0,239.8
14666,2025-12-12,C0003,Boutique,Vestes,Veste en jean,XS,1,79.9,0,79.9
14667,2025-12-12,C0510,En ligne,Chaussures,Sneakers running,42,2,99.9,0,199.8
14668,2025-12-12,C0019,Boutique,Pulls & sweats,Sweat col rond,XL,1,39.9,0,39.9
14668,2025-12-12,C0019,Boutique,Pantalons,Jean slim,M,1,54.9,0,54.9
14669,2025-12-12,C0615,Boutique,Pulls & sweats,Sweat col rond,S,1,39.9,0,39.9
14670,2025-12-12,C0110,En ligne,Pulls & sweats,Sweat col rond,S,2,39.9,0,79.8
14670,2025-12-12,C0110,En ligne,Pantalons,Jean slim,XL,1,54.9,0,54.9
14671,2025-12-12,C0074,Boutique,Vestes,Doudoune,S,1,119.9,0,119.9
14672,2025-12-12,C0637,Boutique,Pantalons,Jogging,L,2,34.9,0,69.8
14672,2025-12-12,C0637,Boutique,Pantalons,Jogging,M,1,34.9,0,34.9
14673,2025-12-12,C0056,Boutique,Pulls & sweats,Sweat à capuche,M,1,49.9,0,49.9
14674,2025-12-12,C0097,Boutique,T-shirts,T-shirt oversize,S,1,29.9,0,29.9
14674,2025-12-12,C0097,Boutique,Vestes,Veste en jean,L,1,79.9,0,79.9
14675,2025-12-13,C0138,En ligne,Pulls & sweats,Pull en laine,M,1,59.9,0,59.9
14676,2025-12-13,C0468,En ligne,Accessoires,Sac banane,Unique,1,34.9,0,34.9
14676,2025-12-13,C0468,En ligne,Chaussures,Sneakers running,42,1,99.9,0,99.9
14676,2025-12-13,C0468,En ligne,Pulls & sweats,Pull en laine,M,1,59.9,0,59.9
14677,2025-12-13,C0066,Boutique,Pantalons,Pantalon cargo,XL,1,49.9,0,49.9
14678,2025-12-13,C0274,Boutique,Pantalons,Jogging,XL,1,34.9,0,34.9
14679,2025-12-13,C0230,En ligne,Pulls & sweats,Pull en laine,S,1,59.9,0,59.9
14680,2025-12-13,C0245,En ligne,Pulls & sweats,Sweat col rond,L,1,39.9,0,39.9
14680,2025-12-13,C0245,En ligne,Pantalons,Pantalon cargo,S,1,49.9,0,49.9
14681,2025-12-13,C0090,Boutique,Vestes,Veste en jean,S,1,79.9,0,79.9
14682,2025-12-13,C0078,Boutique,Accessoires,Sac banane,Unique,1,34.9,0,34.9
14682,2025-12-13,C0078,Boutique,Pantalons,Jean slim,L,1,54.9,0,54.9
14683,2025-12-13,C0373,Boutique,Vestes,Doudoune,M,1,119.9,0,119.9
14684,2025-12-13,C0025,En ligne,Pulls & sweats,Sweat à capuche,M,1,49.9,0,49.9
14684,2025-12-13,C0025,En ligne,Accessoires,Ceinture,Unique,1,29.9,0,29.9
14684,2025-12-13,C0025,En ligne,T-shirts,T-shirt basique,L,2,19.9,0,39.8
14685,2025-12-13,C0090,Boutique,Accessoires,Ceinture,Unique,1,29.9,0,29.9
14686,2025-12-13,C0080,Boutique,Pantalons,Jean droit,XL,1,59.9,0,59.9
14686,2025-12-13,C0080,Boutique,Pulls & sweats,Pull en laine,S,1,59.9,0,59.9
14687,2025-12-13,C0078,En ligne,Chaussures,Bottines,43,1,109.9,0,109.9
14687,2025-12-13,C0078,En ligne,Pantalons,Jean droit,M,1,59.9,0,59.9
14688,2025-12-13,C0095,En ligne,Vestes,Veste en jean,XL,1,79.9,0,79.9
14688,2025-12-13,C0095,En ligne,Pulls & sweats,Sweat col rond,S,1,39.9,0,39.9
14688,2025-12-13,C0095,En ligne,T-shirts,T-shirt oversize,M,1,29.9,0,29.9
14689,2025-12-13,C0711,Boutique,T-shirts,T-shirt basique,S,2,19.9,0,39.8
14690,2025-12-13,C0054,En ligne,Accessoires,Écharpe,Unique,1,24.9,0,24.9
14691,2025-12-13,C0819,Boutique,Accessoires,Sac banane,Unique,1,34.9,0,34.9
14691,2025-12-13,C0819,Boutique,Chaussures,Bottines,41,1,109.9,0,109.9
14691,2025-12-13,C0819,Boutique,Pantalons,Jean slim,M,1,54.9,0,54.9
14692,2025-12-15,C0462,Boutique,Pantalons,Jean droit,XL,1,59.9,0,59.9
14693,2025-12-15,C0095,En ligne,Pulls & sweats,Sweat col rond,S,1,39.9,0,39.9
14693,2025-12-15,C0095,En ligne,Accessoires,Sac banane,Unique,1,34.9,0,34.9
14694,2025-12-15,C0296,Boutique,T-shirts,T-shirt basique,XL,1,19.9,0,19.9
14694,2025-12-15,C0296,Boutique,Accessoires,Ceinture,Unique,1,29.9,0,29.9
14695,2025-12-15,C0014,Boutique,Pulls & sweats,Pull en laine,M,1,59.9,0,59.9
14696,2025-12-15,C0027,En ligne,Accessoires,Casquette,Unique,1,19.9,0,19.9
14697,2025-12-15,C0046,Boutique,Vestes,Veste en jean,L,1,79.9,0,79.9
14698,2025-12-15,C0027,En ligne,Pulls & sweats,Sweat col rond,XL,1,39.9,0,39.9
14699,2025-12-15,C0047,Boutique,Pantalons,Jean droit,M,1,59.9,0,59.9
14700,2025-12-15,C0039,Boutique,T-shirts,T-shirt oversize,S,1,29.9,0,29.9
14701,2025-12-15,C0745,En ligne,Accessoires,Ceinture,Unique,1,29.9,0,29.9
14702,2025-12-15,C0049,Boutique,Pulls & sweats,Sweat col rond,M,1,39.9,0,39.9
14703,2025-12-15,C0050,En ligne,Pulls & sweats,Sweat col rond,M,2,39.9,0,79.8
14703,2025-12-15,C0050,En ligne,Vestes,Doudoune,S,2,119.9,0,239.8
14704,2025-12-15,C0742,Boutique,Accessoires,Casquette,Unique,1,19.9,0,19.9
14704,2025-12-15,C0742,Boutique,Accessoires,Casquette,Unique,2,19.9,0,39.8
14705,2025-12-15,C0005,En ligne,Accessoires,Bonnet,Unique,1,17.9,0,17.9
14705,2025-12-15,C0005,En ligne,Accessoires,Bonnet,Unique,1,17.9,0,17.9
14706,2025-12-15,C0063,En ligne,Vestes,Coupe-vent,M,1,64.9,0,64.9
14707,2025-12-15,C0412,En ligne,Vestes,Coupe-vent,M,1,64.9,0,64.9
14708,2025-12-15,C0628,Boutique,Pantalons,Jogging,XS,1,34.9,0,34.9
14709,2025-12-15,C0734,Boutique,Pulls & sweats,Sweat à capuche,XS,2,49.9,0,99.8
14709,2025-12-15,C0734,Boutique,Vestes,Coupe-vent,M,2,64.9,0,129.8
14710,2025-12-15,C0074,Boutique,Pulls & sweats,Pull en laine,M,1,59.9,0,59.9
14711,2025-12-15,C0043,Boutique,Pulls & sweats,Pull en laine,L,1,59.9,0,59.9
14711,2025-12-15,C0043,Boutique,Vestes,Coupe-vent,M,1,64.9,0,64.9
14712,2025-12-15,C0407,Boutique,Accessoires,Bonnet,Unique,1,17.9,0,17.9
14713,2025-12-15,C0024,En ligne,T-shirts,T-shirt basique,M,1,19.9,0,19.9
14714,2025-12-15,C0847,Boutique,Accessoires,Casquette,Unique,1,19.9,0,19.9
14715,2025-12-15,C0098,En ligne,Chaussures,Baskets blanches,44,1,89.9,0,89.9
14716,2025-12-15,C0007,Boutique,Pantalons,Jean droit,S,1,59.9,0,59.9
14717,2025-12-15,C0696,Boutique,T-shirts,T-shirt basique,S,1,19.9,0,19.9
14717,2025-12-15,C0696,Boutique,Pulls & sweats,Pull en laine,S,1,59.9,0,59.9
14717,2025-12-15,C0696,Boutique,Chaussures,Baskets blanches,40,1,89.9,0,89.9
14718,2025-12-15,C0030,Boutique,T-shirts,T-shirt basique,S,1,19.9,0,19.9
14718,2025-12-15,C0030,Boutique,Pantalons,Jean droit,L,1,59.9,0,59.9
14719,2025-12-16,C0031,Boutique,Accessoires,Sac banane,Unique,1,34.9,0,34.9
14719,2025-12-16,C0031,Boutique,Accessoires,Écharpe,Unique,1,24.9,0,24.9
14720,2025-12-16,C0042,Boutique,Accessoires,Ceinture,Unique,1,29.9,0,29.9
14721,2025-12-16,C0095,Boutique,Chaussures,Bottines,43,1,109.9,0,109.9
14722,2025-12-16,C0882,Boutique,Vestes,Veste en jean,XS,1,79.9,0,79.9
14723,2025-12-16,C0071,En ligne,T-shirts,T-shirt basique,XL,1,19.9,0,19.9
14723,2025-12-16,C0071,En ligne,Pulls & sweats,Sweat à capuche,XL,1,49.9,0,49.9
14724,2025-12-16,C0739,Boutique,Accessoires,Bonnet,Unique,1,17.9,0,17.9
14725,2025-12-16,C0800,En ligne,Pulls & sweats,Pull en laine,L,1,59.9,0,59.9
14726,2025-12-16,C0725,Boutique,Vestes,Coupe-vent,M,1,64.9,0,64.9
14727,2025-12-16,C0160,En ligne,Vestes,Doudoune,S,1,119.9,0,119.9
14728,2025-12-16,C0229,En ligne,T-shirts,T-shirt oversize,M,2,29.9,0,59.8
14728,2025-12-16,C0229,En ligne,Chaussures,Baskets blanches,39,1,89.9,0,89.9
14729,2025-12-16,C0063,Boutique,Accessoires,Écharpe,Unique,2,24.9,0,49.8
14729,2025-12-16,C0063,Boutique,Accessoires,Casquette,Unique,2,19.9,0,39.8
14730,2025-12-16,C0285,En ligne,Pulls & sweats,Sweat à capuche,XL,1,49.9,0,49.9
14731,2025-12-16,C0048,Boutique,Pantalons,Jean droit,S,1,59.9,0,59.9
14731,2025-12-16,C0048,Boutique,Accessoires,Écharpe,Unique,1,24.9,0,24.9
14732,2025-12-16,C0161,Boutique,Pulls & sweats,Sweat col rond,S,2,39.9,0,79.8
14732,2025-12-16,C0161,Boutique,Pulls & sweats,Sweat à capuche,M,2,49.9,0,99.8
14733,2025-12-16,C0885,En ligne,Pantalons,Pantalon cargo,XS,1,49.9,0,49.9
14733,2025-12-16,C0885,En ligne,Accessoires,Sac banane,Unique,1,34.9,0,34.9
14734,2025-12-16,C0005,Boutique,Pulls & sweats,Pull en laine,M,1,59.9,0,59.9
14734,2025-12-16,C0005,Boutique,Pantalons,Jean droit,XL,1,59.9,0,59.9
14735,2025-12-16,C0024,Boutique,T-shirts,T-shirt imprimé,M,1,24.9,0,24.9
14735,2025-12-16,C0024,Boutique,Accessoires,Sac banane,Unique,1,34.9,0,34.9
14736,2025-12-16,C0516,Boutique,Pantalons,Jogging,L,1,34.9,0,34.9
14737,2025-12-16,C0080,En ligne,Chaussures,Sneakers running,41,1,99.9,0,99.9
14738,2025-12-16,C0082,Boutique,Vestes,Doudoune,XL,1,119.9,0,119.9
14739,2025-12-16,C0001,Boutique,Pulls & sweats,Sweat col rond,L,1,39.9,0,39.9
14740,2025-12-16,C0271,Boutique,T-shirts,T-shirt oversize,L,1,29.9,0,29.9
14741,2025-12-16,C0095,Boutique,Accessoires,Bonnet,Unique,1,17.9,0,17.9
14741,2025-12-16,C0095,Boutique,Pantalons,Jogging,M,2,34.9,0,69.8
14742,2025-12-16,C0584,Boutique,Chaussures,Sneakers running,42,1,99.9,0,99.9
14742,2025-12-16,C0584,Boutique,T-shirts,T-shirt basique,S,1,19.9,0,19.9
14742,2025-12-16,C0584,Boutique,Accessoires,Écharpe,Unique,1,24.9,0,24.9
14743,2025-12-16,C0160,En ligne,Accessoires,Bonnet,Unique,1,17.9,0,17.9
14744,2025-12-16,C0069,En ligne,Accessoires,Bonnet,Unique,1,17.9,0,17.9
14745,2025-12-17,C0195,Boutique,T-shirts,T-shirt oversize,M,1,29.9,0,29.9
14746,2025-12-17,C0117,En ligne,Chaussures,Baskets blanches,39,1,89.9,0,89.9
14746,2025-12-17,C0117,En ligne,Chaussures,Baskets blanches,41,1,89.9,0,89.9
14746,2025-12-17,C0117,En ligne,Pulls & sweats,Pull en laine,M,1,59.9,0,59.9
14747,2025-12-17,C0475,En ligne,Vestes,Veste en jean,S,1,79.9,0,79.9
14748,2025-12-17,C0890,En ligne,Vestes,Doudoune,XS,1,119.9,0,119.9
14749,2025-12-17,C0009,Boutique,Pulls & sweats,Pull en laine,XS,1,59.9,0,59.9
14750,2025-12-17,C0082,En ligne,T-shirts,T-shirt oversize,L,1,29.9,0,29.9
14751,2025-12-17,C0027,En ligne,Accessoires,Casquette,Unique,1,19.9,0,19.9
14752,2025-12-17,C0705,En ligne,Pulls & sweats,Sweat col rond,XS,1,39.9,0,39.9
14752,2025-12-17,C0705,En ligne,Vestes,Doudoune,XL,1,119.9,0,119.9
14753,2025-12-17,C0114,En ligne,T-shirts,T-shirt basique,S,1,19.9,0,19.9
14754,2025-12-17,C0077,En ligne,Chaussures,Baskets blanches,44,1,89.9,0,89.9
14755,2025-12-17,C0467,Boutique,Pantalons,Jogging,L,1,34.9,0,34.9
14756,2025-12-17,C0274,En ligne,Pulls & sweats,Sweat à capuche,XS,1,49.9,0,49.9
14757,2025-12-17,C0035,Boutique,Pantalons,Jean droit,L,1,59.9,0,59.9
14757,2025-12-17,C0035,Boutique,Vestes,Doudoune,M,1,119.9,0,119.9
14757,2025-12-17,C0035,Boutique,T-shirts,T-shirt oversize,L,1,29.9,0,29.9
14758,2025-12-17,C0099,En ligne,Vestes,Veste en jean,M,1,79.9,0,79.9
14758,2025-12-17,C0099,En ligne,Vestes,Veste en jean,XS,2,79.9,0,159.8
14759,2025-12-17,C0090,Boutique,Pulls & sweats,Sweat à capuche,L,1,49.9,0,49.9
14760,2025-12-17,C0512,Boutique,T-shirts,T-shirt basique,XS,1,19.9,0,19.9
14761,2025-12-18,C0314,Boutique,Pulls & sweats,Sweat à capuche,M,1,49.9,0,49.9
14761,2025-12-18,C0314,Boutique,Accessoires,Sac banane,Unique,1,34.9,0,34.9
14762,2025-12-18,C0326,Boutique,Pulls & sweats,Sweat à capuche,XS,1,49.9,0,49.9
14763,2025-12-18,C0754,Boutique,Chaussures,Sneakers running,44,2,99.9,0,199.8
14764,2025-12-18,C0792,En ligne,Vestes,Coupe-vent,L,1,64.9,0,64.9
14764,2025-12-18,C0792,En ligne,Accessoires,Ceinture,Unique,2,29.9,0,59.8
14765,2025-12-18,C0102,Boutique,Accessoires,Bonnet,Unique,1,17.9,0,17.9
14765,2025-12-18,C0102,Boutique,Pantalons,Pantalon cargo,M,1,49.9,0,49.9
14766,2025-12-18,C0264,Boutique,Pulls & sweats,Sweat à capuche,M,1,49.9,0,49.9
14766,2025-12-18,C0264,Boutique,T-shirts,T-shirt imprimé,L,1,24.9,0,24.9
14767,2025-12-18,C0546,Boutique,Vestes,Veste en jean,XL,1,79.9,0,79.9
14768,2025-12-18,C0900,En ligne,Accessoires,Bonnet,Unique,1,17.9,0,17.9
14769,2025-12-18,C0716,Boutique,Pulls & sweats,Sweat à capuche,M,1,49.9,0,49.9
14770,2025-12-18,C0530,En ligne,Pantalons,Jean slim,XS,1,54.9,0,54.9
14771,2025-12-18,C0138,En ligne,Vestes,Doudoune,S,1,119.9,0,119.9
14772,2025-12-18,C0225,En ligne,Accessoires,Ceinture,Unique,1,29.9,0,29.9
14772,2025-12-18,C0225,En ligne,T-shirts,T-shirt basique,L,1,19.9,0,19.9
14773,2025-12-18,C0107,Boutique,T-shirts,T-shirt imprimé,XL,1,24.9,0,24.9
14773,2025-12-18,C0107,Boutique,Vestes,Veste en jean,L,1,79.9,0,79.9
14774,2025-12-18,C0108,Boutique,Chaussures,Bottines,42,2,109.9,0,219.8
14775,2025-12-18,C0090,Boutique,Pulls & sweats,Sweat col rond,XS,1,39.9,0,39.9
14776,2025-12-18,C0675,Boutique,Pantalons,Jogging,M,1,34.9,0,34.9
14776,2025-12-18,C0675,Boutique,Chaussures,Bottines,40,1,109.9,0,109.9
14776,2025-12-18,C0675,Boutique,Pulls & sweats,Sweat col rond,XL,1,39.9,0,39.9
14777,2025-12-18,C0051,Boutique,Pantalons,Jean slim,M,1,54.9,0,54.9
14777,2025-12-18,C0051,Boutique,T-shirts,T-shirt oversize,XS,1,29.9,0,29.9
14778,2025-12-18,C0050,Boutique,Pulls & sweats,Pull en laine,S,1,59.9,0,59.9
14779,2025-12-18,C0091,Boutique,T-shirts,T-shirt imprimé,XL,2,24.9,0,49.8
14780,2025-12-18,C0010,Boutique,Chaussures,Baskets blanches,42,1,89.9,0,89.9
14780,2025-12-18,C0010,Boutique,T-shirts,T-shirt basique,L,1,19.9,0,19.9
14781,2025-12-18,C0770,Boutique,T-shirts,T-shirt imprimé,S,1,24.9,0,24.9
14781,2025-12-18,C0770,Boutique,Vestes,Doudoune,XL,1,119.9,0,119.9
14782,2025-12-18,C0550,En ligne,Pulls & sweats,Sweat à capuche,L,1,49.9,0,49.9
14783,2025-12-18,C0057,En ligne,Chaussures,Baskets blanches,42,1,89.9,0,89.9
14783,2025-12-18,C0057,En ligne,Pantalons,Pantalon cargo,L,1,49.9,0,49.9
14784,2025-12-18,C0042,En ligne,Pulls & sweats,Sweat à capuche,S,1,49.9,0,49.9
14784,2025-12-18,C0042,En ligne,Accessoires,Écharpe,Unique,1,24.9,0,24.9
14785,2025-12-18,C0136,Boutique,T-shirts,T-shirt oversize,M,1,29.9,0,29.9
14785,2025-12-18,C0136,Boutique,T-shirts,T-shirt basique,XS,2,19.9,0,39.8
14786,2025-12-18,C0299,Boutique,Pulls & sweats,Pull en laine,M,1,59.9,0,59.9
14787,2025-12-18,C0102,Boutique,Pulls & sweats,Pull en laine,XL,1,59.9,0,59.9
14788,2025-12-18,C0207,Boutique,T-shirts,T-shirt basique,M,1,19.9,0,19.9
14789,2025-12-18,C0106,Boutique,Vestes,Doudoune,S,1,119.9,0,119.9
14790,2025-12-18,C0111,En ligne,Pulls & sweats,Sweat à capuche,M,1,49.9,0,49.9
14791,2025-12-18,C0630,En ligne,Pantalons,Pantalon cargo,M,1,49.9,0,49.9
14792,2025-12-18,C0003,Boutique,Pulls & sweats,Sweat col rond,S,1,39.9,0,39.9
14793,2025-12-18,C0763,Boutique,Pantalons,Jean slim,L,1,54.9,0,54.9
14793,2025-12-18,C0763,Boutique,Pulls & sweats,Sweat à capuche,L,2,49.9,0,99.8
14794,2025-12-18,C0136,Boutique,Pulls & sweats,Sweat col rond,XL,1,39.9,0,39.9
14795,2025-12-18,C0049,En ligne,Pantalons,Pantalon cargo,M,2,49.9,0,99.8
14795,2025-12-18,C0049,En ligne,Chaussures,Sneakers running,39,1,99.9,0,99.9
14796,2025-12-18,C0602,Boutique,Accessoires,Écharpe,Unique,2,24.9,0,49.8
14797,2025-12-18,C0223,Boutique,Pantalons,Pantalon cargo,XL,1,49.9,0,49.9
14797,2025-12-18,C0223,Boutique,Accessoires,Sac banane,Unique,1,34.9,0,34.9
14798,2025-12-18,C0038,Boutique,Chaussures,Bottines,40,1,109.9,0,109.9
14799,2025-12-19,C0787,Boutique,Chaussures,Sneakers running,39,1,99.9,0,99.9
14800,2025-12-19,C0449,Boutique,Pantalons,Pantalon cargo,L,1,49.9,0,49.9
14800,2025-12-19,C0449,Boutique,T-shirts,T-shirt oversize,S,1,29.9,0,29.9
14801,2025-12-19,C0017,En ligne,Vestes,Coupe-vent,XL,1,64.9,0,64.9
14802,2025-12-19,C0109,En ligne,Accessoires,Casquette,Unique,1,19.9,0,19.9
14803,2025-12-19,C0164,En ligne,Pantalons,Jean slim,XL,1,54.9,0,54.9
14803,2025-12-19,C0164,En ligne,Pantalons,Jean slim,XL,1,54.9,0,54.9
14804,2025-12-19,C0325,Boutique,Pantalons,Jean droit,S,1,59.9,0,59.9
14804,2025-12-19,C0325,Boutique,Pulls & sweats,Pull en laine,S,1,59.9,0,59.9
14805,2025-12-19,C0571,Boutique,Vestes,Doudoune,M,1,119.9,0,119.9
14806,2025-12-19,C0044,En ligne,Vestes,Veste en jean,XL,1,79.9,0,79.9
14807,2025-12-19,C0033,Boutique,Pantalons,Jean slim,XL,1,54.9,0,54.9
14807,2025-12-19,C0033,Boutique,Pulls & sweats,Sweat col rond,XS,1,39.9,0,39.9
14807,2025-12-19,C0033,Boutique,Vestes,Veste en jean,XL,1,79.9,0,79.9
14808,2025-12-19,C0072,Boutique,T-shirts,T-shirt oversize,XS,2,29.9,0,59.8
14809,2025-12-19,C0115,Boutique,Vestes,Veste en jean,L,1,79.9,0,79.9
14809,2025-12-19,C0115,Boutique,Pantalons,Jean slim,XS,1,54.9,0,54.9
14809,2025-12-19,C0115,Boutique,Chaussures,Sneakers running,40,1,99.9,0,99.9
14810,2025-12-19,C0284,Boutique,Vestes,Doudoune,L,1,119.9,0,119.9
14811,2025-12-19,C0035,Boutique,Pulls & sweats,Pull en laine,S,1,59.9,0,59.9
14812,2025-12-19,C0771,Boutique,Accessoires,Casquette,Unique,1,19.9,0,19.9
14813,2025-12-19,C0228,Boutique,Accessoires,Sac banane,Unique,1,34.9,0,34.9
14814,2025-12-19,C0666,Boutique,Pantalons,Jogging,M,1,34.9,0,34.9
14815,2025-12-19,C0100,Boutique,Pulls & sweats,Sweat col rond,L,1,39.9,0,39.9
14815,2025-12-19,C0100,Boutique,Chaussures,Sneakers running,42,1,99.9,0,99.9
14815,2025-12-19,C0100,Boutique,Pulls & sweats,Pull en laine,S,1,59.9,0,59.9
14816,2025-12-19,C0036,En ligne,Accessoires,Ceinture,Unique,1,29.9,0,29.9
14817,2025-12-19,C0041,Boutique,Vestes,Coupe-vent,L,2,64.9,0,129.8
14817,2025-12-19,C0041,Boutique,Chaussures,Sneakers running,40,1,99.9,0,99.9
14818,2025-12-19,C0559,Boutique,Pulls & sweats,Pull en laine,L,1,59.9,0,59.9
14819,2025-12-19,C0062,Boutique,Accessoires,Ceinture,Unique,1,29.9,0,29.9
14820,2025-12-19,C0262,Boutique,Pulls & sweats,Sweat col rond,L,1,39.9,0,39.9
14821,2025-12-19,C0336,Boutique,Pulls & sweats,Sweat col rond,M,1,39.9,0,39.9
14822,2025-12-20,C0849,En ligne,Vestes,Coupe-vent,M,1,64.9,0,64.9
14823,2025-12-20,C0001,En ligne,Accessoires,Casquette,Unique,1,19.9,0,19.9
14824,2025-12-20,C0025,Boutique,T-shirts,T-shirt basique,L,1,19.9,0,19.9
14824,2025-12-20,C0025,Boutique,Pantalons,Pantalon cargo,L,1,49.9,0,49.9
14825,2025-12-20,C0351,En ligne,Vestes,Veste en jean,S,1,79.9,0,79.9
14826,2025-12-20,C0033,Boutique,T-shirts,T-shirt imprimé,XL,1,24.9,0,24.9
14826,2025-12-20,C0033,Boutique,Chaussures,Sneakers running,42,1,99.9,0,99.9
14827,2025-12-20,C0046,Boutique,Pulls & sweats,Sweat à capuche,XS,1,49.9,0,49.9
14828,2025-12-20,C0449,En ligne,Pulls & sweats,Pull en laine,XL,1,59.9,0,59.9
14829,2025-12-20,C0625,Boutique,Accessoires,Casquette,Unique,1,19.9,0,19.9
14829,2025-12-20,C0625,Boutique,Vestes,Coupe-vent,L,1,64.9,0,64.9
14830,2025-12-20,C0169,Boutique,Accessoires,Sac banane,Unique,1,34.9,0,34.9
14831,2025-12-20,C0151,Boutique,T-shirts,T-shirt imprimé,M,1,24.9,0,24.9
14832,2025-12-20,C0084,Boutique,Pulls & sweats,Sweat col rond,L,1,39.9,0,39.9
14833,2025-12-20,C0246,Boutique,Accessoires,Bonnet,Unique,1,17.9,0,17.9
14834,2025-12-20,C0079,Boutique,Accessoires,Sac banane,Unique,1,34.9,0,34.9
14834,2025-12-20,C0079,Boutique,Pulls & sweats,Pull en laine,M,1,59.9,0,59.9
14835,2025-12-20,C0643,Boutique,Vestes,Doudoune,M,1,119.9,0,119.9
14835,2025-12-20,C0643,Boutique,Pulls & sweats,Pull en laine,S,2,59.9,0,119.8
14835,2025-12-20,C0643,Boutique,Pulls & sweats,Pull en laine,S,1,59.9,0,59.9
14836,2025-12-20,C0071,Boutique,Accessoires,Casquette,Unique,1,19.9,0,19.9
14837,2025-12-20,C0860,Boutique,Chaussures,Baskets blanches,42,1,89.9,0,89.9
14838,2025-12-20,C0241,Boutique,Pulls & sweats,Pull en laine,L,1,59.9,0,59.9
14838,2025-12-20,C0241,Boutique,Pulls & sweats,Sweat à capuche,L,1,49.9,0,49.9
14839,2025-12-22,C0124,Boutique,Vestes,Veste en jean,M,1,79.9,0,79.9
14840,2025-12-22,C0659,Boutique,Accessoires,Bonnet,Unique,2,17.9,0,35.8
14841,2025-12-22,C0018,En ligne,Accessoires,Bonnet,Unique,1,17.9,0,17.9
14842,2025-12-22,C0668,Boutique,Pantalons,Jean slim,M,2,54.9,0,109.8
14842,2025-12-22,C0668,Boutique,Pantalons,Jogging,S,1,34.9,0,34.9
14842,2025-12-22,C0668,Boutique,Vestes,Veste en jean,S,1,79.9,0,79.9
14843,2025-12-22,C0380,Boutique,Pulls & sweats,Sweat à capuche,XS,1,49.9,0,49.9
14844,2025-12-22,C0804,Boutique,T-shirts,T-shirt imprimé,M,1,24.9,0,24.9
14845,2025-12-22,C0037,Boutique,Chaussures,Baskets blanches,41,1,89.9,0,89.9
14845,2025-12-22,C0037,Boutique,Pantalons,Jean droit,XL,2,59.9,0,119.8
14846,2025-12-22,C0847,Boutique,T-shirts,T-shirt oversize,M,2,29.9,0,59.8
14847,2025-12-22,C0059,Boutique,Vestes,Doudoune,S,1,119.9,0,119.9
14848,2025-12-22,C0109,Boutique,Pulls & sweats,Sweat col rond,M,1,39.9,0,39.9
14848,2025-12-22,C0109,Boutique,Pulls & sweats,Pull en laine,XS,1,59.9,0,59.9
14849,2025-12-22,C0047,En ligne,Chaussures,Sneakers running,44,2,99.9,0,199.8
14849,2025-12-22,C0047,En ligne,T-shirts,T-shirt basique,XL,1,19.9,0,19.9
14850,2025-12-22,C0462,Boutique,T-shirts,T-shirt oversize,M,1,29.9,0,29.9
14850,2025-12-22,C0462,Boutique,Accessoires,Ceinture,Unique,1,29.9,0,29.9
14851,2025-12-22,C0090,Boutique,Pantalons,Jean droit,S,1,59.9,0,59.9
14852,2025-12-22,C0116,En ligne,Pulls & sweats,Pull en laine,XL,1,59.9,0,59.9
14852,2025-12-22,C0116,En ligne,Pulls & sweats,Pull en laine,M,2,59.9,0,119.8
14852,2025-12-22,C0116,En ligne,Pantalons,Jean droit,M,1,59.9,0,59.9
14853,2025-12-22,C0873,Boutique,Pulls & sweats,Pull en laine,M,2,59.9,0,119.8
14853,2025-12-22,C0873,Boutique,T-shirts,T-shirt oversize,XL,1,29.9,0,29.9
14853,2025-12-22,C0873,Boutique,Chaussures,Bottines,40,2,109.9,0,219.8
14854,2025-12-22,C0649,En ligne,Chaussures,Bottines,43,1,109.9,0,109.9
14854,2025-12-22,C0649,En ligne,Pulls & sweats,Sweat col rond,S,1,39.9,0,39.9
14855,2025-12-22,C0079,Boutique,Pulls & sweats,Sweat à capuche,L,1,49.9,0,49.9
14856,2025-12-22,C0056,Boutique,Accessoires,Casquette,Unique,1,19.9,0,19.9
14857,2025-12-22,C0515,Boutique,T-shirts,T-shirt basique,S,1,19.9,0,19.9
14857,2025-12-22,C0515,Boutique,Vestes,Coupe-vent,L,1,64.9,0,64.9
14858,2025-12-22,C0855,Boutique,Accessoires,Écharpe,Unique,1,24.9,0,24.9
14859,2025-12-22,C0502,Boutique,Vestes,Doudoune,XL,1,119.9,0,119.9
14860,2025-12-22,C0244,En ligne,Accessoires,Casquette,Unique,2,19.9,0,39.8
14860,2025-12-22,C0244,En ligne,Pulls & sweats,Sweat col rond,M,1,39.9,0,39.9
14861,2025-12-22,C0103,Boutique,Accessoires,Écharpe,Unique,1,24.9,0,24.9
14862,2025-12-22,C0001,Boutique,Pulls & sweats,Sweat à capuche,S,1,49.9,0,49.9
14863,2025-12-22,C0353,En ligne,Vestes,Coupe-vent,S,1,64.9,0,64.9
14864,2025-12-22,C0088,Boutique,T-shirts,T-shirt imprimé,XL,1,24.9,0,24.9
14864,2025-12-22,C0088,Boutique,Vestes,Coupe-vent,L,1,64.9,0,64.9
14865,2025-12-22,C0038,En ligne,Pulls & sweats,Sweat col rond,XS,1,39.9,0,39.9
14865,2025-12-22,C0038,En ligne,Accessoires,Écharpe,Unique,2,24.9,0,49.8
14866,2025-12-22,C0082,En ligne,Accessoires,Casquette,Unique,2,19.9,0,39.8
14867,2025-12-22,C0431,Boutique,Chaussures,Bottines,44,2,109.9,0,219.8
14868,2025-12-22,C0095,Boutique,Pulls & sweats,Sweat col rond,L,1,39.9,0,39.9
14868,2025-12-22,C0095,Boutique,Accessoires,Écharpe,Unique,2,24.9,0,49.8
14869,2025-12-23,C0075,Boutique,Pulls & sweats,Pull en laine,L,1,59.9,0,59.9
14869,2025-12-23,C0075,Boutique,Accessoires,Casquette,Unique,1,19.9,0,19.9
14869,2025-12-23,C0075,Boutique,Pulls & sweats,Pull en laine,L,2,59.9,0,119.8
14870,2025-12-23,C0694,Boutique,Chaussures,Sneakers running,44,1,99.9,0,99.9
14871,2025-12-23,C0553,En ligne,Accessoires,Ceinture,Unique,1,29.9,0,29.9
14871,2025-12-23,C0553,En ligne,Pantalons,Pantalon cargo,XL,1,49.9,0,49.9
14872,2025-12-23,C0052,Boutique,Chaussures,Baskets blanches,44,1,89.9,0,89.9
14873,2025-12-23,C0775,Boutique,Pulls & sweats,Sweat à capuche,M,2,49.9,0,99.8
14873,2025-12-23,C0775,Boutique,Pulls & sweats,Sweat col rond,XS,1,39.9,0,39.9
14873,2025-12-23,C0775,Boutique,Pantalons,Jean slim,L,1,54.9,0,54.9
14874,2025-12-23,C0452,Boutique,Chaussures,Bottines,43,1,109.9,0,109.9
14874,2025-12-23,C0452,Boutique,Accessoires,Écharpe,Unique,1,24.9,0,24.9
14875,2025-12-23,C0388,Boutique,Pulls & sweats,Sweat à capuche,S,1,49.9,0,49.9
14875,2025-12-23,C0388,Boutique,T-shirts,T-shirt oversize,M,1,29.9,0,29.9
14876,2025-12-23,C0335,Boutique,Accessoires,Écharpe,Unique,1,24.9,0,24.9
14876,2025-12-23,C0335,Boutique,Accessoires,Sac banane,Unique,1,34.9,0,34.9
14877,2025-12-23,C0047,En ligne,Pantalons,Jean droit,S,1,59.9,0,59.9
14878,2025-12-23,C0071,Boutique,Vestes,Veste en jean,S,1,79.9,0,79.9
14879,2025-12-23,C0033,Boutique,T-shirts,T-shirt basique,XS,1,19.9,0,19.9
14879,2025-12-23,C0033,Boutique,Vestes,Coupe-vent,XL,1,64.9,0,64.9
14879,2025-12-23,C0033,Boutique,T-shirts,T-shirt basique,M,1,19.9,0,19.9
14880,2025-12-23,C0109,Boutique,Accessoires,Casquette,Unique,1,19.9,0,19.9
14881,2025-12-23,C0105,Boutique,T-shirts,T-shirt oversize,S,1,29.9,0,29.9
14881,2025-12-23,C0105,Boutique,Pulls & sweats,Sweat à capuche,L,1,49.9,0,49.9
14882,2025-12-23,C0042,En ligne,Pulls & sweats,Sweat col rond,M,1,39.9,0,39.9
14883,2025-12-23,C0011,En ligne,Pulls & sweats,Sweat col rond,L,1,39.9,0,39.9
14884,2025-12-23,C0556,Boutique,Accessoires,Sac banane,Unique,1,34.9,0,34.9
14885,2025-12-23,C0043,En ligne,Pantalons,Jogging,S,1,34.9,0,34.9
14886,2025-12-23,C0528,Boutique,Chaussures,Baskets blanches,44,1,89.9,0,89.9
14887,2025-12-23,C0097,En ligne,Accessoires,Bonnet,Unique,1,17.9,0,17.9
14887,2025-12-23,C0097,En ligne,Accessoires,Ceinture,Unique,2,29.9,0,59.8
14888,2025-12-23,C0529,En ligne,Vestes,Doudoune,S,1,119.9,0,119.9
14888,2025-12-23,C0529,En ligne,Pulls & sweats,Sweat col rond,M,1,39.9,0,39.9
14889,2025-12-23,C0391,Boutique,Accessoires,Ceinture,Unique,2,29.9,0,59.8
14890,2025-12-24,C0071,Boutique,Accessoires,Ceinture,Unique,1,29.9,0,29.9
14890,2025-12-24,C0071,Boutique,T-shirts,T-shirt basique,M,1,19.9,0,19.9
14891,2025-12-24,C0103,Boutique,Pulls & sweats,Sweat col rond,M,1,39.9,0,39.9
14891,2025-12-24,C0103,Boutique,Pulls & sweats,Sweat col rond,L,2,39.9,0,79.8
14892,2025-12-24,C0014,Boutique,T-shirts,T-shirt oversize,S,2,29.9,0,59.8
14892,2025-12-24,C0014,Boutique,Vestes,Veste en jean,M,1,79.9,0,79.9
14893,2025-12-24,C0058,Boutique,Chaussures,Bottines,41,1,109.9,0,109.9
14894,2025-12-24,C0126,Boutique,Pantalons,Jean slim,XL,2,54.9,0,109.8
14894,2025-12-24,C0126,Boutique,Chaussures,Sneakers running,44,1,99.9,0,99.9
14895,2025-12-24,C0383,Boutique,Pulls & sweats,Pull en laine,L,1,59.9,0,59.9
14896,2025-12-24,C0055,En ligne,Pulls & sweats,Sweat à capuche,S,1,49.9,0,49.9
14896,2025-12-24,C0055,En ligne,Pulls & sweats,Pull en laine,M,1,59.9,0,59.9
14897,2025-12-24,C0176,Boutique,Pulls & sweats,Sweat à capuche,L,1,49.9,0,49.9
14898,2025-12-24,C0177,Boutique,Vestes,Doudoune,S,1,119.9,0,119.9
14898,2025-12-24,C0177,Boutique,Pulls & sweats,Pull en laine,M,1,59.9,0,59.9
14899,2025-12-24,C0032,En ligne,Chaussures,Bottines,41,1,109.9,0,109.9
14900,2025-12-24,C0028,En ligne,Accessoires,Bonnet,Unique,1,17.9,0,17.9
14901,2025-12-24,C0027,En ligne,Accessoires,Bonnet,Unique,1,17.9,0,17.9
14902,2025-12-24,C0083,Boutique,Vestes,Veste en jean,XL,1,79.9,0,79.9
14902,2025-12-24,C0083,Boutique,Pulls & sweats,Sweat à capuche,XL,2,49.9,0,99.8
14903,2025-12-24,C0085,En ligne,Pulls & sweats,Pull en laine,XL,1,59.9,0,59.9
14904,2025-12-24,C0598,Boutique,Pantalons,Jean droit,L,1,59.9,0,59.9
14905,2025-12-24,C0799,Boutique,Pulls & sweats,Pull en laine,L,1,59.9,0,59.9
14906,2025-12-24,C0390,Boutique,Chaussures,Baskets blanches,42,1,89.9,0,89.9
14906,2025-12-24,C0390,Boutique,Pantalons,Jean slim,XL,1,54.9,0,54.9
14907,2025-12-24,C0290,Boutique,Accessoires,Écharpe,Unique,1,24.9,0,24.9
14908,2025-12-24,C0013,En ligne,Chaussures,Bottines,39,1,109.9,0,109.9
14908,2025-12-24,C0013,En ligne,Chaussures,Baskets blanches,44,1,89.9,0,89.9
14909,2025-12-24,C0073,Boutique,Chaussures,Baskets blanches,43,1,89.9,0,89.9
14910,2025-12-24,C0039,En ligne,Accessoires,Casquette,Unique,1,19.9,0,19.9
14911,2025-12-24,C0884,Boutique,Pulls & sweats,Pull en laine,M,2,59.9,0,119.8
14911,2025-12-24,C0884,Boutique,Pantalons,Jogging,M,1,34.9,0,34.9
14912,2025-12-24,C0735,Boutique,Accessoires,Casquette,Unique,1,19.9,0,19.9
14912,2025-12-24,C0735,Boutique,Vestes,Veste en jean,M,1,79.9,0,79.9
14913,2025-12-24,C0507,En ligne,Accessoires,Sac banane,Unique,1,34.9,0,34.9
14913,2025-12-24,C0507,En ligne,Pulls & sweats,Pull en laine,M,1,59.9,0,59.9
14914,2025-12-24,C0108,Boutique,Vestes,Veste en jean,L,1,79.9,0,79.9
14914,2025-12-24,C0108,Boutique,Accessoires,Ceinture,Unique,1,29.9,0,29.9
14915,2025-12-25,C0886,En ligne,Pulls & sweats,Sweat col rond,XS,1,39.9,0,39.9
14915,2025-12-25,C0886,En ligne,Accessoires,Ceinture,Unique,1,29.9,0,29.9
14916,2025-12-25,C0286,En ligne,Pantalons,Pantalon cargo,M,1,49.9,0,49.9
14917,2025-12-25,C0040,Boutique,Accessoires,Ceinture,Unique,1,29.9,0,29.9
14918,2025-12-25,C0294,Boutique,Chaussures,Sneakers running,39,1,99.9,0,99.9
14918,2025-12-25,C0294,Boutique,Vestes,Doudoune,M,1,119.9,0,119.9
14919,2025-12-25,C0735,Boutique,Accessoires,Ceinture,Unique,1,29.9,0,29.9
14920,2025-12-25,C0531,Boutique,Pulls & sweats,Sweat à capuche,S,1,49.9,0,49.9
14921,2025-12-25,C0105,Boutique,Accessoires,Casquette,Unique,1,19.9,0,19.9
14921,2025-12-25,C0105,Boutique,Pantalons,Pantalon cargo,S,1,49.9,0,49.9
14922,2025-12-25,C0081,Boutique,Pulls & sweats,Pull en laine,L,1,59.9,0,59.9
14922,2025-12-25,C0081,Boutique,T-shirts,T-shirt imprimé,L,1,24.9,0,24.9
14923,2025-12-25,C0453,Boutique,Vestes,Veste en jean,S,1,79.9,0,79.9
14923,2025-12-25,C0453,Boutique,Accessoires,Casquette,Unique,1,19.9,0,19.9
14924,2025-12-25,C0119,En ligne,Pulls & sweats,Pull en laine,S,1,59.9,0,59.9
14925,2025-12-25,C0081,Boutique,Chaussures,Bottines,41,1,109.9,0,109.9
14926,2025-12-25,C0083,Boutique,Accessoires,Casquette,Unique,1,19.9,0,19.9
14927,2025-12-25,C0069,Boutique,Accessoires,Ceinture,Unique,1,29.9,0,29.9
14928,2025-12-25,C0113,Boutique,Pulls & sweats,Sweat col rond,L,1,39.9,0,39.9
14929,2025-12-25,C0017,En ligne,Pantalons,Jogging,S,1,34.9,0,34.9
14930,2025-12-25,C0092,En ligne,Chaussures,Sneakers running,42,1,99.9,0,99.9
14930,2025-12-25,C0092,En ligne,Pantalons,Jogging,S,1,34.9,0,34.9
14931,2025-12-25,C0005,En ligne,Pulls & sweats,Sweat à capuche,M,1,49.9,0,49.9
14932,2025-12-25,C0638,En ligne,Pantalons,Jean slim,M,1,54.9,0,54.9
14933,2025-12-25,C0073,Boutique,Vestes,Veste en jean,M,2,79.9,0,159.8
14933,2025-12-25,C0073,Boutique,Pulls & sweats,Pull en laine,M,1,59.9,0,59.9
14934,2025-12-25,C0271,En ligne,T-shirts,T-shirt basique,L,1,19.9,0,19.9
14934,2025-12-25,C0271,En ligne,T-shirts,T-shirt oversize,M,1,29.9,0,29.9
14934,2025-12-25,C0271,En ligne,T-shirts,T-shirt basique,M,2,19.9,0,39.8
14935,2025-12-25,C0024,En ligne,Chaussures,Bottines,43,1,109.9,0,109.9
14936,2025-12-25,C0076,Boutique,Pantalons,Pantalon cargo,M,1,49.9,0,49.9
14936,2025-12-25,C0076,Boutique,T-shirts,T-shirt imprimé,S,1,24.9,0,24.9
14937,2025-12-25,C0184,En ligne,Accessoires,Bonnet,Unique,1,17.9,0,17.9
14937,2025-12-25,C0184,En ligne,Chaussures,Bottines,40,1,109.9,0,109.9
14938,2025-12-26,C0060,En ligne,Vestes,Veste en jean,M,2,79.9,0,159.8
14938,2025-12-26,C0060,En ligne,Chaussures,Bottines,40,2,109.9,0,219.8
14938,2025-12-26,C0060,En ligne,Vestes,Veste en jean,M,1,79.9,0,79.9
14939,2025-12-26,C0114,Boutique,Accessoires,Ceinture,Unique,2,29.9,0,59.8
14940,2025-12-26,C0782,Boutique,T-shirts,T-shirt basique,M,1,19.9,0,19.9
14941,2025-12-26,C0595,En ligne,Pulls & sweats,Sweat à capuche,M,1,49.9,0,49.9
14942,2025-12-26,C0035,En ligne,T-shirts,T-shirt oversize,S,1,29.9,0,29.9
14943,2025-12-26,C0088,Boutique,Pantalons,Pantalon cargo,XL,1,49.9,0,49.9
14944,2025-12-26,C0429,En ligne,Pulls & sweats,Sweat col rond,M,1,39.9,0,39.9
14944,2025-12-26,C0429,En ligne,Pulls & sweats,Sweat col rond,M,1,39.9,0,39.9
14945,2025-12-26,C0114,Boutique,T-shirts,T-shirt imprimé,L,1,24.9,0,24.9
14945,2025-12-26,C0114,Boutique,T-shirts,T-shirt imprimé,XS,1,24.9,0,24.9
14946,2025-12-26,C0079,Boutique,Vestes,Veste en jean,S,1,79.9,0,79.9
14946,2025-12-26,C0079,Boutique,Chaussures,Bottines,42,1,109.9,0,109.9
14947,2025-12-26,C0171,Boutique,Accessoires,Casquette,Unique,1,19.9,0,19.9
14948,2025-12-26,C0053,Boutique,Pulls & sweats,Pull en laine,XL,1,59.9,0,59.9
14948,2025-12-26,C0053,Boutique,Pulls & sweats,Sweat col rond,M,1,39.9,0,39.9
14949,2025-12-26,C0407,En ligne,Accessoires,Écharpe,Unique,2,24.9,0,49.8
14950,2025-12-26,C0076,En ligne,Chaussures,Sneakers running,40,1,99.9,0,99.9
14951,2025-12-26,C0497,Boutique,T-shirts,T-shirt imprimé,S,1,24.9,0,24.9
14951,2025-12-26,C0497,Boutique,Pulls & sweats,Sweat col rond,M,1,39.9,0,39.9
14952,2025-12-26,C0596,En ligne,Accessoires,Bonnet,Unique,1,17.9,0,17.9
14953,2025-12-26,C0146,Boutique,Pulls & sweats,Sweat col rond,L,1,39.9,0,39.9
14954,2025-12-26,C0400,En ligne,Chaussures,Baskets blanches,41,1,89.9,0,89.9
14955,2025-12-26,C0373,Boutique,Pantalons,Jean droit,XS,1,59.9,0,59.9
14955,2025-12-26,C0373,Boutique,Vestes,Doudoune,L,1,119.9,0,119.9
14956,2025-12-26,C0026,Boutique,Pantalons,Jean droit,L,1,59.9,0,59.9
14956,2025-12-26,C0026,Boutique,Pulls & sweats,Sweat col rond,L,1,39.9,0,39.9
14957,2025-12-26,C0416,Boutique,Vestes,Doudoune,M,1,119.9,0,119.9
14958,2025-12-26,C0007,En ligne,Pulls & sweats,Pull en laine,S,1,59.9,0,59.9
14959,2025-12-26,C0834,En ligne,T-shirts,T-shirt basique,S,1,19.9,0,19.9
14960,2025-12-26,C0103,En ligne,T-shirts,T-shirt imprimé,L,1,24.9,0,24.9
14961,2025-12-26,C0583,En ligne,Pulls & sweats,Pull en laine,L,2,59.9,0,119.8
14962,2025-12-26,C0896,Boutique,Pantalons,Jogging,S,1,34.9,0,34.9
14963,2025-12-26,C0094,Boutique,Chaussures,Sneakers running,41,1,99.9,0,99.9
14963,2025-12-26,C0094,Boutique,T-shirts,T-shirt imprimé,XL,1,24.9,0,24.9
14963,2025-12-26,C0094,Boutique,T-shirts,T-shirt oversize,M,1,29.9,0,29.9
14964,2025-12-26,C0117,Boutique,Vestes,Doudoune,M,1,119.9,0,119.9
14964,2025-12-26,C0117,Boutique,Chaussures,Sneakers running,44,1,99.9,0,99.9
14964,2025-12-26,C0117,Boutique,T-shirts,T-shirt basique,S,1,19.9,0,19.9
14965,2025-12-26,C0449,En ligne,Pulls & sweats,Sweat à capuche,M,1,49.9,0,49.9
14966,2025-12-26,C0050,Boutique,Chaussures,Sneakers running,40,1,99.9,0,99.9
14966,2025-12-26,C0050,Boutique,Pulls & sweats,Sweat à capuche,M,1,49.9,0,49.9
14967,2025-12-26,C0019,Boutique,Pantalons,Jean droit,S,1,59.9,0,59.9
14967,2025-12-26,C0019,Boutique,Accessoires,Ceinture,Unique,1,29.9,0,29.9
14968,2025-12-26,C0091,Boutique,Chaussures,Baskets blanches,43,1,89.9,0,89.9
14969,2025-12-26,C0100,Boutique,Chaussures,Baskets blanches,43,1,89.9,0,89.9
14969,2025-12-26,C0100,Boutique,Pantalons,Jean slim,XL,2,54.9,0,109.8
14970,2025-12-26,C0332,Boutique,Pantalons,Pantalon cargo,M,2,49.9,0,99.8
14970,2025-12-26,C0332,Boutique,Accessoires,Casquette,Unique,1,19.9,0,19.9
14971,2025-12-26,C0115,En ligne,Pulls & sweats,Sweat col rond,M,1,39.9,0,39.9
14972,2025-12-26,C0034,Boutique,Pulls & sweats,Sweat à capuche,XL,1,49.9,0,49.9
14973,2025-12-27,C0349,Boutique,Accessoires,Ceinture,Unique,2,29.9,0,59.8
14973,2025-12-27,C0349,Boutique,Accessoires,Écharpe,Unique,1,24.9,0,24.9
14974,2025-12-27,C0771,Boutique,Vestes,Veste en jean,M,1,79.9,0,79.9
14974,2025-12-27,C0771,Boutique,Chaussures,Baskets blanches,41,1,89.9,0,89.9
14974,2025-12-27,C0771,Boutique,Accessoires,Sac banane,Unique,1,34.9,0,34.9
14975,2025-12-27,C0356,Boutique,Pulls & sweats,Sweat col rond,S,1,39.9,0,39.9
14975,2025-12-27,C0356,Boutique,Accessoires,Écharpe,Unique,2,24.9,0,49.8
14976,2025-12-27,C0014,Boutique,Pulls & sweats,Pull en laine,L,1,59.9,0,59.9
14977,2025-12-27,C0280,En ligne,Accessoires,Écharpe,Unique,1,24.9,0,24.9
14978,2025-12-27,C0830,Boutique,Pantalons,Jean slim,XL,1,54.9,0,54.9
14979,2025-12-27,C0029,Boutique,Pulls & sweats,Pull en laine,XS,1,59.9,0,59.9
14980,2025-12-27,C0119,Boutique,Vestes,Doudoune,S,1,119.9,0,119.9
14981,2025-12-27,C0013,En ligne,Chaussures,Bottines,40,1,109.9,0,109.9
14982,2025-12-27,C0055,Boutique,Chaussures,Baskets blanches,42,1,89.9,0,89.9
14982,2025-12-27,C0055,Boutique,Accessoires,Sac banane,Unique,1,34.9,0,34.9
14982,2025-12-27,C0055,Boutique,Vestes,Doudoune,M,2,119.9,0,239.8
14983,2025-12-27,C0201,Boutique,Vestes,Coupe-vent,S,1,64.9,0,64.9
14984,2025-12-27,C0249,Boutique,Accessoires,Bonnet,Unique,1,17.9,0,17.9
14984,2025-12-27,C0249,Boutique,T-shirts,T-shirt imprimé,XL,1,24.9,0,24.9
14985,2025-12-27,C0151,En ligne,Pulls & sweats,Sweat col rond,L,1,39.9,0,39.9
14985,2025-12-27,C0151,En ligne,Pulls & sweats,Sweat col rond,S,1,39.9,0,39.9
14985,2025-12-27,C0151,En ligne,Pantalons,Pantalon cargo,S,1,49.9,0,49.9
14986,2025-12-27,C0587,Boutique,Chaussures,Sneakers running,39,1,99.9,0,99.9
14986,2025-12-27,C0587,Boutique,Pantalons,Jean droit,S,1,59.9,0,59.9
14986,2025-12-27,C0587,Boutique,Vestes,Doudoune,M,2,119.9,0,239.8
14987,2025-12-27,C0347,En ligne,Pantalons,Jogging,S,1,34.9,0,34.9
14988,2025-12-27,C0298,Boutique,T-shirts,T-shirt basique,S,1,19.9,0,19.9
14989,2025-12-27,C0021,Boutique,Chaussures,Baskets blanches,39,1,89.9,0,89.9
14989,2025-12-27,C0021,Boutique,Pulls & sweats,Sweat col rond,XS,1,39.9,0,39.9
14990,2025-12-27,C0875,Boutique,T-shirts,T-shirt basique,M,1,19.9,0,19.9
14991,2025-12-27,C0310,Boutique,Pantalons,Jogging,M,1,34.9,0,34.9
14991,2025-12-27,C0310,Boutique,Pantalons,Jean droit,S,2,59.9,0,119.8
14992,2025-12-27,C0174,Boutique,Chaussures,Baskets blanches,42,1,89.9,0,89.9
14993,2025-12-27,C0648,Boutique,Accessoires,Ceinture,Unique,1,29.9,0,29.9
14993,2025-12-27,C0648,Boutique,Pantalons,Pantalon cargo,L,1,49.9,0,49.9
14994,2025-12-27,C0106,En ligne,Pulls & sweats,Sweat à capuche,M,1,49.9,0,49.9
14995,2025-12-29,C0445,En ligne,Vestes,Coupe-vent,S,2,64.9,0,129.8
14995,2025-12-29,C0445,En ligne,Pulls & sweats,Pull en laine,M,1,59.9,0,59.9
14996,2025-12-29,C0045,Boutique,Vestes,Coupe-vent,S,1,64.9,0,64.9
14996,2025-12-29,C0045,Boutique,Pulls & sweats,Sweat col rond,M,1,39.9,0,39.9
14997,2025-12-29,C0053,Boutique,Pantalons,Pantalon cargo,L,1,49.9,0,49.9
14998,2025-12-29,C0015,Boutique,Vestes,Veste en jean,S,1,79.9,0,79.9
14999,2025-12-29,C0317,En ligne,Chaussures,Sneakers running,43,1,99.9,0,99.9
15000,2025-12-29,C0078,Boutique,Pantalons,Pantalon cargo,M,1,49.9,0,49.9
15000,2025-12-29,C0078,Boutique,Accessoires,Sac banane,Unique,1,34.9,0,34.9
15001,2025-12-29,C0083,Boutique,Pantalons,Jogging,M,1,34.9,0,34.9
15002,2025-12-29,C0100,En ligne,Accessoires,Ceinture,Unique,1,29.9,0,29.9
15002,2025-12-29,C0100,En ligne,Pulls & sweats,Sweat col rond,L,1,39.9,0,39.9
15003,2025-12-29,C0025,Boutique,Accessoires,Ceinture,Unique,1,29.9,0,29.9
15003,2025-12-29,C0025,Boutique,Pantalons,Pantalon cargo,L,1,49.9,0,49.9
15003,2025-12-29,C0025,Boutique,Vestes,Coupe-vent,L,1,64.9,0,64.9
15004,2025-12-29,C0074,Boutique,Pantalons,Pantalon cargo,S,1,49.9,0,49.9
15004,2025-12-29,C0074,Boutique,Pantalons,Jean droit,L,1,59.9,0,59.9
15005,2025-12-29,C0029,En ligne,Chaussures,Bottines,39,1,109.9,0,109.9
15005,2025-12-29,C0029,En ligne,Pulls & sweats,Pull en laine,XL,1,59.9,0,59.9
15006,2025-12-29,C0052,Boutique,Pulls & sweats,Sweat à capuche,XL,1,49.9,0,49.9
15007,2025-12-29,C0034,Boutique,Pulls & sweats,Sweat col rond,M,1,39.9,0,39.9
15007,2025-12-29,C0034,Boutique,Chaussures,Baskets blanches,41,1,89.9,0,89.9
15007,2025-12-29,C0034,Boutique,Accessoires,Ceinture,Unique,1,29.9,0,29.9
15008,2025-12-29,C0834,En ligne,Accessoires,Ceinture,Unique,1,29.9,0,29.9
15008,2025-12-29,C0834,En ligne,Vestes,Veste en jean,L,1,79.9,0,79.9
15008,2025-12-29,C0834,En ligne,Vestes,Veste en jean,M,1,79.9,0,79.9
15009,2025-12-29,C0101,Boutique,Pantalons,Jean droit,L,1,59.9,0,59.9
15010,2025-12-29,C0093,En ligne,Chaussures,Bottines,40,1,109.9,0,109.9
15011,2025-12-29,C0143,En ligne,Pulls & sweats,Sweat col rond,XS,1,39.9,0,39.9
15012,2025-12-29,C0089,Boutique,Chaussures,Bottines,44,1,109.9,0,109.9
15013,2025-12-29,C0457,En ligne,Chaussures,Bottines,40,1,109.9,0,109.9
15014,2025-12-29,C0193,Boutique,Vestes,Veste en jean,L,1,79.9,0,79.9
15015,2025-12-29,C0049,Boutique,Pulls & sweats,Pull en laine,S,1,59.9,0,59.9
15016,2025-12-29,C0796,Boutique,Vestes,Veste en jean,L,2,79.9,0,159.8
15016,2025-12-29,C0796,Boutique,Pulls & sweats,Sweat col rond,S,2,39.9,0,79.8
15017,2025-12-29,C0026,Boutique,Pulls & sweats,Sweat à capuche,M,1,49.9,0,49.9
15018,2025-12-29,C0085,Boutique,Accessoires,Écharpe,Unique,1,24.9,0,24.9
15019,2025-12-29,C0047,Boutique,Accessoires,Écharpe,Unique,2,24.9,0,49.8
15020,2025-12-29,C0063,Boutique,Vestes,Doudoune,L,1,119.9,0,119.9
15020,2025-12-29,C0063,Boutique,Vestes,Coupe-vent,XL,1,64.9,0,64.9
15021,2025-12-29,C0465,En ligne,Pulls & sweats,Sweat à capuche,M,1,49.9,0,49.9
15021,2025-12-29,C0465,En ligne,T-shirts,T-shirt imprimé,XL,1,24.9,0,24.9
15022,2025-12-30,C0583,En ligne,Pantalons,Jogging,L,1,34.9,0,34.9
15023,2025-12-30,C0692,En ligne,T-shirts,T-shirt basique,XL,1,19.9,0,19.9
15023,2025-12-30,C0692,En ligne,Accessoires,Sac banane,Unique,1,34.9,0,34.9
15024,2025-12-30,C0074,Boutique,Chaussures,Baskets blanches,44,1,89.9,0,89.9
15024,2025-12-30,C0074,Boutique,Accessoires,Ceinture,Unique,1,29.9,0,29.9
15024,2025-12-30,C0074,Boutique,Pulls & sweats,Pull en laine,S,1,59.9,0,59.9
15025,2025-12-30,C0009,Boutique,Pulls & sweats,Pull en laine,M,1,59.9,0,59.9
15025,2025-12-30,C0009,Boutique,Pulls & sweats,Sweat col rond,S,1,39.9,0,39.9
15026,2025-12-30,C0680,En ligne,Pulls & sweats,Sweat col rond,S,1,39.9,0,39.9
15027,2025-12-30,C0354,Boutique,T-shirts,T-shirt basique,XS,1,19.9,0,19.9
15028,2025-12-30,C0087,Boutique,Pantalons,Jogging,M,1,34.9,0,34.9
15029,2025-12-30,C0082,Boutique,T-shirts,T-shirt imprimé,M,2,24.9,0,49.8
15029,2025-12-30,C0082,Boutique,Pulls & sweats,Sweat col rond,M,1,39.9,0,39.9
15030,2025-12-30,C0840,En ligne,Vestes,Doudoune,L,2,119.9,0,239.8
15030,2025-12-30,C0840,En ligne,Vestes,Veste en jean,M,1,79.9,0,79.9
15031,2025-12-30,C0072,Boutique,Pulls & sweats,Sweat à capuche,XS,1,49.9,0,49.9
15032,2025-12-30,C0650,Boutique,Accessoires,Écharpe,Unique,1,24.9,0,24.9
15032,2025-12-30,C0650,Boutique,Pulls & sweats,Pull en laine,M,1,59.9,0,59.9
15032,2025-12-30,C0650,Boutique,Vestes,Doudoune,XS,1,119.9,0,119.9
15033,2025-12-30,C0094,Boutique,Accessoires,Casquette,Unique,2,19.9,0,39.8
15034,2025-12-30,C0175,En ligne,Pantalons,Jean slim,L,1,54.9,0,54.9
15034,2025-12-30,C0175,En ligne,Chaussures,Sneakers running,43,1,99.9,0,99.9
15035,2025-12-30,C0010,En ligne,Pulls & sweats,Sweat col rond,L,1,39.9,0,39.9
15035,2025-12-30,C0010,En ligne,Pulls & sweats,Pull en laine,L,1,59.9,0,59.9
15035,2025-12-30,C0010,En ligne,T-shirts,T-shirt basique,XL,2,19.9,0,39.8
15036,2025-12-30,C0610,Boutique,Pulls & sweats,Pull en laine,S,2,59.9,0,119.8
15036,2025-12-30,C0610,Boutique,Pantalons,Jogging,XS,1,34.9,0,34.9
15037,2025-12-30,C0437,Boutique,Chaussures,Baskets blanches,40,1,89.9,0,89.9
15037,2025-12-30,C0437,Boutique,Pulls & sweats,Sweat à capuche,M,1,49.9,0,49.9
15037,2025-12-30,C0437,Boutique,Accessoires,Sac banane,Unique,1,34.9,0,34.9
15038,2025-12-30,C0022,Boutique,T-shirts,T-shirt basique,M,1,19.9,0,19.9
15039,2025-12-30,C0356,Boutique,Accessoires,Ceinture,Unique,2,29.9,0,59.8
15039,2025-12-30,C0356,Boutique,Pantalons,Jean slim,S,1,54.9,0,54.9
15040,2025-12-30,C0334,Boutique,Accessoires,Sac banane,Unique,1,34.9,0,34.9
15041,2025-12-30,C0097,En ligne,Pulls & sweats,Pull en laine,S,1,59.9,0,59.9
15042,2025-12-31,C0843,En ligne,Accessoires,Sac banane,Unique,1,34.9,0,34.9
15042,2025-12-31,C0843,En ligne,Pantalons,Pantalon cargo,M,2,49.9,0,99.8
15042,2025-12-31,C0843,En ligne,Vestes,Coupe-vent,M,1,64.9,0,64.9
15043,2025-12-31,C0330,En ligne,Pulls & sweats,Sweat à capuche,M,1,49.9,0,49.9
15044,2025-12-31,C0424,Boutique,T-shirts,T-shirt imprimé,XS,1,24.9,0,24.9
15044,2025-12-31,C0424,Boutique,Vestes,Veste en jean,M,1,79.9,0,79.9
15045,2025-12-31,C0022,Boutique,Vestes,Coupe-vent,L,1,64.9,0,64.9
15046,2025-12-31,C0805,Boutique,Pantalons,Jean slim,L,1,54.9,0,54.9
15046,2025-12-31,C0805,Boutique,Pulls & sweats,Sweat col rond,L,1,39.9,0,39.9
15047,2025-12-31,C0033,Boutique,Pulls & sweats,Pull en laine,L,1,59.9,0,59.9
15048,2025-12-31,C0167,En ligne,Pulls & sweats,Sweat à capuche,L,1,49.9,0,49.9
15048,2025-12-31,C0167,En ligne,Accessoires,Sac banane,Unique,1,34.9,0,34.9
15049,2025-12-31,C0689,Boutique,Accessoires,Bonnet,Unique,2,17.9,0,35.8
15050,2025-12-31,C0042,Boutique,Accessoires,Sac banane,Unique,1,34.9,0,34.9
15051,2025-12-31,C0483,Boutique,T-shirts,T-shirt oversize,M,1,29.9,0,29.9
15052,2025-12-31,C0104,Boutique,Accessoires,Écharpe,Unique,1,24.9,0,24.9
15053,2025-12-31,C0887,En ligne,Vestes,Coupe-vent,L,1,64.9,0,64.9
15054,2025-12-31,C0864,Boutique,Pulls & sweats,Pull en laine,L,2,59.9,0,119.8
15055,2025-12-31,C0348,En ligne,Pantalons,Pantalon cargo,XL,1,49.9,0,49.9
15056,2025-12-31,C0046,En ligne,Vestes,Coupe-vent,L,1,64.9,0,64.9
15057,2025-12-31,C0037,Boutique,Pulls & sweats,Sweat à capuche,M,1,49.9,0,49.9
15058,2026-01-01,C0112,En ligne,Pulls & sweats,Pull en laine,L,1,59.9,30,41.93
15058,2026-01-01,C0112,En ligne,Vestes,Veste en jean,XS,2,79.9,0,159.8
15059,2026-01-01,C0371,Boutique,Vestes,Veste en jean,M,2,79.9,0,159.8
15060,2026-01-01,C0173,En ligne,Pulls & sweats,Sweat col rond,S,1,39.9,30,27.93
15060,2026-01-01,C0173,En ligne,Pantalons,Jogging,L,1,34.9,30,24.43
15061,2026-01-01,C0179,En ligne,Pantalons,Jean slim,M,1,54.9,0,54.9
15062,2026-01-01,C0469,En ligne,Pantalons,Jean slim,L,2,54.9,0,109.8
15063,2026-01-01,C0389,Boutique,Accessoires,Ceinture,Unique,1,29.9,0,29.9
15064,2026-01-01,C0116,En ligne,T-shirts,T-shirt oversize,S,1,29.9,0,29.9
15065,2026-01-01,C0321,Boutique,Vestes,Veste en jean,M,1,79.9,30,55.93
15065,2026-01-01,C0321,Boutique,T-shirts,T-shirt imprimé,XL,1,24.9,0,24.9
15066,2026-01-01,C0859,Boutique,Pantalons,Pantalon cargo,XS,1,49.9,30,34.93
15066,2026-01-01,C0859,Boutique,Vestes,Doudoune,XS,1,119.9,30,83.93
15067,2026-01-01,C0363,Boutique,T-shirts,T-shirt oversize,XL,1,29.9,30,20.93
15067,2026-01-01,C0363,Boutique,Chaussures,Bottines,42,1,109.9,30,76.93
15068,2026-01-01,C0034,Boutique,Vestes,Coupe-vent,M,1,64.9,30,45.43
15068,2026-01-01,C0034,Boutique,Vestes,Coupe-vent,L,1,64.9,30,45.43
15069,2026-01-01,C0070,Boutique,Vestes,Doudoune,L,1,119.9,30,83.93
15069,2026-01-01,C0070,Boutique,Chaussures,Sneakers running,40,1,99.9,30,69.93
15070,2026-01-01,C0061,Boutique,Accessoires,Bonnet,Unique,1,17.9,30,12.53
15070,2026-01-01,C0061,Boutique,Pulls & sweats,Sweat à capuche,L,1,49.9,30,34.93
15071,2026-01-01,C0781,En ligne,Pantalons,Jogging,M,1,34.9,0,34.9
15072,2026-01-01,C0662,En ligne,T-shirts,T-shirt oversize,XS,2,29.9,30,41.86
15073,2026-01-02,C0313,En ligne,Accessoires,Bonnet,Unique,2,17.9,30,25.06
15074,2026-01-02,C0795,Boutique,Pantalons,Pantalon cargo,L,1,49.9,30,34.93
15075,2026-01-02,C0038,Boutique,Pulls & sweats,Sweat col rond,L,1,39.9,30,27.93
15075,2026-01-02,C0038,Boutique,Vestes,Coupe-vent,L,1,64.9,30,45.43
15076,2026-01-02,C0724,En ligne,Vestes,Doudoune,S,2,119.9,0,239.8
15076,2026-01-02,C0724,En ligne,Pantalons,Pantalon cargo,XL,1,49.9,30,34.93
15077,2026-01-02,C0860,En ligne,Vestes,Veste en jean,M,1,79.9,0,79.9
15077,2026-01-02,C0860,En ligne,Pulls & sweats,Pull en laine,M,1,59.9,30,41.93
15078,2026-01-02,C0049,En ligne,Accessoires,Sac banane,Unique,2,34.9,0,69.8
15078,2026-01-02,C0049,En ligne,Vestes,Coupe-vent,S,1,64.9,30,45.43
15079,2026-01-02,C0058,En ligne,Pulls & sweats,Sweat col rond,S,1,39.9,30,27.93
15080,2026-01-02,C0108,Boutique,Pulls & sweats,Sweat col rond,S,1,39.9,0,39.9
15081,2026-01-02,C0074,En ligne,Pulls & sweats,Sweat col rond,S,1,39.9,0,39.9
15081,2026-01-02,C0074,En ligne,Pulls & sweats,Pull en laine,XL,2,59.9,30,83.86
15082,2026-01-02,C0841,Boutique,Pulls & sweats,Sweat col rond,S,1,39.9,0,39.9
15083,2026-01-02,C0608,En ligne,Accessoires,Sac banane,Unique,1,34.9,30,24.43
15084,2026-01-03,C0038,Boutique,Accessoires,Casquette,Unique,1,19.9,30,13.93
15085,2026-01-03,C0129,Boutique,Pantalons,Jean droit,XL,1,59.9,30,41.93
15086,2026-01-03,C0334,En ligne,Pulls & sweats,Pull en laine,M,1,59.9,30,41.93
15087,2026-01-03,C0038,Boutique,Pulls & sweats,Sweat col rond,L,1,39.9,30,27.93
15088,2026-01-03,C0041,Boutique,Vestes,Doudoune,M,1,119.9,0,119.9
15088,2026-01-03,C0041,Boutique,Vestes,Doudoune,S,1,119.9,0,119.9
15089,2026-01-03,C0720,Boutique,Pulls & sweats,Sweat col rond,M,1,39.9,30,27.93
15089,2026-01-03,C0720,Boutique,Accessoires,Bonnet,Unique,1,17.9,0,17.9
15089,2026-01-03,C0720,Boutique,Chaussures,Bottines,41,1,109.9,30,76.93
15090,2026-01-03,C0041,Boutique,T-shirts,T-shirt basique,S,2,19.9,0,39.8
15090,2026-01-03,C0041,Boutique,T-shirts,T-shirt imprimé,XL,1,24.9,30,17.43
15090,2026-01-03,C0041,Boutique,Accessoires,Bonnet,Unique,1,17.9,30,12.53
15091,2026-01-03,C0062,En ligne,T-shirts,T-shirt oversize,S,1,29.9,30,20.93
15091,2026-01-03,C0062,En ligne,Vestes,Coupe-vent,XL,1,64.9,0,64.9
15092,2026-01-03,C0215,En ligne,T-shirts,T-shirt basique,S,1,19.9,0,19.9
15093,2026-01-03,C0375,En ligne,Accessoires,Bonnet,Unique,2,17.9,0,35.8
15093,2026-01-03,C0375,En ligne,Pulls & sweats,Sweat à capuche,XL,1,49.9,30,34.93
15093,2026-01-03,C0375,En ligne,Chaussures,Baskets blanches,41,1,89.9,30,62.93
15094,2026-01-03,C0578,Boutique,Accessoires,Casquette,Unique,1,19.9,0,19.9
15095,2026-01-03,C0617,Boutique,Pulls & sweats,Sweat col rond,L,1,39.9,30,27.93
15096,2026-01-03,C0033,En ligne,Vestes,Coupe-vent,S,2,64.9,30,90.86
15096,2026-01-03,C0033,En ligne,Pulls & sweats,Sweat à capuche,L,1,49.9,0,49.9
15097,2026-01-03,C0456,En ligne,T-shirts,T-shirt oversize,S,1,29.9,30,20.93
15098,2026-01-03,C0026,Boutique,Accessoires,Casquette,Unique,2,19.9,0,39.8
15098,2026-01-03,C0026,Boutique,T-shirts,T-shirt oversize,S,2,29.9,30,41.86
15098,2026-01-03,C0026,Boutique,Pulls & sweats,Sweat à capuche,L,1,49.9,30,34.93
15099,2026-01-03,C0681,Boutique,Pulls & sweats,Pull en laine,L,1,59.9,0,59.9
15099,2026-01-03,C0681,Boutique,Accessoires,Casquette,Unique,2,19.9,30,27.86
15099,2026-01-03,C0681,Boutique,Accessoires,Écharpe,Unique,1,24.9,0,24.9
15100,2026-01-03,C0443,Boutique,T-shirts,T-shirt imprimé,M,2,24.9,30,34.86
15100,2026-01-03,C0443,Boutique,Accessoires,Bonnet,Unique,1,17.9,30,12.53
15100,2026-01-03,C0443,Boutique,Pulls & sweats,Sweat col rond,XS,1,39.9,30,27.93
15101,2026-01-03,C0075,Boutique,Pulls & sweats,Sweat col rond,L,1,39.9,30,27.93
15102,2026-01-03,C0519,Boutique,Pantalons,Jean slim,XS,2,54.9,0,109.8
15103,2026-01-03,C0038,Boutique,Pantalons,Jogging,S,1,34.9,0,34.9
15103,2026-01-03,C0038,Boutique,T-shirts,T-shirt basique,S,1,19.9,30,13.93
15104,2026-01-05,C0053,Boutique,Accessoires,Bonnet,Unique,1,17.9,0,17.9
15105,2026-01-05,C0659,En ligne,Accessoires,Casquette,Unique,1,19.9,30,13.93
15106,2026-01-05,C0375,Boutique,Pulls & sweats,Sweat à capuche,M,2,49.9,30,69.86
15106,2026-01-05,C0375,Boutique,T-shirts,T-shirt basique,L,1,19.9,30,13.93
15107,2026-01-05,C0339,Boutique,Vestes,Coupe-vent,S,2,64.9,0,129.8
15108,2026-01-05,C0089,En ligne,Pulls & sweats,Sweat à capuche,M,1,49.9,30,34.93
15109,2026-01-05,C0093,Boutique,Pulls & sweats,Sweat à capuche,L,1,49.9,30,34.93
15109,2026-01-05,C0093,Boutique,Accessoires,Écharpe,Unique,2,24.9,0,49.8
15110,2026-01-05,C0507,En ligne,Pantalons,Jean slim,M,1,54.9,30,38.43
15110,2026-01-05,C0507,En ligne,Accessoires,Bonnet,Unique,1,17.9,30,12.53
15111,2026-01-05,C0874,Boutique,Accessoires,Ceinture,Unique,1,29.9,0,29.9
15112,2026-01-05,C0463,Boutique,Pulls & sweats,Pull en laine,XS,2,59.9,30,83.86
15112,2026-01-05,C0463,Boutique,Pulls & sweats,Pull en laine,M,1,59.9,30,41.93
15113,2026-01-05,C0171,Boutique,Chaussures,Sneakers running,42,1,99.9,30,69.93
15114,2026-01-05,C0019,En ligne,Vestes,Veste en jean,M,1,79.9,30,55.93
15114,2026-01-05,C0019,En ligne,Accessoires,Ceinture,Unique,1,29.9,0,29.9
15115,2026-01-05,C0097,Boutique,Accessoires,Bonnet,Unique,1,17.9,30,12.53
15115,2026-01-05,C0097,Boutique,Pulls & sweats,Pull en laine,XL,1,59.9,30,41.93
15116,2026-01-05,C0190,Boutique,Chaussures,Sneakers running,40,2,99.9,30,139.86
15117,2026-01-06,C0095,En ligne,Pantalons,Jean slim,M,1,54.9,30,38.43
15117,2026-01-06,C0095,En ligne,Vestes,Coupe-vent,L,1,64.9,30,45.43
15118,2026-01-06,C0515,Boutique,Pantalons,Pantalon cargo,M,1,49.9,30,34.93
15118,2026-01-06,C0515,Boutique,Vestes,Coupe-vent,M,1,64.9,0,64.9
15118,2026-01-06,C0515,Boutique,Pulls & sweats,Sweat col rond,M,1,39.9,30,27.93
15119,2026-01-06,C0749,Boutique,Pantalons,Jean droit,M,1,59.9,30,41.93
15120,2026-01-06,C0507,Boutique,T-shirts,T-shirt oversize,L,2,29.9,30,41.86
15121,2026-01-06,C0822,Boutique,Pulls & sweats,Sweat à capuche,M,1,49.9,30,34.93
15122,2026-01-06,C0414,Boutique,Accessoires,Sac banane,Unique,1,34.9,30,24.43
15123,2026-01-06,C0617,Boutique,Accessoires,Écharpe,Unique,1,24.9,30,17.43
15123,2026-01-06,C0617,Boutique,Chaussures,Sneakers running,41,1,99.9,30,69.93
15124,2026-01-06,C0057,Boutique,T-shirts,T-shirt basique,L,1,19.9,0,19.9
15125,2026-01-06,C0657,En ligne,Accessoires,Sac banane,Unique,1,34.9,30,24.43
15126,2026-01-06,C0027,Boutique,Chaussures,Bottines,39,1,109.9,0,109.9
15127,2026-01-06,C0040,Boutique,Accessoires,Sac banane,Unique,2,34.9,30,48.86
15128,2026-01-06,C0673,En ligne,Pulls & sweats,Pull en laine,M,1,59.9,0,59.9
15128,2026-01-06,C0673,En ligne,Accessoires,Bonnet,Unique,1,17.9,0,17.9
15129,2026-01-06,C0537,Boutique,T-shirts,T-shirt basique,XL,1,19.9,0,19.9
15130,2026-01-07,C0724,Boutique,T-shirts,T-shirt imprimé,XS,1,24.9,30,17.43
15130,2026-01-07,C0724,Boutique,Pantalons,Jean droit,S,1,59.9,0,59.9
15131,2026-01-07,C0585,Boutique,Vestes,Veste en jean,S,1,79.9,0,79.9
15132,2026-01-07,C0052,Boutique,Accessoires,Ceinture,Unique,1,29.9,30,20.93
15132,2026-01-07,C0052,Boutique,Chaussures,Baskets blanches,41,1,89.9,30,62.93
15132,2026-01-07,C0052,Boutique,Vestes,Coupe-vent,L,1,64.9,30,45.43
15133,2026-01-07,C0387,En ligne,Pulls & sweats,Sweat à capuche,M,1,49.9,30,34.93
15134,2026-01-07,C0103,En ligne,Pulls & sweats,Sweat col rond,M,1,39.9,0,39.9
15135,2026-01-07,C0079,En ligne,Chaussures,Baskets blanches,43,2,89.9,0,179.8
15136,2026-01-07,C0752,En ligne,Pulls & sweats,Sweat col rond,XL,1,39.9,0,39.9
15137,2026-01-07,C0531,Boutique,T-shirts,T-shirt basique,S,1,19.9,30,13.93
15137,2026-01-07,C0531,Boutique,Accessoires,Ceinture,Unique,1,29.9,30,20.93
15138,2026-01-07,C0020,En ligne,Pulls & sweats,Sweat à capuche,XL,2,49.9,0,99.8
15139,2026-01-07,C0396,En ligne,Pulls & sweats,Pull en laine,L,1,59.9,0,59.9
15140,2026-01-07,C0039,Boutique,Pulls & sweats,Sweat à capuche,XL,2,49.9,0,99.8
15141,2026-01-07,C0092,En ligne,Accessoires,Bonnet,Unique,2,17.9,0,35.8
15142,2026-01-07,C0068,En ligne,Accessoires,Sac banane,Unique,1,34.9,30,24.43
15142,2026-01-07,C0068,En ligne,Accessoires,Bonnet,Unique,1,17.9,0,17.9
15143,2026-01-07,C0142,Boutique,Pantalons,Jean droit,M,1,59.9,30,41.93
15144,2026-01-07,C0510,Boutique,Accessoires,Bonnet,Unique,1,17.9,30,12.53
15144,2026-01-07,C0510,Boutique,T-shirts,T-shirt basique,XS,1,19.9,0,19.9
15145,2026-01-08,C0852,Boutique,Pulls & sweats,Sweat col rond,L,2,39.9,30,55.86
15145,2026-01-08,C0852,Boutique,Vestes,Veste en jean,XS,2,79.9,0,159.8
15146,2026-01-08,C0307,Boutique,Chaussures,Bottines,42,1,109.9,0,109.9
15147,2026-01-08,C0049,En ligne,Accessoires,Sac banane,Unique,1,34.9,0,34.9
15148,2026-01-08,C0079,Boutique,Vestes,Veste en jean,XL,1,79.9,30,55.93
15148,2026-01-08,C0079,Boutique,Pulls & sweats,Sweat col rond,L,1,39.9,30,27.93
15148,2026-01-08,C0079,Boutique,Pulls & sweats,Sweat col rond,XL,1,39.9,0,39.9
15149,2026-01-08,C0060,Boutique,Chaussures,Sneakers running,41,1,99.9,30,69.93
15150,2026-01-08,C0065,Boutique,Accessoires,Sac banane,Unique,2,34.9,30,48.86
15151,2026-01-08,C0120,Boutique,Pantalons,Jogging,L,1,34.9,30,24.43
15152,2026-01-08,C0297,En ligne,Chaussures,Bottines,41,2,109.9,0,219.8
15152,2026-01-08,C0297,En ligne,Vestes,Coupe-vent,XS,1,64.9,0,64.9
15153,2026-01-08,C0083,En ligne,Pantalons,Pantalon cargo,M,1,49.9,0,49.9
15154,2026-01-08,C0118,En ligne,Pulls & sweats,Sweat à capuche,L,1,49.9,30,34.93
15154,2026-01-08,C0118,En ligne,Pulls & sweats,Sweat à capuche,M,1,49.9,30,34.93
15154,2026-01-08,C0118,En ligne,Pulls & sweats,Sweat à capuche,XL,1,49.9,30,34.93
15155,2026-01-08,C0836,En ligne,Pantalons,Jean droit,XL,1,59.9,0,59.9
15156,2026-01-08,C0630,Boutique,Pulls & sweats,Sweat col rond,L,1,39.9,30,27.93
15157,2026-01-08,C0047,Boutique,T-shirts,T-shirt imprimé,XS,2,24.9,30,34.86
15158,2026-01-08,C0542,En ligne,Pulls & sweats,Sweat à capuche,S,1,49.9,0,49.9
15159,2026-01-08,C0046,Boutique,Accessoires,Écharpe,Unique,1,24.9,0,24.9
15159,2026-01-08,C0046,Boutique,Pantalons,Jogging,M,2,34.9,30,48.86
15160,2026-01-08,C0761,Boutique,Pulls & sweats,Pull en laine,M,1,59.9,0,59.9
15160,2026-01-08,C0761,Boutique,Accessoires,Casquette,Unique,1,19.9,30,13.93
15161,2026-01-08,C0029,En ligne,Pantalons,Jean droit,M,1,59.9,0,59.9
15162,2026-01-09,C0150,Boutique,Pulls & sweats,Sweat à capuche,M,1,49.9,30,34.93
15163,2026-01-09,C0022,Boutique,Pantalons,Jean droit,M,1,59.9,30,41.93
15163,2026-01-09,C0022,Boutique,T-shirts,T-shirt basique,M,1,19.9,30,13.93
15164,2026-01-09,C0882,Boutique,Pulls & sweats,Sweat à capuche,S,1,49.9,0,49.9
15165,2026-01-09,C0102,En ligne,Pulls & sweats,Pull en laine,S,2,59.9,30,83.86
15165,2026-01-09,C0102,En ligne,Chaussures,Sneakers running,42,1,99.9,0,99.9
15165,2026-01-09,C0102,En ligne,Pantalons,Jean droit,L,1,59.9,0,59.9
15166,2026-01-09,C0894,En ligne,Vestes,Veste en jean,S,1,79.9,0,79.9
15167,2026-01-09,C0137,Boutique,Pantalons,Jean droit,M,1,59.9,30,41.93
15167,2026-01-09,C0137,Boutique,Accessoires,Sac banane,Unique,2,34.9,30,48.86
15167,2026-01-09,C0137,Boutique,Pulls & sweats,Pull en laine,XS,1,59.9,0,59.9
15168,2026-01-09,C0287,En ligne,Pulls & sweats,Sweat col rond,S,1,39.9,30,27.93
15169,2026-01-09,C0485,Boutique,Pulls & sweats,Sweat à capuche,XS,1,49.9,0,49.9
15170,2026-01-09,C0091,Boutique,Accessoires,Ceinture,Unique,1,29.9,0,29.9
15171,2026-01-09,C0073,En ligne,Accessoires,Casquette,Unique,1,19.9,0,19.9
15172,2026-01-09,C0671,En ligne,Pulls & sweats,Pull en laine,L,2,59.9,30,83.86
15173,2026-01-09,C0212,Boutique,Chaussures,Baskets blanches,40,1,89.9,0,89.9
15173,2026-01-09,C0212,Boutique,Pulls & sweats,Sweat col rond,XS,1,39.9,30,27.93
15174,2026-01-09,C0013,Boutique,Pantalons,Jean slim,M,1,54.9,0,54.9
15175,2026-01-09,C0019,Boutique,Vestes,Doudoune,M,1,119.9,30,83.93
15175,2026-01-09,C0019,Boutique,Pulls & sweats,Sweat col rond,XS,1,39.9,30,27.93
15176,2026-01-09,C0237,En ligne,Vestes,Veste en jean,L,2,79.9,0,159.8
15176,2026-01-09,C0237,En ligne,T-shirts,T-shirt basique,S,2,19.9,0,39.8
15177,2026-01-09,C0795,Boutique,Pulls & sweats,Pull en laine,S,1,59.9,30,41.93
15178,2026-01-10,C0011,Boutique,Vestes,Doudoune,M,2,119.9,30,167.86
15179,2026-01-10,C0488,Boutique,Chaussures,Bottines,42,1,109.9,30,76.93
15180,2026-01-10,C0810,En ligne,Pantalons,Pantalon cargo,M,1,49.9,30,34.93
15180,2026-01-10,C0810,En ligne,T-shirts,T-shirt oversize,M,1,29.9,0,29.9
15181,2026-01-10,C0406,Boutique,Pulls & sweats,Sweat à capuche,S,1,49.9,0,49.9
15182,2026-01-10,C0116,En ligne,Chaussures,Sneakers running,39,1,99.9,30,69.93
15183,2026-01-10,C0096,Boutique,T-shirts,T-shirt oversize,L,1,29.9,0,29.9
15184,2026-01-10,C0419,En ligne,Pantalons,Jean slim,S,1,54.9,0,54.9
15185,2026-01-10,C0438,Boutique,Pulls & sweats,Sweat à capuche,S,1,49.9,0,49.9
15186,2026-01-10,C0449,En ligne,Pantalons,Pantalon cargo,L,2,49.9,30,69.86
15186,2026-01-10,C0449,En ligne,T-shirts,T-shirt imprimé,L,1,24.9,0,24.9
15187,2026-01-10,C0462,Boutique,Pulls & sweats,Sweat col rond,L,2,39.9,0,79.8
15188,2026-01-10,C0811,En ligne,Pulls & sweats,Pull en laine,XL,1,59.9,0,59.9
15189,2026-01-10,C0101,Boutique,Pantalons,Jean slim,M,1,54.9,0,54.9
15190,2026-01-10,C0389,Boutique,Accessoires,Bonnet,Unique,1,17.9,0,17.9
15191,2026-01-10,C0093,Boutique,T-shirts,T-shirt imprimé,XS,1,24.9,0,24.9
15192,2026-01-10,C0729,En ligne,T-shirts,T-shirt oversize,L,1,29.9,30,20.93
15193,2026-01-10,C0140,En ligne,Pantalons,Jean slim,S,1,54.9,30,38.43
15193,2026-01-10,C0140,En ligne,Pulls & sweats,Sweat col rond,M,1,39.9,30,27.93
15193,2026-01-10,C0140,En ligne,Vestes,Coupe-vent,L,1,64.9,30,45.43
15194,2026-01-10,C0001,En ligne,Chaussures,Baskets blanches,39,1,89.9,30,62.93
15195,2026-01-10,C0028,Boutique,Vestes,Coupe-vent,S,1,64.9,0,64.9
15196,2026-01-12,C0827,En ligne,T-shirts,T-shirt oversize,S,1,29.9,0,29.9
15196,2026-01-12,C0827,En ligne,Pantalons,Jean slim,XS,1,54.9,30,38.43
15197,2026-01-12,C0468,Boutique,Pantalons,Jogging,M,1,34.9,0,34.9
15198,2026-01-12,C0053,En ligne,T-shirts,T-shirt basique,S,1,19.9,0,19.9
15199,2026-01-12,C0102,Boutique,Pantalons,Jean slim,XS,1,54.9,30,38.43
15200,2026-01-12,C0079,Boutique,Pulls & sweats,Sweat à capuche,L,1,49.9,30,34.93
15201,2026-01-12,C0501,Boutique,Pulls & sweats,Pull en laine,M,1,59.9,30,41.93
15202,2026-01-12,C0065,En ligne,Pulls & sweats,Pull en laine,L,1,59.9,30,41.93
15203,2026-01-12,C0028,Boutique,Pantalons,Pantalon cargo,M,1,49.9,0,49.9
15204,2026-01-12,C0890,Boutique,Pulls & sweats,Sweat à capuche,S,1,49.9,30,34.93
15204,2026-01-12,C0890,Boutique,Pantalons,Jogging,L,1,34.9,30,24.43
15204,2026-01-12,C0890,Boutique,Accessoires,Ceinture,Unique,1,29.9,30,20.93
15205,2026-01-12,C0439,Boutique,Pulls & sweats,Sweat à capuche,L,1,49.9,0,49.9
15206,2026-01-12,C0630,Boutique,T-shirts,T-shirt basique,M,2,19.9,0,39.8
15206,2026-01-12,C0630,Boutique,Accessoires,Ceinture,Unique,1,29.9,30,20.93
15207,2026-01-12,C0060,En ligne,T-shirts,T-shirt imprimé,XS,1,24.9,30,17.43
15208,2026-01-12,C0426,En ligne,Vestes,Veste en jean,M,1,79.9,30,55.93
15209,2026-01-12,C0062,Boutique,Pulls & sweats,Sweat à capuche,L,1,49.9,30,34.93
15210,2026-01-12,C0796,Boutique,Accessoires,Casquette,Unique,1,19.9,0,19.9
15211,2026-01-13,C0139,Boutique,Accessoires,Ceinture,Unique,1,29.9,30,20.93
15211,2026-01-13,C0139,Boutique,Pantalons,Jean droit,XL,2,59.9,0,119.8
15212,2026-01-13,C0647,En ligne,Vestes,Doudoune,L,2,119.9,30,167.86
15213,2026-01-13,C0319,Boutique,Chaussures,Sneakers running,42,1,99.9,30,69.93
15214,2026-01-13,C0768,Boutique,Pulls & sweats,Sweat col rond,L,1,39.9,30,27.93
15215,2026-01-13,C0037,Boutique,Chaussures,Sneakers running,39,1,99.9,0,99.9
15216,2026-01-13,C0498,En ligne,Pulls & sweats,Sweat à capuche,M,1,49.9,0,49.9
15216,2026-01-13,C0498,En ligne,Pantalons,Jogging,XL,1,34.9,30,24.43
15217,2026-01-13,C0487,Boutique,Chaussures,Sneakers running,43,1,99.9,30,69.93
15218,2026-01-13,C0359,Boutique,Chaussures,Sneakers running,44,1,99.9,30,69.93
15218,2026-01-13,C0359,Boutique,Vestes,Doudoune,S,1,119.9,0,119.9
15219,2026-01-13,C0617,Boutique,Vestes,Coupe-vent,L,1,64.9,30,45.43
15220,2026-01-13,C0820,En ligne,Accessoires,Casquette,Unique,1,19.9,0,19.9
15220,2026-01-13,C0820,En ligne,Accessoires,Bonnet,Unique,2,17.9,0,35.8
15221,2026-01-13,C0408,En ligne,Vestes,Coupe-vent,M,2,64.9,30,90.86
15221,2026-01-13,C0408,En ligne,T-shirts,T-shirt basique,L,1,19.9,30,13.93
15222,2026-01-13,C0030,Boutique,Accessoires,Écharpe,Unique,1,24.9,30,17.43
15222,2026-01-13,C0030,Boutique,Pulls & sweats,Sweat col rond,L,1,39.9,30,27.93
15223,2026-01-13,C0229,En ligne,Vestes,Coupe-vent,S,1,64.9,30,45.43
15224,2026-01-13,C0772,Boutique,T-shirts,T-shirt basique,XL,1,19.9,0,19.9
15224,2026-01-13,C0772,Boutique,Chaussures,Baskets blanches,39,1,89.9,30,62.93
15225,2026-01-14,C0435,Boutique,Pulls & sweats,Sweat col rond,S,1,39.9,30,27.93
15226,2026-01-14,C0878,En ligne,Pulls & sweats,Sweat à capuche,XL,2,49.9,0,99.8
15227,2026-01-14,C0095,En ligne,Pantalons,Jean droit,L,1,59.9,30,41.93
15227,2026-01-14,C0095,En ligne,Vestes,Coupe-vent,XL,1,64.9,30,45.43
15228,2026-01-14,C0112,Boutique,Vestes,Veste en jean,XS,1,79.9,30,55.93
15229,2026-01-14,C0889,En ligne,Chaussures,Baskets blanches,40,1,89.9,0,89.9
15230,2026-01-14,C0818,Boutique,T-shirts,T-shirt imprimé,XS,1,24.9,30,17.43
15231,2026-01-14,C0451,En ligne,Accessoires,Ceinture,Unique,1,29.9,30,20.93
15232,2026-01-14,C0481,Boutique,Accessoires,Écharpe,Unique,1,24.9,0,24.9
15232,2026-01-14,C0481,Boutique,Vestes,Doudoune,M,1,119.9,0,119.9
15232,2026-01-14,C0481,Boutique,Pantalons,Pantalon cargo,L,1,49.9,30,34.93
15233,2026-01-14,C0492,Boutique,Chaussures,Bottines,39,1,109.9,30,76.93
15233,2026-01-14,C0492,Boutique,Pulls & sweats,Pull en laine,L,1,59.9,0,59.9
15233,2026-01-14,C0492,Boutique,Pulls & sweats,Pull en laine,M,1,59.9,0,59.9
15234,2026-01-14,C0649,En ligne,Pantalons,Jogging,XS,1,34.9,30,24.43
15234,2026-01-14,C0649,En ligne,Pantalons,Jogging,L,1,34.9,30,24.43
15235,2026-01-14,C0220,Boutique,Chaussures,Bottines,42,1,109.9,0,109.9
15236,2026-01-14,C0009,Boutique,Pulls & sweats,Sweat col rond,S,1,39.9,0,39.9
15237,2026-01-15,C0096,Boutique,Chaussures,Bottines,40,1,109.9,30,76.93
15237,2026-01-15,C0096,Boutique,Vestes,Coupe-vent,L,2,64.9,0,129.8
15238,2026-01-15,C0024,Boutique,Pulls & sweats,Sweat à capuche,S,1,49.9,0,49.9
15238,2026-01-15,C0024,Boutique,Vestes,Coupe-vent,XL,1,64.9,30,45.43
15238,2026-01-15,C0024,Boutique,Accessoires,Ceinture,Unique,2,29.9,30,41.86
15239,2026-01-15,C0756,Boutique,Accessoires,Ceinture,Unique,1,29.9,0,29.9
15239,2026-01-15,C0756,Boutique,Accessoires,Sac banane,Unique,1,34.9,30,24.43
15240,2026-01-15,C0091,En ligne,Pulls & sweats,Sweat col rond,L,1,39.9,30,27.93
15241,2026-01-15,C0483,En ligne,Pantalons,Pantalon cargo,M,2,49.9,0,99.8
15241,2026-01-15,C0483,En ligne,Pantalons,Pantalon cargo,XL,1,49.9,0,49.9
15242,2026-01-15,C0220,En ligne,Chaussures,Bottines,43,1,109.9,30,76.93
15243,2026-01-15,C0017,En ligne,Pantalons,Jean slim,M,1,54.9,30,38.43
15244,2026-01-15,C0031,Boutique,Chaussures,Sneakers running,41,1,99.9,0,99.9
15245,2026-01-15,C0663,Boutique,Pulls & sweats,Sweat col rond,M,1,39.9,0,39.9
15246,2026-01-15,C0085,En ligne,T-shirts,T-shirt oversize,M,1,29.9,0,29.9
15247,2026-01-15,C0072,En ligne,Pulls & sweats,Sweat col rond,S,1,39.9,0,39.9
15248,2026-01-15,C0671,Boutique,Accessoires,Sac banane,Unique,1,34.9,30,24.43
15249,2026-01-15,C0801,Boutique,Accessoires,Bonnet,Unique,1,17.9,30,12.53
15250,2026-01-15,C0058,Boutique,Pulls & sweats,Sweat col rond,L,1,39.9,30,27.93
15251,2026-01-15,C0066,En ligne,Vestes,Coupe-vent,XL,1,64.9,30,45.43
15252,2026-01-15,C0024,Boutique,T-shirts,T-shirt oversize,M,1,29.9,0,29.9
15253,2026-01-16,C0081,En ligne,Vestes,Doudoune,XL,1,119.9,30,83.93
15254,2026-01-16,C0032,Boutique,Accessoires,Bonnet,Unique,1,17.9,0,17.9
15254,2026-01-16,C0032,Boutique,Vestes,Veste en jean,S,1,79.9,30,55.93
15254,2026-01-16,C0032,Boutique,Chaussures,Bottines,43,1,109.9,30,76.93
15255,2026-01-16,C0008,Boutique,Chaussures,Bottines,42,1,109.9,30,76.93
15256,2026-01-17,C0687,Boutique,Pantalons,Jean slim,L,2,54.9,30,76.86
15256,2026-01-17,C0687,Boutique,Pantalons,Jogging,XL,1,34.9,0,34.9
15257,2026-01-17,C0005,En ligne,Pulls & sweats,Sweat col rond,S,1,39.9,0,39.9
15257,2026-01-17,C0005,En ligne,Pulls & sweats,Sweat col rond,XL,1,39.9,30,27.93
15258,2026-01-17,C0511,En ligne,Vestes,Veste en jean,M,1,79.9,30,55.93
15259,2026-01-17,C0403,En ligne,Pulls & sweats,Pull en laine,M,1,59.9,30,41.93
15260,2026-01-17,C0052,Boutique,Pantalons,Jean droit,M,1,59.9,0,59.9
15261,2026-01-17,C0060,En ligne,Chaussures,Baskets blanches,41,1,89.9,0,89.9
15261,2026-01-17,C0060,En ligne,Vestes,Doudoune,M,1,119.9,0,119.9
15261,2026-01-17,C0060,En ligne,Pantalons,Jogging,M,2,34.9,0,69.8
15262,2026-01-17,C0275,Boutique,Pulls & sweats,Sweat à capuche,S,2,49.9,30,69.86
15262,2026-01-17,C0275,Boutique,T-shirts,T-shirt oversize,M,1,29.9,0,29.9
15263,2026-01-17,C0384,En ligne,Accessoires,Écharpe,Unique,1,24.9,30,17.43
15263,2026-01-17,C0384,En ligne,Pulls & sweats,Sweat col rond,M,1,39.9,0,39.9
15264,2026-01-17,C0588,Boutique,Pulls & sweats,Sweat à capuche,XL,1,49.9,30,34.93
15265,2026-01-17,C0087,En ligne,Accessoires,Bonnet,Unique,2,17.9,30,25.06
15265,2026-01-17,C0087,En ligne,Pantalons,Jean droit,XS,1,59.9,30,41.93
15265,2026-01-17,C0087,En ligne,Accessoires,Ceinture,Unique,1,29.9,0,29.9
15266,2026-01-17,C0783,Boutique,Vestes,Coupe-vent,S,1,64.9,0,64.9
15267,2026-01-17,C0112,Boutique,Chaussures,Baskets blanches,39,2,89.9,30,125.86
15267,2026-01-17,C0112,Boutique,Pulls & sweats,Sweat à capuche,XS,1,49.9,0,49.9
15268,2026-01-17,C0880,Boutique,T-shirts,T-shirt imprimé,M,1,24.9,0,24.9
15268,2026-01-17,C0880,Boutique,Vestes,Coupe-vent,S,2,64.9,30,90.86
15269,2026-01-17,C0041,En ligne,Pulls & sweats,Sweat à capuche,XL,1,49.9,30,34.93
15270,2026-01-17,C0317,En ligne,Vestes,Coupe-vent,XL,1,64.9,0,64.9
15271,2026-01-17,C0615,En ligne,Pulls & sweats,Sweat à capuche,M,1,49.9,30,34.93
15271,2026-01-17,C0615,En ligne,T-shirts,T-shirt basique,L,1,19.9,0,19.9
15271,2026-01-17,C0615,En ligne,Vestes,Coupe-vent,L,1,64.9,0,64.9
15272,2026-01-17,C0116,En ligne,Accessoires,Sac banane,Unique,2,34.9,30,48.86
15272,2026-01-17,C0116,En ligne,Chaussures,Sneakers running,40,1,99.9,30,69.93
15273,2026-01-17,C0704,En ligne,Pulls & sweats,Sweat col rond,S,1,39.9,30,27.93
15273,2026-01-17,C0704,En ligne,Pantalons,Jogging,XL,1,34.9,30,24.43
15274,2026-01-17,C0083,En ligne,Pantalons,Jean slim,M,1,54.9,30,38.43
15275,2026-01-17,C0120,En ligne,T-shirts,T-shirt oversize,L,1,29.9,30,20.93
15276,2026-01-17,C0068,Boutique,Vestes,Coupe-vent,S,1,64.9,0,64.9
15277,2026-01-17,C0112,En ligne,Accessoires,Écharpe,Unique,2,24.9,30,34.86
15277,2026-01-17,C0112,En ligne,Vestes,Doudoune,XL,2,119.9,0,239.8
15277,2026-01-17,C0112,En ligne,Chaussures,Bottines,43,1,109.9,30,76.93
15278,2026-01-19,C0029,En ligne,Chaussures,Bottines,44,1,109.9,30,76.93
15278,2026-01-19,C0029,En ligne,Accessoires,Écharpe,Unique,1,24.9,0,24.9
15279,2026-01-19,C0110,En ligne,Accessoires,Bonnet,Unique,2,17.9,30,25.06
15279,2026-01-19,C0110,En ligne,Pantalons,Pantalon cargo,XS,2,49.9,30,69.86
15280,2026-01-19,C0369,En ligne,T-shirts,T-shirt oversize,L,2,29.9,0,59.8
15281,2026-01-19,C0497,Boutique,Accessoires,Ceinture,Unique,1,29.9,0,29.9
15282,2026-01-19,C0617,En ligne,Pantalons,Jean slim,S,1,54.9,30,38.43
15283,2026-01-19,C0786,Boutique,Accessoires,Casquette,Unique,1,19.9,30,13.93
15283,2026-01-19,C0786,Boutique,Pantalons,Pantalon cargo,L,1,49.9,0,49.9
15284,2026-01-19,C0033,Boutique,T-shirts,T-shirt basique,S,1,19.9,30,13.93
15285,2026-01-19,C0781,Boutique,Pantalons,Jean slim,L,1,54.9,0,54.9
15286,2026-01-19,C0116,Boutique,Accessoires,Écharpe,Unique,2,24.9,30,34.86
15287,2026-01-19,C0787,Boutique,Pantalons,Jean droit,M,1,59.9,30,41.93
15288,2026-01-19,C0823,En ligne,Accessoires,Sac banane,Unique,1,34.9,0,34.9
15289,2026-01-19,C0085,Boutique,T-shirts,T-shirt basique,M,1,19.9,0,19.9
15289,2026-01-19,C0085,Boutique,Pantalons,Jean droit,L,1,59.9,30,41.93
15289,2026-01-19,C0085,Boutique,Accessoires,Casquette,Unique,2,19.9,0,39.8
15290,2026-01-19,C0088,Boutique,Accessoires,Écharpe,Unique,1,24.9,30,17.43
15290,2026-01-19,C0088,Boutique,Vestes,Veste en jean,L,1,79.9,0,79.9
15291,2026-01-19,C0119,Boutique,Pulls & sweats,Sweat col rond,S,2,39.9,0,79.8
15292,2026-01-20,C0861,En ligne,Pantalons,Jean slim,M,2,54.9,0,109.8
15293,2026-01-20,C0012,En ligne,Pantalons,Pantalon cargo,M,1,49.9,30,34.93
15293,2026-01-20,C0012,En ligne,Pantalons,Pantalon cargo,L,1,49.9,0,49.9
15294,2026-01-20,C0112,Boutique,Pantalons,Jogging,L,1,34.9,30,24.43
15295,2026-01-20,C0077,En ligne,Pulls & sweats,Sweat à capuche,S,1,49.9,0,49.9
15295,2026-01-20,C0077,En ligne,Pantalons,Jean droit,M,1,59.9,0,59.9
15296,2026-01-20,C0083,En ligne,T-shirts,T-shirt imprimé,S,2,24.9,30,34.86
15296,2026-01-20,C0083,En ligne,Pulls & sweats,Pull en laine,M,1,59.9,30,41.93
15297,2026-01-20,C0012,Boutique,Pulls & sweats,Sweat col rond,S,2,39.9,30,55.86
15298,2026-01-20,C0057,Boutique,Pantalons,Jogging,XL,1,34.9,30,24.43
15299,2026-01-20,C0197,Boutique,Pulls & sweats,Sweat col rond,M,2,39.9,0,79.8
15299,2026-01-20,C0197,Boutique,Pantalons,Jogging,M,1,34.9,0,34.9
15300,2026-01-20,C0683,Boutique,Accessoires,Écharpe,Unique,1,24.9,30,17.43
15300,2026-01-20,C0683,Boutique,Vestes,Veste en jean,M,1,79.9,0,79.9
15300,2026-01-20,C0683,Boutique,Vestes,Veste en jean,M,1,79.9,30,55.93
15301,2026-01-20,C0156,Boutique,Chaussures,Bottines,43,1,109.9,30,76.93
15302,2026-01-21,C0869,En ligne,Accessoires,Écharpe,Unique,1,24.9,30,17.43
15303,2026-01-21,C0005,Boutique,Pulls & sweats,Sweat col rond,S,2,39.9,0,79.8
15304,2026-01-21,C0017,Boutique,Pulls & sweats,Pull en laine,L,1,59.9,0,59.9
15305,2026-01-21,C0058,En ligne,Chaussures,Bottines,41,1,109.9,30,76.93
15305,2026-01-21,C0058,En ligne,Pulls & sweats,Sweat à capuche,L,1,49.9,0,49.9
15306,2026-01-21,C0105,En ligne,Pulls & sweats,Sweat col rond,S,1,39.9,0,39.9
15306,2026-01-21,C0105,En ligne,T-shirts,T-shirt imprimé,XL,1,24.9,30,17.43
15307,2026-01-21,C0008,Boutique,Pulls & sweats,Sweat col rond,M,1,39.9,30,27.93
15308,2026-01-21,C0588,En ligne,Vestes,Veste en jean,M,2,79.9,30,111.86
15308,2026-01-21,C0588,En ligne,T-shirts,T-shirt oversize,M,2,29.9,0,59.8
15309,2026-01-22,C0393,Boutique,Pantalons,Jogging,L,1,34.9,30,24.43
15309,2026-01-22,C0393,Boutique,T-shirts,T-shirt imprimé,XL,1,24.9,30,17.43
15309,2026-01-22,C0393,Boutique,Pantalons,Pantalon cargo,L,1,49.9,0,49.9
15310,2026-01-22,C0668,Boutique,Vestes,Veste en jean,L,2,79.9,0,159.8
15310,2026-01-22,C0668,Boutique,Pantalons,Pantalon cargo,L,1,49.9,30,34.93
15311,2026-01-22,C0001,En ligne,Pulls & sweats,Sweat col rond,L,1,39.9,30,27.93
15311,2026-01-22,C0001,En ligne,Pantalons,Jean droit,L,1,59.9,30,41.93
15312,2026-01-22,C0092,Boutique,Pantalons,Jean droit,L,1,59.9,30,41.93
15312,2026-01-22,C0092,Boutique,Vestes,Veste en jean,S,1,79.9,0,79.9
15313,2026-01-22,C0046,En ligne,Pantalons,Pantalon cargo,S,1,49.9,0,49.9
15314,2026-01-22,C0673,Boutique,Pulls & sweats,Pull en laine,M,2,59.9,0,119.8
15315,2026-01-22,C0788,En ligne,Pulls & sweats,Sweat col rond,M,1,39.9,0,39.9
15316,2026-01-22,C0008,Boutique,Chaussures,Sneakers running,40,1,99.9,0,99.9
15316,2026-01-22,C0008,Boutique,Pantalons,Jean slim,L,1,54.9,30,38.43
15317,2026-01-22,C0118,Boutique,Accessoires,Sac banane,Unique,1,34.9,30,24.43
15318,2026-01-22,C0047,Boutique,Accessoires,Bonnet,Unique,1,17.9,0,17.9
15318,2026-01-22,C0047,Boutique,Accessoires,Bonnet,Unique,1,17.9,30,12.53
15319,2026-01-22,C0097,Boutique,Pulls & sweats,Sweat col rond,M,1,39.9,30,27.93
15319,2026-01-22,C0097,Boutique,Accessoires,Bonnet,Unique,1,17.9,30,12.53
15320,2026-01-22,C0308,En ligne,Vestes,Doudoune,S,1,119.9,0,119.9
15320,2026-01-22,C0308,En ligne,Pantalons,Jean droit,M,1,59.9,0,59.9
15320,2026-01-22,C0308,En ligne,Pantalons,Pantalon cargo,L,1,49.9,30,34.93
15321,2026-01-22,C0633,Boutique,Pulls & sweats,Sweat à capuche,M,1,49.9,30,34.93
15321,2026-01-22,C0633,Boutique,Pantalons,Jean droit,S,1,59.9,30,41.93
15321,2026-01-22,C0633,Boutique,Vestes,Doudoune,L,1,119.9,0,119.9
15322,2026-01-22,C0365,Boutique,Chaussures,Bottines,44,1,109.9,30,76.93
15322,2026-01-22,C0365,Boutique,Pantalons,Pantalon cargo,M,1,49.9,0,49.9
15323,2026-01-23,C0296,Boutique,Vestes,Coupe-vent,S,1,64.9,30,45.43
15324,2026-01-23,C0371,En ligne,Pulls & sweats,Sweat col rond,L,2,39.9,0,79.8
15324,2026-01-23,C0371,En ligne,Accessoires,Écharpe,Unique,1,24.9,30,17.43
15325,2026-01-23,C0026,Boutique,Pantalons,Jean slim,M,2,54.9,30,76.86
15326,2026-01-23,C0579,Boutique,Pulls & sweats,Sweat col rond,M,1,39.9,30,27.93
15326,2026-01-23,C0579,Boutique,Accessoires,Ceinture,Unique,2,29.9,30,41.86
15327,2026-01-23,C0117,En ligne,Accessoires,Bonnet,Unique,1,17.9,30,12.53
15327,2026-01-23,C0117,En ligne,Pulls & sweats,Sweat col rond,S,1,39.9,30,27.93
15328,2026-01-23,C0428,Boutique,Pulls & sweats,Sweat col rond,S,1,39.9,30,27.93
15329,2026-01-23,C0022,Boutique,Pulls & sweats,Sweat col rond,S,2,39.9,30,55.86
15330,2026-01-23,C0117,Boutique,T-shirts,T-shirt imprimé,M,1,24.9,0,24.9
15331,2026-01-24,C0034,Boutique,Chaussures,Sneakers running,40,1,99.9,0,99.9
15331,2026-01-24,C0034,Boutique,Pulls & sweats,Sweat col rond,S,1,39.9,30,27.93
15331,2026-01-24,C0034,Boutique,Chaussures,Baskets blanches,42,1,89.9,0,89.9
15332,2026-01-24,C0042,En ligne,Accessoires,Sac banane,Unique,1,34.9,30,24.43
15332,2026-01-24,C0042,En ligne,Accessoires,Écharpe,Unique,1,24.9,30,17.43
15333,2026-01-24,C0026,Boutique,Pulls & sweats,Pull en laine,XL,1,59.9,0,59.9
15334,2026-01-24,C0448,Boutique,Pantalons,Jean droit,S,2,59.9,30,83.86
15335,2026-01-24,C0598,En ligne,Chaussures,Sneakers running,39,1,99.9,0,99.9
15335,2026-01-24,C0598,En ligne,Vestes,Veste en jean,M,1,79.9,0,79.9
15336,2026-01-24,C0402,Boutique,Pulls & sweats,Sweat col rond,XL,2,39.9,0,79.8
15336,2026-01-24,C0402,Boutique,Pulls & sweats,Sweat col rond,L,1,39.9,30,27.93
15337,2026-01-24,C0280,En ligne,Accessoires,Casquette,Unique,1,19.9,0,19.9
15338,2026-01-24,C0038,En ligne,Pantalons,Pantalon cargo,S,1,49.9,30,34.93
15339,2026-01-24,C0464,En ligne,Pulls & sweats,Pull en laine,L,1,59.9,30,41.93
15340,2026-01-24,C0419,Boutique,Accessoires,Sac banane,Unique,1,34.9,30,24.43
15341,2026-01-24,C0218,En ligne,Accessoires,Casquette,Unique,1,19.9,0,19.9
15342,2026-01-24,C0109,Boutique,Vestes,Veste en jean,M,1,79.9,0,79.9
15343,2026-01-24,C0102,En ligne,T-shirts,T-shirt imprimé,XS,1,24.9,30,17.43
15344,2026-01-24,C0008,Boutique,Pantalons,Jogging,M,1,34.9,0,34.9
15344,2026-01-24,C0008,Boutique,Vestes,Veste en jean,M,1,79.9,0,79.9
15345,2026-01-24,C0889,Boutique,Accessoires,Bonnet,Unique,1,17.9,30,12.53
15346,2026-01-24,C0172,Boutique,Chaussures,Sneakers running,44,1,99.9,30,69.93
15347,2026-01-24,C0006,Boutique,Pulls & sweats,Sweat à capuche,M,1,49.9,30,34.93
15347,2026-01-24,C0006,Boutique,Accessoires,Sac banane,Unique,1,34.9,30,24.43
15348,2026-01-24,C0310,Boutique,Pantalons,Jean slim,XS,1,54.9,30,38.43
15349,2026-01-24,C0035,Boutique,Pulls & sweats,Sweat col rond,L,1,39.9,0,39.9
15350,2026-01-24,C0114,En ligne,Pulls & sweats,Sweat à capuche,S,1,49.9,30,34.93
15350,2026-01-24,C0114,En ligne,Vestes,Doudoune,XL,1,119.9,30,83.93
15351,2026-01-24,C0109,En ligne,Vestes,Doudoune,S,1,119.9,0,119.9
15352,2026-01-24,C0031,Boutique,Accessoires,Ceinture,Unique,1,29.9,30,20.93
15352,2026-01-24,C0031,Boutique,Vestes,Veste en jean,M,1,79.9,0,79.9
15353,2026-01-24,C0020,Boutique,Vestes,Doudoune,L,1,119.9,0,119.9
15354,2026-01-24,C0120,En ligne,Chaussures,Baskets blanches,40,1,89.9,30,62.93
15355,2026-01-24,C0098,Boutique,T-shirts,T-shirt imprimé,XL,1,24.9,30,17.43
15356,2026-01-26,C0077,Boutique,Pulls & sweats,Pull en laine,M,1,59.9,0,59.9
15356,2026-01-26,C0077,Boutique,Pulls & sweats,Pull en laine,M,1,59.9,30,41.93
15357,2026-01-26,C0083,En ligne,Accessoires,Sac banane,Unique,1,34.9,0,34.9
15357,2026-01-26,C0083,En ligne,Pulls & sweats,Sweat à capuche,S,1,49.9,30,34.93
15358,2026-01-26,C0030,En ligne,Accessoires,Écharpe,Unique,2,24.9,30,34.86
15359,2026-01-26,C0279,Boutique,Accessoires,Bonnet,Unique,2,17.9,30,25.06
15360,2026-01-26,C0366,En ligne,Pulls & sweats,Pull en laine,L,2,59.9,0,119.8
15361,2026-01-26,C0053,Boutique,Pantalons,Jean droit,M,1,59.9,0,59.9
15362,2026-01-26,C0658,Boutique,Chaussures,Baskets blanches,42,1,89.9,30,62.93
15362,2026-01-26,C0658,Boutique,Vestes,Doudoune,M,2,119.9,0,239.8
15362,2026-01-26,C0658,Boutique,T-shirts,T-shirt imprimé,L,1,24.9,0,24.9
15363,2026-01-26,C0096,Boutique,Pulls & sweats,Sweat col rond,M,1,39.9,30,27.93
15364,2026-01-26,C0040,Boutique,Pulls & sweats,Sweat col rond,M,1,39.9,0,39.9
15365,2026-01-26,C0611,Boutique,Pantalons,Pantalon cargo,S,1,49.9,0,49.9
15366,2026-01-26,C0086,Boutique,Chaussures,Bottines,39,1,109.9,30,76.93
15367,2026-01-26,C0119,Boutique,Vestes,Veste en jean,S,1,79.9,30,55.93
15367,2026-01-26,C0119,Boutique,Pantalons,Jean droit,XL,1,59.9,0,59.9
15368,2026-01-26,C0052,En ligne,T-shirts,T-shirt basique,S,1,19.9,30,13.93
15369,2026-01-26,C0692,En ligne,Vestes,Veste en jean,XL,1,79.9,0,79.9
15370,2026-01-26,C0120,En ligne,Accessoires,Ceinture,Unique,2,29.9,30,41.86
15371,2026-01-26,C0037,En ligne,Pantalons,Jogging,L,1,34.9,30,24.43
15372,2026-01-27,C0081,Boutique,Vestes,Veste en jean,L,1,79.9,30,55.93
15373,2026-01-27,C0212,En ligne,Chaussures,Sneakers running,40,1,99.9,0,99.9
15374,2026-01-27,C0850,Boutique,Accessoires,Ceinture,Unique,1,29.9,30,20.93
15375,2026-01-27,C0110,Boutique,Accessoires,Écharpe,Unique,1,24.9,0,24.9
15375,2026-01-27,C0110,Boutique,Pantalons,Jean slim,L,2,54.9,0,109.8
15376,2026-01-27,C0598,Boutique,Pulls & sweats,Sweat à capuche,S,1,49.9,30,34.93
15376,2026-01-27,C0598,Boutique,Pulls & sweats,Sweat col rond,M,1,39.9,30,27.93
15376,2026-01-27,C0598,Boutique,Pulls & sweats,Sweat à capuche,M,1,49.9,30,34.93
15377,2026-01-27,C0120,En ligne,Accessoires,Bonnet,Unique,1,17.9,0,17.9
15378,2026-01-27,C0614,En ligne,Pulls & sweats,Sweat à capuche,XS,1,49.9,30,34.93
15379,2026-01-27,C0789,En ligne,Accessoires,Casquette,Unique,1,19.9,30,13.93
15379,2026-01-27,C0789,En ligne,Pantalons,Jean slim,XL,1,54.9,0,54.9
15380,2026-01-28,C0654,Boutique,Accessoires,Casquette,Unique,1,19.9,30,13.93
15381,2026-01-28,C0037,Boutique,T-shirts,T-shirt basique,S,1,19.9,0,19.9
15382,2026-01-28,C0070,Boutique,T-shirts,T-shirt basique,XL,2,19.9,0,39.8
15383,2026-01-28,C0782,Boutique,Pulls & sweats,Sweat col rond,M,1,39.9,30,27.93
15383,2026-01-28,C0782,Boutique,Pantalons,Jogging,S,2,34.9,0,69.8
15383,2026-01-28,C0782,Boutique,T-shirts,T-shirt oversize,M,1,29.9,30,20.93
15384,2026-01-28,C0112,Boutique,Pulls & sweats,Pull en laine,M,1,59.9,30,41.93
15384,2026-01-28,C0112,Boutique,Pulls & sweats,Pull en laine,S,1,59.9,0,59.9
15385,2026-01-28,C0068,En ligne,Accessoires,Sac banane,Unique,1,34.9,0,34.9
15385,2026-01-28,C0068,En ligne,Vestes,Doudoune,S,1,119.9,0,119.9
15386,2026-01-28,C0076,Boutique,T-shirts,T-shirt basique,L,1,19.9,30,13.93
15387,2026-01-28,C0297,Boutique,Vestes,Doudoune,M,1,119.9,0,119.9
15388,2026-01-28,C0025,En ligne,T-shirts,T-shirt imprimé,XL,1,24.9,30,17.43
15389,2026-01-28,C0037,En ligne,Pulls & sweats,Sweat à capuche,M,1,49.9,30,34.93
15389,2026-01-28,C0037,En ligne,Accessoires,Casquette,Unique,1,19.9,30,13.93
15390,2026-01-28,C0666,En ligne,Accessoires,Ceinture,Unique,1,29.9,30,20.93
15390,2026-01-28,C0666,En ligne,Pulls & sweats,Sweat col rond,S,2,39.9,0,79.8
15390,2026-01-28,C0666,En ligne,T-shirts,T-shirt oversize,L,1,29.9,30,20.93
15391,2026-01-28,C0671,Boutique,Pulls & sweats,Sweat à capuche,XL,1,49.9,30,34.93
15392,2026-01-28,C0092,Boutique,Pulls & sweats,Pull en laine,L,2,59.9,30,83.86
15393,2026-01-28,C0035,En ligne,Pantalons,Jean droit,M,1,59.9,30,41.93
15394,2026-01-28,C0067,En ligne,Pantalons,Pantalon cargo,M,1,49.9,30,34.93
15394,2026-01-28,C0067,En ligne,Accessoires,Casquette,Unique,1,19.9,30,13.93
15395,2026-01-28,C0061,Boutique,T-shirts,T-shirt basique,XL,1,19.9,0,19.9
15396,2026-01-28,C0880,Boutique,Pulls & sweats,Sweat à capuche,M,1,49.9,30,34.93
15396,2026-01-28,C0880,Boutique,Accessoires,Casquette,Unique,1,19.9,30,13.93
15397,2026-01-29,C0099,Boutique,Pulls & sweats,Sweat col rond,M,2,39.9,30,55.86
15398,2026-01-29,C0101,En ligne,Pulls & sweats,Sweat à capuche,S,1,49.9,30,34.93
15399,2026-01-29,C0064,Boutique,Pulls & sweats,Sweat à capuche,M,1,49.9,30,34.93
15400,2026-01-29,C0569,Boutique,Pantalons,Jogging,L,2,34.9,30,48.86
15400,2026-01-29,C0569,Boutique,Pulls & sweats,Sweat col rond,XL,1,39.9,30,27.93
15401,2026-01-29,C0357,Boutique,Accessoires,Écharpe,Unique,1,24.9,0,24.9
15402,2026-01-29,C0569,En ligne,Pulls & sweats,Sweat à capuche,L,1,49.9,0,49.9
15402,2026-01-29,C0569,En ligne,Accessoires,Bonnet,Unique,1,17.9,0,17.9
15402,2026-01-29,C0569,En ligne,T-shirts,T-shirt oversize,S,1,29.9,30,20.93
15403,2026-01-29,C0049,Boutique,Vestes,Doudoune,S,1,119.9,30,83.93
15404,2026-01-29,C0857,Boutique,Accessoires,Sac banane,Unique,1,34.9,30,24.43
15404,2026-01-29,C0857,Boutique,Chaussures,Baskets blanches,39,1,89.9,30,62.93
15405,2026-01-29,C0080,En ligne,Pulls & sweats,Sweat à capuche,M,1,49.9,30,34.93
15405,2026-01-29,C0080,En ligne,Pantalons,Jogging,S,1,34.9,0,34.9
15406,2026-01-30,C0876,Boutique,Vestes,Doudoune,XL,1,119.9,0,119.9
15406,2026-01-30,C0876,Boutique,Vestes,Doudoune,XL,1,119.9,0,119.9
15407,2026-01-30,C0525,En ligne,Pantalons,Jean droit,XL,1,59.9,30,41.93
15408,2026-01-30,C0048,Boutique,Pulls & sweats,Pull en laine,L,1,59.9,0,59.9
15408,2026-01-30,C0048,Boutique,Pantalons,Jean droit,XS,1,59.9,30,41.93
15409,2026-01-30,C0077,Boutique,Accessoires,Sac banane,Unique,1,34.9,30,24.43
15409,2026-01-30,C0077,Boutique,Pulls & sweats,Sweat col rond,XS,1,39.9,0,39.9
15409,2026-01-30,C0077,Boutique,Vestes,Doudoune,M,1,119.9,0,119.9
15410,2026-01-30,C0540,Boutique,Pantalons,Jean slim,L,1,54.9,0,54.9
15411,2026-01-30,C0863,En ligne,Chaussures,Sneakers running,42,1,99.9,0,99.9
15411,2026-01-30,C0863,En ligne,T-shirts,T-shirt imprimé,XL,1,24.9,30,17.43
15411,2026-01-30,C0863,En ligne,Pulls & sweats,Pull en laine,M,1,59.9,0,59.9
15412,2026-01-30,C0285,En ligne,Pantalons,Jogging,L,1,34.9,30,24.43
15413,2026-01-30,C0086,Boutique,Accessoires,Casquette,Unique,1,19.9,0,19.9
15414,2026-01-30,C0044,Boutique,Pulls & sweats,Pull en laine,M,1,59.9,30,41.93
15414,2026-01-30,C0044,Boutique,Pulls & sweats,Pull en laine,M,1,59.9,0,59.9
15415,2026-01-30,C0054,En ligne,Chaussures,Baskets blanches,43,1,89.9,0,89.9
15416,2026-01-30,C0526,Boutique,Accessoires,Ceinture,Unique,1,29.9,30,20.93
15417,2026-01-30,C0708,Boutique,Pulls & sweats,Sweat à capuche,XL,1,49.9,30,34.93
15417,2026-01-30,C0708,Boutique,Pulls & sweats,Sweat col rond,M,2,39.9,0,79.8
15418,2026-01-31,C0106,Boutique,T-shirts,T-shirt oversize,M,1,29.9,0,29.9
15418,2026-01-31,C0106,Boutique,Accessoires,Casquette,Unique,1,19.9,30,13.93
15419,2026-01-31,C0063,Boutique,Pantalons,Pantalon cargo,L,1,49.9,0,49.9
15419,2026-01-31,C0063,Boutique,Chaussures,Baskets blanches,41,1,89.9,30,62.93
15420,2026-01-31,C0754,En ligne,Pantalons,Jogging,L,1,34.9,0,34.9
15420,2026-01-31,C0754,En ligne,T-shirts,T-shirt imprimé,XL,1,24.9,30,17.43
15421,2026-01-31,C0578,En ligne,Pantalons,Jean slim,XL,1,54.9,0,54.9
15422,2026-01-31,C0198,Boutique,Pulls & sweats,Sweat col rond,M,1,39.9,30,27.93
15423,2026-01-31,C0082,Boutique,Accessoires,Ceinture,Unique,2,29.9,30,41.86
15424,2026-01-31,C0326,En ligne,Accessoires,Sac banane,Unique,1,34.9,0,34.9
15425,2026-01-31,C0706,En ligne,Accessoires,Sac banane,Unique,1,34.9,30,24.43
15426,2026-01-31,C0747,En ligne,T-shirts,T-shirt basique,L,1,19.9,0,19.9
15426,2026-01-31,C0747,En ligne,Chaussures,Bottines,43,1,109.9,30,76.93
15427,2026-01-31,C0484,En ligne,Pulls & sweats,Sweat à capuche,M,1,49.9,0,49.9
15428,2026-01-31,C0818,Boutique,Accessoires,Sac banane,Unique,1,34.9,0,34.9
15428,2026-01-31,C0818,Boutique,Pantalons,Pantalon cargo,XL,2,49.9,30,69.86
15429,2026-01-31,C0074,En ligne,Pantalons,Pantalon cargo,XL,1,49.9,30,34.93
15430,2026-01-31,C0031,En ligne,Vestes,Coupe-vent,XL,2,64.9,30,90.86
15430,2026-01-31,C0031,En ligne,Chaussures,Sneakers running,41,1,99.9,0,99.9
15431,2026-01-31,C0050,En ligne,Pantalons,Jean droit,XL,1,59.9,0,59.9
15432,2026-01-31,C0053,Boutique,Pulls & sweats,Sweat à capuche,S,1,49.9,30,34.93
15433,2026-02-02,C0065,En ligne,Accessoires,Bonnet,Unique,1,17.9,0,17.9
15433,2026-02-02,C0065,En ligne,Accessoires,Casquette,Unique,2,19.9,0,39.8
15433,2026-02-02,C0065,En ligne,Vestes,Veste en jean,M,2,79.9,0,159.8
15434,2026-02-02,C0499,Boutique,Pulls & sweats,Pull en laine,XS,1,59.9,0,59.9
15434,2026-02-02,C0499,Boutique,Vestes,Coupe-vent,M,2,64.9,0,129.8
15435,2026-02-02,C0649,Boutique,Pantalons,Pantalon cargo,M,1,49.9,0,49.9
15435,2026-02-02,C0649,Boutique,Pantalons,Pantalon cargo,L,1,49.9,0,49.9
15436,2026-02-02,C0108,En ligne,Pulls & sweats,Pull en laine,S,1,59.9,0,59.9
15436,2026-02-02,C0108,En ligne,T-shirts,T-shirt oversize,XS,1,29.9,0,29.9
15437,2026-02-02,C0355,Boutique,Vestes,Coupe-vent,XS,1,64.9,0,64.9
15437,2026-02-02,C0355,Boutique,Accessoires,Écharpe,Unique,1,24.9,0,24.9
15437,2026-02-02,C0355,Boutique,T-shirts,T-shirt imprimé,L,2,24.9,0,49.8
15438,2026-02-02,C0031,En ligne,Chaussures,Baskets blanches,42,1,89.9,0,89.9
15438,2026-02-02,C0031,En ligne,Pulls & sweats,Sweat à capuche,S,1,49.9,0,49.9
15438,2026-02-02,C0031,En ligne,Pulls & sweats,Sweat col rond,XL,1,39.9,0,39.9
15439,2026-02-02,C0090,En ligne,T-shirts,T-shirt oversize,M,1,29.9,0,29.9
15440,2026-02-02,C0095,En ligne,Pantalons,Jean slim,S,1,54.9,0,54.9
15440,2026-02-02,C0095,En ligne,Accessoires,Écharpe,Unique,1,24.9,0,24.9
15440,2026-02-02,C0095,En ligne,Vestes,Doudoune,M,1,119.9,0,119.9
15441,2026-02-02,C0375,Boutique,Accessoires,Ceinture,Unique,1,29.9,0,29.9
15442,2026-02-02,C0210,Boutique,Accessoires,Écharpe,Unique,1,24.9,0,24.9
15443,2026-02-02,C0084,Boutique,Accessoires,Casquette,Unique,2,19.9,0,39.8
15443,2026-02-02,C0084,Boutique,Pantalons,Jogging,XL,2,34.9,0,69.8
15444,2026-02-02,C0353,Boutique,Pantalons,Pantalon cargo,S,1,49.9,0,49.9
15444,2026-02-02,C0353,Boutique,T-shirts,T-shirt oversize,S,1,29.9,0,29.9
15445,2026-02-02,C0248,En ligne,Pulls & sweats,Sweat col rond,M,1,39.9,0,39.9
15446,2026-02-02,C0052,En ligne,Vestes,Doudoune,S,1,119.9,0,119.9
15447,2026-02-03,C0081,En ligne,Accessoires,Ceinture,Unique,1,29.9,0,29.9
15448,2026-02-03,C0418,Boutique,Chaussures,Baskets blanches,39,2,89.9,0,179.8
15449,2026-02-03,C0068,Boutique,Accessoires,Bonnet,Unique,1,17.9,0,17.9
15449,2026-02-03,C0068,Boutique,Accessoires,Ceinture,Unique,2,29.9,0,59.8
15450,2026-02-03,C0684,Boutique,Chaussures,Bottines,41,1,109.9,0,109.9
15450,2026-02-03,C0684,Boutique,Chaussures,Baskets blanches,41,2,89.9,0,179.8
15451,2026-02-03,C0032,Boutique,Pantalons,Pantalon cargo,S,1,49.9,0,49.9
15451,2026-02-03,C0032,Boutique,T-shirts,T-shirt basique,M,1,19.9,0,19.9
15452,2026-02-03,C0093,Boutique,Pulls & sweats,Sweat à capuche,XS,1,49.9,0,49.9
15453,2026-02-03,C0693,Boutique,Pulls & sweats,Sweat col rond,L,1,39.9,0,39.9
15453,2026-02-03,C0693,Boutique,Vestes,Coupe-vent,L,1,64.9,0,64.9
15454,2026-02-04,C0438,En ligne,Vestes,Veste en jean,L,1,79.9,0,79.9
15455,2026-02-04,C0105,Boutique,Chaussures,Sneakers running,42,1,99.9,0,99.9
15455,2026-02-04,C0105,Boutique,Pantalons,Jean slim,L,2,54.9,0,109.8
15456,2026-02-04,C0089,Boutique,Pulls & sweats,Sweat col rond,XL,1,39.9,0,39.9
15457,2026-02-04,C0384,En ligne,Accessoires,Sac banane,Unique,1,34.9,0,34.9
15457,2026-02-04,C0384,En ligne,Pantalons,Jogging,XL,2,34.9,0,69.8
15458,2026-02-04,C0041,En ligne,Pulls & sweats,Sweat à capuche,XL,1,49.9,0,49.9
15459,2026-02-04,C0085,En ligne,T-shirts,T-shirt basique,S,1,19.9,0,19.9
15460,2026-02-04,C0033,Boutique,Pulls & sweats,Sweat col rond,L,1,39.9,0,39.9
15460,2026-02-04,C0033,Boutique,Pantalons,Jogging,L,1,34.9,0,34.9
15460,2026-02-04,C0033,Boutique,Pulls & sweats,Sweat col rond,XL,1,39.9,0,39.9
15461,2026-02-04,C0017,Boutique,T-shirts,T-shirt oversize,M,1,29.9,0,29.9
15461,2026-02-04,C0017,Boutique,Accessoires,Écharpe,Unique,1,24.9,0,24.9
15462,2026-02-04,C0076,Boutique,Pulls & sweats,Sweat col rond,L,1,39.9,0,39.9
15463,2026-02-04,C0074,Boutique,Pulls & sweats,Pull en laine,M,1,59.9,0,59.9
15464,2026-02-04,C0664,En ligne,Pulls & sweats,Pull en laine,M,1,59.9,0,59.9
15465,2026-02-04,C0073,Boutique,T-shirts,T-shirt basique,XL,1,19.9,0,19.9
15465,2026-02-04,C0073,Boutique,T-shirts,T-shirt imprimé,S,1,24.9,0,24.9
15466,2026-02-04,C0054,En ligne,Pulls & sweats,Sweat col rond,M,2,39.9,0,79.8
15466,2026-02-04,C0054,En ligne,Vestes,Coupe-vent,M,1,64.9,0,64.9
15467,2026-02-05,C0117,Boutique,Pulls & sweats,Sweat col rond,L,1,39.9,0,39.9
15468,2026-02-05,C0044,Boutique,Pulls & sweats,Sweat à capuche,L,1,49.9,0,49.9
15469,2026-02-05,C0095,Boutique,T-shirts,T-shirt basique,S,1,19.9,0,19.9
15470,2026-02-05,C0088,Boutique,Pantalons,Pantalon cargo,S,1,49.9,0,49.9
15471,2026-02-05,C0050,Boutique,Pulls & sweats,Sweat à capuche,M,1,49.9,0,49.9
15472,2026-02-05,C0511,Boutique,T-shirts,T-shirt basique,S,1,19.9,0,19.9
15473,2026-02-05,C0028,Boutique,Accessoires,Sac banane,Unique,1,34.9,0,34.9
15474,2026-02-05,C0055,Boutique,Vestes,Veste en jean,L,1,79.9,0,79.9
15475,2026-02-05,C0008,Boutique,Pulls & sweats,Sweat à capuche,L,1,49.9,0,49.9
15475,2026-02-05,C0008,Boutique,Pantalons,Pantalon cargo,L,1,49.9,0,49.9
15475,2026-02-05,C0008,Boutique,Accessoires,Ceinture,Unique,1,29.9,0,29.9
15476,2026-02-05,C0562,En ligne,Vestes,Coupe-vent,M,1,64.9,0,64.9
15477,2026-02-05,C0430,Boutique,Pulls & sweats,Sweat à capuche,XL,1,49.9,0,49.9
15478,2026-02-05,C0047,Boutique,Vestes,Coupe-vent,L,1,64.9,0,64.9
15479,2026-02-05,C0070,En ligne,Accessoires,Écharpe,Unique,1,24.9,0,24.9
15480,2026-02-05,C0462,Boutique,Accessoires,Bonnet,Unique,1,17.9,0,17.9
15481,2026-02-06,C0115,Boutique,Chaussures,Bottines,43,1,109.9,0,109.9
15482,2026-02-06,C0072,En ligne,Pantalons,Jogging,L,1,34.9,0,34.9
15482,2026-02-06,C0072,En ligne,Pulls & sweats,Sweat col rond,S,1,39.9,0,39.9
15483,2026-02-06,C0038,En ligne,Pantalons,Jean droit,S,1,59.9,0,59.9
15483,2026-02-06,C0038,En ligne,Pantalons,Pantalon cargo,S,1,49.9,0,49.9
15484,2026-02-06,C0002,Boutique,Accessoires,Sac banane,Unique,1,34.9,0,34.9
15485,2026-02-06,C0488,En ligne,Pulls & sweats,Pull en laine,L,1,59.9,0,59.9
15486,2026-02-06,C0073,Boutique,Pulls & sweats,Sweat col rond,S,1,39.9,0,39.9
15487,2026-02-06,C0834,En ligne,Accessoires,Sac banane,Unique,1,34.9,0,34.9
15487,2026-02-06,C0834,En ligne,Pulls & sweats,Pull en laine,XL,2,59.9,0,119.8
15488,2026-02-06,C0315,Boutique,Pantalons,Pantalon cargo,L,1,49.9,0,49.9
15489,2026-02-06,C0700,Boutique,Pantalons,Pantalon cargo,L,1,49.9,0,49.9
15490,2026-02-06,C0354,Boutique,Pantalons,Jean slim,XL,1,54.9,0,54.9
15491,2026-02-06,C0521,Boutique,Accessoires,Casquette,Unique,1,19.9,0,19.9
15491,2026-02-06,C0521,Boutique,Pulls & sweats,Sweat à capuche,M,2,49.9,0,99.8
15492,2026-02-07,C0241,Boutique,Accessoires,Casquette,Unique,1,19.9,0,19.9
15493,2026-02-07,C0299,Boutique,Pantalons,Jean slim,S,2,54.9,0,109.8
15494,2026-02-07,C0186,En ligne,Pantalons,Jean slim,XL,1,54.9,0,54.9
15495,2026-02-07,C0006,Boutique,T-shirts,T-shirt imprimé,L,1,24.9,0,24.9
15496,2026-02-07,C0474,Boutique,Pulls & sweats,Sweat à capuche,XS,1,49.9,0,49.9
15496,2026-02-07,C0474,Boutique,Accessoires,Écharpe,Unique,1,24.9,0,24.9
15497,2026-02-07,C0892,En ligne,Accessoires,Bonnet,Unique,1,17.9,0,17.9
15498,2026-02-07,C0856,Boutique,Chaussures,Bottines,41,1,109.9,0,109.9
15498,2026-02-07,C0856,Boutique,Accessoires,Ceinture,Unique,1,29.9,0,29.9
15498,2026-02-07,C0856,Boutique,Pulls & sweats,Sweat col rond,M,1,39.9,0,39.9
15499,2026-02-07,C0069,Boutique,Accessoires,Écharpe,Unique,1,24.9,0,24.9
15500,2026-02-07,C0123,En ligne,Pulls & sweats,Sweat à capuche,XL,1,49.9,0,49.9
15500,2026-02-07,C0123,En ligne,T-shirts,T-shirt oversize,L,1,29.9,0,29.9
15501,2026-02-07,C0270,En ligne,Pantalons,Jean slim,M,1,54.9,0,54.9
15502,2026-02-07,C0183,En ligne,Pulls & sweats,Sweat col rond,L,2,39.9,0,79.8
15503,2026-02-07,C0229,Boutique,Accessoires,Bonnet,Unique,2,17.9,0,35.8
15503,2026-02-07,C0229,Boutique,Pulls & sweats,Sweat à capuche,XS,1,49.9,0,49.9
15504,2026-02-07,C0016,Boutique,Pantalons,Jogging,M,2,34.9,0,69.8
15505,2026-02-07,C0084,En ligne,Pantalons,Jean slim,S,2,54.9,0,109.8
15506,2026-02-07,C0167,Boutique,Vestes,Doudoune,L,1,119.9,0,119.9
15507,2026-02-07,C0039,Boutique,Pulls & sweats,Sweat à capuche,M,1,49.9,0,49.9
15508,2026-02-07,C0231,En ligne,Chaussures,Sneakers running,43,1,99.9,0,99.9
15509,2026-02-07,C0003,Boutique,Accessoires,Ceinture,Unique,1,29.9,0,29.9
15510,2026-02-07,C0218,En ligne,Pulls & sweats,Sweat col rond,XL,1,39.9,0,39.9
15510,2026-02-07,C0218,En ligne,Pantalons,Pantalon cargo,M,1,49.9,0,49.9
15510,2026-02-07,C0218,En ligne,Accessoires,Écharpe,Unique,1,24.9,0,24.9
15511,2026-02-07,C0647,Boutique,Pantalons,Pantalon cargo,M,2,49.9,0,99.8
15512,2026-02-09,C0052,Boutique,Pantalons,Jean slim,L,1,54.9,0,54.9
15512,2026-02-09,C0052,Boutique,Accessoires,Ceinture,Unique,1,29.9,0,29.9
15512,2026-02-09,C0052,Boutique,Accessoires,Ceinture,Unique,1,29.9,0,29.9
15513,2026-02-09,C0055,En ligne,Pantalons,Jogging,M,1,34.9,0,34.9
15514,2026-02-09,C0081,En ligne,Pantalons,Jogging,M,1,34.9,0,34.9
15515,2026-02-09,C0745,Boutique,Chaussures,Bottines,41,1,109.9,0,109.9
15515,2026-02-09,C0745,Boutique,Pulls & sweats,Pull en laine,M,1,59.9,0,59.9
15516,2026-02-09,C0369,En ligne,T-shirts,T-shirt oversize,S,2,29.9,0,59.8
15516,2026-02-09,C0369,En ligne,Vestes,Doudoune,XL,1,119.9,0,119.9
15517,2026-02-09,C0056,En ligne,Accessoires,Casquette,Unique,1,19.9,0,19.9
15518,2026-02-09,C0026,Boutique,Accessoires,Sac banane,Unique,2,34.9,0,69.8
15519,2026-02-09,C0514,Boutique,Vestes,Coupe-vent,S,1,64.9,0,64.9
15520,2026-02-09,C0663,En ligne,Pulls & sweats,Pull en laine,L,1,59.9,0,59.9
15521,2026-02-09,C0287,Boutique,T-shirts,T-shirt oversize,M,2,29.9,0,59.8
15522,2026-02-10,C0100,En ligne,T-shirts,T-shirt basique,M,1,19.9,0,19.9
15522,2026-02-10,C0100,En ligne,T-shirts,T-shirt oversize,L,1,29.9,0,29.9
15523,2026-02-10,C0081,Boutique,Chaussures,Sneakers running,39,1,99.9,0,99.9
15524,2026-02-10,C0357,Boutique,Vestes,Coupe-vent,S,1,64.9,0,64.9
15525,2026-02-10,C0773,Boutique,Accessoires,Ceinture,Unique,1,29.9,0,29.9
15526,2026-02-10,C0454,Boutique,T-shirts,T-shirt oversize,L,1,29.9,0,29.9
15527,2026-02-10,C0065,En ligne,Pantalons,Jogging,XL,1,34.9,0,34.9
15528,2026-02-10,C0097,En ligne,T-shirts,T-shirt basique,M,2,19.9,0,39.8
15529,2026-02-10,C0009,Boutique,Chaussures,Bottines,44,1,109.9,0,109.9
15530,2026-02-10,C0515,En ligne,T-shirts,T-shirt basique,XS,1,19.9,0,19.9
15531,2026-02-10,C0234,En ligne,Chaussures,Baskets blanches,41,1,89.9,0,89.9
15531,2026-02-10,C0234,En ligne,Accessoires,Sac banane,Unique,1,34.9,0,34.9
15532,2026-02-10,C0082,En ligne,Pulls & sweats,Sweat col rond,S,1,39.9,0,39.9
15532,2026-02-10,C0082,En ligne,Chaussures,Sneakers running,39,2,99.9,0,199.8
15533,2026-02-10,C0478,Boutique,Pulls & sweats,Sweat à capuche,L,1,49.9,0,49.9
15533,2026-02-10,C0478,Boutique,Accessoires,Écharpe,Unique,1,24.9,0,24.9
15533,2026-02-10,C0478,Boutique,Vestes,Coupe-vent,M,2,64.9,0,129.8
15534,2026-02-10,C0102,En ligne,Vestes,Doudoune,M,1,119.9,0,119.9
15534,2026-02-10,C0102,En ligne,Pantalons,Jogging,XL,1,34.9,0,34.9
15535,2026-02-10,C0645,Boutique,Vestes,Coupe-vent,S,2,64.9,0,129.8
15536,2026-02-10,C0087,Boutique,Pantalons,Jean droit,M,1,59.9,0,59.9
15537,2026-02-10,C0096,En ligne,Vestes,Coupe-vent,L,1,64.9,0,64.9
15538,2026-02-11,C0052,Boutique,Pulls & sweats,Sweat col rond,L,1,39.9,0,39.9
15538,2026-02-11,C0052,Boutique,Accessoires,Ceinture,Unique,2,29.9,0,59.8
15539,2026-02-11,C0692,Boutique,Pantalons,Jogging,XL,1,34.9,0,34.9
15539,2026-02-11,C0692,Boutique,Accessoires,Sac banane,Unique,1,34.9,0,34.9
15540,2026-02-11,C0077,Boutique,Pulls & sweats,Pull en laine,M,1,59.9,0,59.9
15540,2026-02-11,C0077,Boutique,Chaussures,Sneakers running,39,1,99.9,0,99.9
15541,2026-02-11,C0326,En ligne,Vestes,Doudoune,S,1,119.9,0,119.9
15541,2026-02-11,C0326,En ligne,Pantalons,Jean droit,S,1,59.9,0,59.9
15542,2026-02-11,C0708,En ligne,Pulls & sweats,Pull en laine,M,1,59.9,0,59.9
15542,2026-02-11,C0708,En ligne,Pantalons,Jean slim,L,1,54.9,0,54.9
15543,2026-02-11,C0377,En ligne,Chaussures,Bottines,42,1,109.9,0,109.9
15544,2026-02-12,C0216,En ligne,T-shirts,T-shirt imprimé,M,1,24.9,0,24.9
15545,2026-02-12,C0172,Boutique,Accessoires,Bonnet,Unique,2,17.9,0,35.8
15546,2026-02-12,C0161,Boutique,Pantalons,Jogging,L,1,34.9,0,34.9
15546,2026-02-12,C0161,Boutique,T-shirts,T-shirt oversize,M,1,29.9,0,29.9
15547,2026-02-12,C0450,Boutique,T-shirts,T-shirt oversize,L,1,29.9,0,29.9
15548,2026-02-12,C0017,En ligne,T-shirts,T-shirt oversize,L,1,29.9,0,29.9
15548,2026-02-12,C0017,En ligne,Pulls & sweats,Sweat à capuche,M,1,49.9,0,49.9
15549,2026-02-12,C0466,En ligne,Accessoires,Sac banane,Unique,1,34.9,0,34.9
15550,2026-02-12,C0115,Boutique,Pulls & sweats,Sweat col rond,M,1,39.9,0,39.9
15550,2026-02-12,C0115,Boutique,Vestes,Doudoune,M,1,119.9,0,119.9
15551,2026-02-12,C0742,Boutique,Pulls & sweats,Pull en laine,L,2,59.9,0,119.8
15551,2026-02-12,C0742,Boutique,Accessoires,Ceinture,Unique,2,29.9,0,59.8
15551,2026-02-12,C0742,Boutique,Pulls & sweats,Sweat à capuche,M,1,49.9,0,49.9
15552,2026-02-12,C0505,En ligne,Pulls & sweats,Sweat à capuche,L,1,49.9,0,49.9
15552,2026-02-12,C0505,En ligne,Pantalons,Jean slim,L,1,54.9,0,54.9
15553,2026-02-12,C0060,En ligne,Pulls & sweats,Pull en laine,M,1,59.9,0,59.9
15554,2026-02-12,C0734,Boutique,T-shirts,T-shirt oversize,M,2,29.9,0,59.8
15555,2026-02-12,C0023,En ligne,T-shirts,T-shirt oversize,M,1,29.9,0,29.9
15556,2026-02-12,C0025,Boutique,Accessoires,Casquette,Unique,1,19.9,0,19.9
15557,2026-02-12,C0062,Boutique,T-shirts,T-shirt imprimé,M,1,24.9,0,24.9
15558,2026-02-12,C0011,Boutique,Pulls & sweats,Sweat à capuche,M,2,49.9,0,99.8
15559,2026-02-12,C0425,Boutique,Chaussures,Baskets blanches,42,1,89.9,0,89.9
15559,2026-02-12,C0425,Boutique,Pantalons,Jean slim,M,1,54.9,0,54.9
15560,2026-02-12,C0053,Boutique,Pantalons,Jean slim,S,1,54.9,0,54.9
15561,2026-02-13,C0868,Boutique,Vestes,Veste en jean,M,1,79.9,0,79.9
15562,2026-02-13,C0827,En ligne,Pantalons,Jogging,L,1,34.9,0,34.9
15563,2026-02-13,C0213,En ligne,Pantalons,Pantalon cargo,S,2,49.9,0,99.8
15564,2026-02-13,C0282,Boutique,Accessoires,Bonnet,Unique,1,17.9,0,17.9
15565,2026-02-13,C0003,Boutique,Pantalons,Jean slim,S,1,54.9,0,54.9
15566,2026-02-13,C0388,Boutique,Vestes,Veste en jean,M,1,79.9,0,79.9
15567,2026-02-13,C0116,En ligne,T-shirts,T-shirt basique,L,1,19.9,0,19.9
15567,2026-02-13,C0116,En ligne,T-shirts,T-shirt basique,XL,1,19.9,0,19.9
15567,2026-02-13,C0116,En ligne,Accessoires,Écharpe,Unique,2,24.9,0,49.8
15568,2026-02-13,C0067,En ligne,T-shirts,T-shirt oversize,M,1,29.9,0,29.9
15569,2026-02-13,C0003,En ligne,T-shirts,T-shirt imprimé,S,2,24.9,0,49.8
15569,2026-02-13,C0003,En ligne,Chaussures,Baskets blanches,42,1,89.9,0,89.9
15569,2026-02-13,C0003,En ligne,Pulls & sweats,Sweat col rond,S,2,39.9,0,79.8
15570,2026-02-13,C0370,Boutique,T-shirts,T-shirt oversize,M,2,29.9,0,59.8
15570,2026-02-13,C0370,Boutique,Chaussures,Sneakers running,40,1,99.9,0,99.9
15571,2026-02-13,C0762,Boutique,Accessoires,Ceinture,Unique,1,29.9,0,29.9
15572,2026-02-13,C0069,En ligne,Accessoires,Sac banane,Unique,1,34.9,0,34.9
15573,2026-02-14,C0054,Boutique,Pantalons,Jean slim,M,1,54.9,0,54.9
15574,2026-02-14,C0080,Boutique,Pulls & sweats,Sweat à capuche,XL,1,49.9,0,49.9
15575,2026-02-14,C0579,En ligne,Pantalons,Jean slim,S,2,54.9,0,109.8
15575,2026-02-14,C0579,En ligne,Pantalons,Jogging,L,1,34.9,0,34.9
15576,2026-02-14,C0715,Boutique,Pulls & sweats,Sweat col rond,S,1,39.9,0,39.9
15577,2026-02-14,C0058,Boutique,Accessoires,Sac banane,Unique,1,34.9,0,34.9
15578,2026-02-14,C0552,En ligne,Pulls & sweats,Pull en laine,S,1,59.9,0,59.9
15579,2026-02-14,C0410,En ligne,Pantalons,Jean droit,L,1,59.9,0,59.9
15580,2026-02-14,C0111,Boutique,Chaussures,Sneakers running,40,1,99.9,0,99.9
15580,2026-02-14,C0111,Boutique,Pulls & sweats,Sweat col rond,XL,1,39.9,0,39.9
15580,2026-02-14,C0111,Boutique,Accessoires,Écharpe,Unique,1,24.9,0,24.9
15581,2026-02-14,C0464,Boutique,Pulls & sweats,Sweat col rond,S,1,39.9,0,39.9
15582,2026-02-14,C0038,En ligne,Vestes,Veste en jean,M,2,79.9,0,159.8
15583,2026-02-14,C0626,En ligne,Pulls & sweats,Sweat à capuche,M,1,49.9,0,49.9
15584,2026-02-14,C0010,En ligne,Pulls & sweats,Sweat col rond,L,1,39.9,0,39.9
15585,2026-02-14,C0045,En ligne,Vestes,Veste en jean,S,1,79.9,0,79.9
15586,2026-02-14,C0238,En ligne,Vestes,Coupe-vent,XL,1,64.9,0,64.9
15587,2026-02-14,C0668,Boutique,Pulls & sweats,Pull en laine,L,1,59.9,0,59.9
15588,2026-02-14,C0762,En ligne,Accessoires,Ceinture,Unique,1,29.9,0,29.9
15589,2026-02-14,C0001,En ligne,Pulls & sweats,Sweat à capuche,L,1,49.9,0,49.9
15590,2026-02-14,C0128,En ligne,Vestes,Veste en jean,M,1,79.9,0,79.9
15590,2026-02-14,C0128,En ligne,Vestes,Doudoune,M,1,119.9,0,119.9
15591,2026-02-14,C0893,Boutique,Pulls & sweats,Pull en laine,M,1,59.9,0,59.9
15591,2026-02-14,C0893,Boutique,Chaussures,Sneakers running,43,2,99.9,0,199.8
15591,2026-02-14,C0893,Boutique,Pulls & sweats,Sweat col rond,M,1,39.9,0,39.9
15592,2026-02-14,C0065,Boutique,Accessoires,Sac banane,Unique,1,34.9,0,34.9
15593,2026-02-14,C0081,En ligne,Accessoires,Écharpe,Unique,1,24.9,0,24.9
15593,2026-02-14,C0081,En ligne,Pulls & sweats,Pull en laine,M,1,59.9,0,59.9
15594,2026-02-16,C0111,Boutique,Accessoires,Sac banane,Unique,1,34.9,0,34.9
15595,2026-02-16,C0003,En ligne,Pulls & sweats,Pull en laine,XL,1,59.9,0,59.9
15595,2026-02-16,C0003,En ligne,Pulls & sweats,Pull en laine,M,1,59.9,0,59.9
15596,2026-02-16,C0849,Boutique,Pantalons,Pantalon cargo,S,2,49.9,0,99.8
15597,2026-02-16,C0238,En ligne,T-shirts,T-shirt basique,M,2,19.9,0,39.8
15598,2026-02-16,C0013,En ligne,T-shirts,T-shirt basique,XS,1,19.9,0,19.9
15598,2026-02-16,C0013,En ligne,Pantalons,Pantalon cargo,M,1,49.9,0,49.9
15599,2026-02-16,C0576,Boutique,Vestes,Coupe-vent,M,1,64.9,0,64.9
15600,2026-02-16,C0087,Boutique,Accessoires,Ceinture,Unique,2,29.9,0,59.8
15601,2026-02-16,C0023,Boutique,Chaussures,Sneakers running,41,1,99.9,0,99.9
15602,2026-02-16,C0106,Boutique,Accessoires,Casquette,Unique,1,19.9,0,19.9
15603,2026-02-16,C0118,Boutique,Pantalons,Pantalon cargo,L,1,49.9,0,49.9
15604,2026-02-16,C0773,En ligne,Vestes,Coupe-vent,L,1,64.9,0,64.9
15605,2026-02-16,C0030,Boutique,Accessoires,Ceinture,Unique,1,29.9,0,29.9
15605,2026-02-16,C0030,Boutique,Chaussures,Sneakers running,41,1,99.9,0,99.9
15605,2026-02-16,C0030,Boutique,Pulls & sweats,Sweat col rond,L,2,39.9,0,79.8
15606,2026-02-17,C0348,Boutique,Vestes,Veste en jean,S,1,79.9,0,79.9
15606,2026-02-17,C0348,Boutique,Vestes,Veste en jean,L,1,79.9,0,79.9
15606,2026-02-17,C0348,Boutique,T-shirts,T-shirt imprimé,M,2,24.9,0,49.8
15607,2026-02-17,C0083,Boutique,Pulls & sweats,Sweat à capuche,L,1,49.9,0,49.9
15607,2026-02-17,C0083,Boutique,Accessoires,Sac banane,Unique,1,34.9,0,34.9
15607,2026-02-17,C0083,Boutique,Vestes,Veste en jean,S,1,79.9,0,79.9
15608,2026-02-17,C0772,Boutique,Vestes,Coupe-vent,L,2,64.9,0,129.8
15609,2026-02-17,C0254,Boutique,Chaussures,Bottines,43,1,109.9,0,109.9
15610,2026-02-17,C0385,En ligne,Pulls & sweats,Sweat à capuche,XL,1,49.9,0,49.9
15611,2026-02-17,C0513,Boutique,Pulls & sweats,Sweat col rond,L,2,39.9,0,79.8
15612,2026-02-17,C0396,En ligne,Pulls & sweats,Sweat à capuche,L,1,49.9,0,49.9
15613,2026-02-17,C0562,En ligne,Pulls & sweats,Pull en laine,XS,2,59.9,0,119.8
15614,2026-02-17,C0001,Boutique,T-shirts,T-shirt basique,XS,1,19.9,0,19.9
15615,2026-02-17,C0569,En ligne,Pulls & sweats,Sweat à capuche,L,1,49.9,0,49.9
15616,2026-02-17,C0583,Boutique,Chaussures,Sneakers running,43,1,99.9,0,99.9
15617,2026-02-18,C0075,Boutique,Pantalons,Pantalon cargo,M,1,49.9,0,49.9
15617,2026-02-18,C0075,Boutique,T-shirts,T-shirt imprimé,M,2,24.9,0,49.8
15618,2026-02-18,C0810,En ligne,Pulls & sweats,Pull en laine,S,1,59.9,0,59.9
15618,2026-02-18,C0810,En ligne,Accessoires,Bonnet,Unique,1,17.9,0,17.9
15619,2026-02-18,C0632,En ligne,Vestes,Doudoune,XS,1,119.9,0,119.9
15620,2026-02-18,C0411,Boutique,Vestes,Doudoune,XL,1,119.9,0,119.9
15621,2026-02-18,C0088,En ligne,Chaussures,Bottines,41,1,109.9,0,109.9
15622,2026-02-18,C0118,Boutique,T-shirts,T-shirt imprimé,M,1,24.9,0,24.9
15623,2026-02-18,C0028,Boutique,T-shirts,T-shirt basique,M,1,19.9,0,19.9
15624,2026-02-19,C0379,En ligne,Accessoires,Sac banane,Unique,1,34.9,0,34.9
15624,2026-02-19,C0379,En ligne,Accessoires,Sac banane,Unique,1,34.9,0,34.9
15625,2026-02-19,C0064,En ligne,Chaussures,Sneakers running,43,1,99.9,0,99.9
15626,2026-02-19,C0068,En ligne,Pantalons,Pantalon cargo,M,1,49.9,0,49.9
15626,2026-02-19,C0068,En ligne,Pulls & sweats,Pull en laine,S,2,59.9,0,119.8
15627,2026-02-19,C0053,Boutique,Pulls & sweats,Pull en laine,L,1,59.9,0,59.9
15628,2026-02-19,C0895,En ligne,Vestes,Doudoune,S,1,119.9,0,119.9
15628,2026-02-19,C0895,En ligne,Pantalons,Jean droit,L,1,59.9,0,59.9
15628,2026-02-19,C0895,En ligne,Vestes,Veste en jean,S,1,79.9,0,79.9
15629,2026-02-19,C0177,En ligne,Vestes,Doudoune,L,1,119.9,0,119.9
15629,2026-02-19,C0177,En ligne,Vestes,Doudoune,M,1,119.9,0,119.9
15629,2026-02-19,C0177,En ligne,Pantalons,Pantalon cargo,M,2,49.9,0,99.8
15630,2026-02-19,C0515,Boutique,Pulls & sweats,Pull en laine,L,1,59.9,0,59.9
15631,2026-02-19,C0063,En ligne,Pulls & sweats,Pull en laine,XL,1,59.9,0,59.9
15631,2026-02-19,C0063,En ligne,Pulls & sweats,Sweat à capuche,S,1,49.9,0,49.9
15632,2026-02-19,C0559,En ligne,Vestes,Veste en jean,M,1,79.9,0,79.9
15632,2026-02-19,C0559,En ligne,Pulls & sweats,Sweat col rond,L,1,39.9,0,39.9
15632,2026-02-19,C0559,En ligne,Accessoires,Écharpe,Unique,1,24.9,0,24.9
15633,2026-02-19,C0022,En ligne,Pulls & sweats,Sweat col rond,L,1,39.9,0,39.9
15633,2026-02-19,C0022,En ligne,Accessoires,Bonnet,Unique,1,17.9,0,17.9
15633,2026-02-19,C0022,En ligne,Pantalons,Jean droit,L,1,59.9,0,59.9
15634,2026-02-19,C0795,Boutique,Accessoires,Casquette,Unique,1,19.9,0,19.9
15634,2026-02-19,C0795,Boutique,Pantalons,Jogging,L,1,34.9,0,34.9
15635,2026-02-19,C0660,En ligne,Accessoires,Casquette,Unique,1,19.9,0,19.9
15636,2026-02-19,C0493,Boutique,Pantalons,Pantalon cargo,XS,1,49.9,0,49.9
15637,2026-02-20,C0285,En ligne,Pantalons,Jean droit,M,1,59.9,0,59.9
15638,2026-02-20,C0639,Boutique,Accessoires,Sac banane,Unique,1,34.9,0,34.9
15639,2026-02-20,C0016,Boutique,Pulls & sweats,Sweat col rond,M,1,39.9,0,39.9
15640,2026-02-20,C0002,En ligne,Accessoires,Bonnet,Unique,2,17.9,0,35.8
15640,2026-02-20,C0002,En ligne,Pantalons,Jean slim,S,1,54.9,0,54.9
15640,2026-02-20,C0002,En ligne,Accessoires,Ceinture,Unique,1,29.9,0,29.9
15641,2026-02-20,C0102,En ligne,Pantalons,Jean slim,XL,1,54.9,0,54.9
15642,2026-02-20,C0565,En ligne,Accessoires,Bonnet,Unique,1,17.9,0,17.9
15643,2026-02-20,C0053,En ligne,Chaussures,Baskets blanches,44,1,89.9,0,89.9
15643,2026-02-20,C0053,En ligne,Pantalons,Pantalon cargo,M,1,49.9,0,49.9
15644,2026-02-20,C0790,Boutique,Pulls & sweats,Sweat à capuche,M,1,49.9,0,49.9
15644,2026-02-20,C0790,Boutique,Pulls & sweats,Sweat col rond,L,1,39.9,0,39.9
15645,2026-02-20,C0108,Boutique,Pantalons,Jean droit,L,1,59.9,0,59.9
15646,2026-02-20,C0120,Boutique,Pantalons,Jean droit,S,1,59.9,0,59.9
15647,2026-02-20,C0602,Boutique,Vestes,Doudoune,S,1,119.9,0,119.9
15648,2026-02-20,C0736,En ligne,Pulls & sweats,Pull en laine,M,1,59.9,0,59.9
15648,2026-02-20,C0736,En ligne,Accessoires,Casquette,Unique,1,19.9,0,19.9
15648,2026-02-20,C0736,En ligne,T-shirts,T-shirt basique,S,2,19.9,0,39.8
15649,2026-02-21,C0345,Boutique,Accessoires,Casquette,Unique,2,19.9,0,39.8
15649,2026-02-21,C0345,Boutique,Accessoires,Écharpe,Unique,1,24.9,0,24.9
15649,2026-02-21,C0345,Boutique,T-shirts,T-shirt oversize,XL,1,29.9,0,29.9
15650,2026-02-21,C0002,Boutique,Vestes,Doudoune,M,1,119.9,0,119.9
15651,2026-02-21,C0727,En ligne,Pantalons,Jogging,XL,1,34.9,0,34.9
15652,2026-02-21,C0386,En ligne,Pantalons,Jean slim,S,1,54.9,0,54.9
15653,2026-02-21,C0030,En ligne,Accessoires,Écharpe,Unique,1,24.9,0,24.9
15654,2026-02-21,C0456,En ligne,Accessoires,Sac banane,Unique,1,34.9,0,34.9
15655,2026-02-21,C0001,En ligne,Pulls & sweats,Sweat à capuche,XL,1,49.9,0,49.9
15656,2026-02-21,C0413,Boutique,Accessoires,Bonnet,Unique,1,17.9,0,17.9
15657,2026-02-21,C0711,En ligne,Vestes,Coupe-vent,L,1,64.9,0,64.9
15658,2026-02-21,C0068,En ligne,Accessoires,Bonnet,Unique,1,17.9,0,17.9
15659,2026-02-21,C0859,Boutique,Chaussures,Baskets blanches,42,1,89.9,0,89.9
15659,2026-02-21,C0859,Boutique,Accessoires,Ceinture,Unique,1,29.9,0,29.9
15660,2026-02-21,C0082,Boutique,Pulls & sweats,Sweat à capuche,L,1,49.9,0,49.9
15660,2026-02-21,C0082,Boutique,Chaussures,Baskets blanches,39,1,89.9,0,89.9
15661,2026-02-21,C0112,En ligne,Accessoires,Ceinture,Unique,1,29.9,0,29.9
15661,2026-02-21,C0112,En ligne,Accessoires,Bonnet,Unique,1,17.9,0,17.9
15661,2026-02-21,C0112,En ligne,T-shirts,T-shirt oversize,M,1,29.9,0,29.9
15662,2026-02-21,C0831,Boutique,T-shirts,T-shirt oversize,M,1,29.9,0,29.9
15663,2026-02-23,C0099,Boutique,Accessoires,Bonnet,Unique,1,17.9,0,17.9
15664,2026-02-23,C0044,Boutique,Pulls & sweats,Sweat col rond,XL,1,39.9,0,39.9
15665,2026-02-23,C0420,Boutique,Pantalons,Jogging,M,1,34.9,0,34.9
15665,2026-02-23,C0420,Boutique,Pulls & sweats,Sweat col rond,M,1,39.9,0,39.9
15666,2026-02-23,C0073,En ligne,Chaussures,Baskets blanches,41,2,89.9,0,179.8
15667,2026-02-23,C0031,En ligne,Chaussures,Baskets blanches,42,2,89.9,0,179.8
15668,2026-02-23,C0066,En ligne,Vestes,Doudoune,S,1,119.9,0,119.9
15668,2026-02-23,C0066,En ligne,Pulls & sweats,Sweat col rond,S,1,39.9,0,39.9
15669,2026-02-23,C0297,En ligne,Chaussures,Bottines,43,1,109.9,0,109.9
15669,2026-02-23,C0297,En ligne,Pantalons,Jogging,L,1,34.9,0,34.9
15670,2026-02-24,C0309,Boutique,Pulls & sweats,Sweat à capuche,M,1,49.9,0,49.9
15671,2026-02-24,C0601,En ligne,Chaussures,Bottines,40,1,109.9,0,109.9
15672,2026-02-24,C0088,En ligne,Pulls & sweats,Pull en laine,L,1,59.9,0,59.9
15672,2026-02-24,C0088,En ligne,Pulls & sweats,Sweat à capuche,M,1,49.9,0,49.9
15672,2026-02-24,C0088,En ligne,Pulls & sweats,Pull en laine,XL,1,59.9,0,59.9
15673,2026-02-24,C0344,Boutique,Accessoires,Ceinture,Unique,1,29.9,0,29.9
15673,2026-02-24,C0344,Boutique,Accessoires,Ceinture,Unique,1,29.9,0,29.9
15674,2026-02-24,C0882,Boutique,Vestes,Coupe-vent,XS,1,64.9,0,64.9
15675,2026-02-24,C0627,Boutique,Vestes,Doudoune,M,1,119.9,0,119.9
15676,2026-02-24,C0218,Boutique,T-shirts,T-shirt oversize,M,1,29.9,0,29.9
15676,2026-02-24,C0218,Boutique,Pulls & sweats,Sweat à capuche,L,1,49.9,0,49.9
15677,2026-02-24,C0523,Boutique,Accessoires,Écharpe,Unique,1,24.9,0,24.9
15678,2026-02-24,C0065,En ligne,Pulls & sweats,Sweat à capuche,M,1,49.9,0,49.9
15678,2026-02-24,C0065,En ligne,Pulls & sweats,Sweat à capuche,S,1,49.9,0,49.9
15679,2026-02-24,C0065,En ligne,Vestes,Doudoune,XL,1,119.9,0,119.9
15679,2026-02-24,C0065,En ligne,Chaussures,Bottines,44,2,109.9,0,219.8
15680,2026-02-24,C0733,En ligne,Pantalons,Jean slim,M,2,54.9,0,109.8
15681,2026-02-24,C0420,Boutique,T-shirts,T-shirt imprimé,M,1,24.9,0,24.9
15681,2026-02-24,C0420,Boutique,Pulls & sweats,Sweat à capuche,S,1,49.9,0,49.9
15681,2026-02-24,C0420,Boutique,Chaussures,Baskets blanches,41,1,89.9,0,89.9
15682,2026-02-24,C0043,Boutique,Chaussures,Baskets blanches,43,1,89.9,0,89.9
15683,2026-02-25,C0515,En ligne,T-shirts,T-shirt basique,XL,2,19.9,0,39.8
15684,2026-02-25,C0071,Boutique,Pulls & sweats,Sweat col rond,L,1,39.9,0,39.9
15684,2026-02-25,C0071,Boutique,Pulls & sweats,Sweat col rond,L,1,39.9,0,39.9
15685,2026-02-25,C0899,En ligne,Pantalons,Jogging,L,1,34.9,0,34.9
15686,2026-02-25,C0414,Boutique,Vestes,Coupe-vent,L,1,64.9,0,64.9
15687,2026-02-25,C0062,Boutique,T-shirts,T-shirt oversize,S,1,29.9,0,29.9
15688,2026-02-25,C0301,Boutique,Pantalons,Pantalon cargo,L,1,49.9,0,49.9
15689,2026-02-25,C0028,En ligne,T-shirts,T-shirt basique,S,1,19.9,0,19.9
15689,2026-02-25,C0028,En ligne,Accessoires,Ceinture,Unique,1,29.9,0,29.9
15689,2026-02-25,C0028,En ligne,Pantalons,Jean droit,M,1,59.9,0,59.9
15690,2026-02-25,C0446,En ligne,Vestes,Veste en jean,S,1,79.9,0,79.9
15691,2026-02-25,C0094,En ligne,Accessoires,Ceinture,Unique,1,29.9,0,29.9
15691,2026-02-25,C0094,En ligne,Accessoires,Écharpe,Unique,1,24.9,0,24.9
15692,2026-02-25,C0167,En ligne,Accessoires,Sac banane,Unique,1,34.9,0,34.9
15692,2026-02-25,C0167,En ligne,Accessoires,Écharpe,Unique,1,24.9,0,24.9
15693,2026-02-25,C0106,Boutique,Pantalons,Pantalon cargo,L,2,49.9,0,99.8
15694,2026-02-25,C0056,Boutique,Vestes,Veste en jean,M,1,79.9,0,79.9
15695,2026-02-25,C0594,En ligne,Vestes,Coupe-vent,L,1,64.9,0,64.9
15695,2026-02-25,C0594,En ligne,Accessoires,Sac banane,Unique,1,34.9,0,34.9
15696,2026-02-25,C0004,En ligne,Accessoires,Bonnet,Unique,1,17.9,0,17.9
15696,2026-02-25,C0004,En ligne,Pulls & sweats,Pull en laine,XS,1,59.9,0,59.9
15697,2026-02-25,C0028,Boutique,Accessoires,Casquette,Unique,1,19.9,0,19.9
15698,2026-02-25,C0240,Boutique,Vestes,Veste en jean,L,2,79.9,0,159.8
15699,2026-02-25,C0047,Boutique,Accessoires,Écharpe,Unique,1,24.9,0,24.9
15699,2026-02-25,C0047,Boutique,Chaussures,Bottines,39,1,109.9,0,109.9
15700,2026-02-25,C0454,Boutique,Vestes,Veste en jean,M,1,79.9,0,79.9
15700,2026-02-25,C0454,Boutique,Accessoires,Casquette,Unique,2,19.9,0,39.8
15700,2026-02-25,C0454,Boutique,Pantalons,Jean slim,L,2,54.9,0,109.8
15701,2026-02-26,C0046,Boutique,Accessoires,Sac banane,Unique,1,34.9,0,34.9
15702,2026-02-26,C0649,En ligne,Pulls & sweats,Sweat à capuche,L,1,49.9,0,49.9
15703,2026-02-26,C0803,Boutique,Vestes,Veste en jean,XS,1,79.9,0,79.9
15704,2026-02-26,C0411,Boutique,Pulls & sweats,Sweat à capuche,S,2,49.9,0,99.8
15704,2026-02-26,C0411,Boutique,Vestes,Coupe-vent,XS,1,64.9,0,64.9
15705,2026-02-26,C0289,Boutique,Pantalons,Jogging,S,1,34.9,0,34.9
15706,2026-02-26,C0709,Boutique,Pantalons,Jean slim,XL,1,54.9,0,54.9
15707,2026-02-26,C0830,Boutique,Accessoires,Écharpe,Unique,1,24.9,0,24.9
15707,2026-02-26,C0830,Boutique,Accessoires,Ceinture,Unique,1,29.9,0,29.9
15708,2026-02-26,C0285,En ligne,Accessoires,Écharpe,Unique,2,24.9,0,49.8
15709,2026-02-26,C0782,Boutique,Accessoires,Bonnet,Unique,1,17.9,0,17.9
15710,2026-02-26,C0038,En ligne,Accessoires,Casquette,Unique,1,19.9,0,19.9
15711,2026-02-26,C0531,En ligne,Accessoires,Bonnet,Unique,1,17.9,0,17.9
15711,2026-02-26,C0531,En ligne,Accessoires,Casquette,Unique,1,19.9,0,19.9
15712,2026-02-27,C0053,Boutique,Chaussures,Baskets blanches,39,1,89.9,0,89.9
15713,2026-02-27,C0011,En ligne,Accessoires,Sac banane,Unique,1,34.9,0,34.9
15713,2026-02-27,C0011,En ligne,Chaussures,Bottines,39,1,109.9,0,109.9
15714,2026-02-27,C0007,En ligne,T-shirts,T-shirt basique,L,1,19.9,0,19.9
15714,2026-02-27,C0007,En ligne,Pantalons,Jean slim,L,2,54.9,0,109.8
15715,2026-02-27,C0099,Boutique,Pulls & sweats,Sweat à capuche,M,1,49.9,0,49.9
15715,2026-02-27,C0099,Boutique,Pulls & sweats,Sweat à capuche,M,1,49.9,0,49.9
15716,2026-02-27,C0158,En ligne,Chaussures,Sneakers running,44,2,99.9,0,199.8
15716,2026-02-27,C0158,En ligne,Pantalons,Jean droit,L,1,59.9,0,59.9
15717,2026-02-27,C0035,Boutique,Pulls & sweats,Pull en laine,L,1,59.9,0,59.9
15718,2026-02-27,C0063,Boutique,Accessoires,Écharpe,Unique,1,24.9,0,24.9
15719,2026-02-27,C0409,Boutique,Pulls & sweats,Sweat à capuche,L,1,49.9,0,49.9
15719,2026-02-27,C0409,Boutique,Vestes,Doudoune,L,1,119.9,0,119.9
15720,2026-02-28,C0015,Boutique,Pantalons,Jean slim,M,1,54.9,0,54.9
15721,2026-02-28,C0214,Boutique,Chaussures,Bottines,42,1,109.9,0,109.9
15722,2026-02-28,C0896,Boutique,Vestes,Coupe-vent,S,1,64.9,0,64.9
15723,2026-02-28,C0330,En ligne,Pantalons,Jean droit,S,1,59.9,0,59.9
15723,2026-02-28,C0330,En ligne,Accessoires,Bonnet,Unique,1,17.9,0,17.9
15724,2026-02-28,C0089,En ligne,Accessoires,Écharpe,Unique,1,24.9,0,24.9
15725,2026-02-28,C0088,Boutique,Accessoires,Ceinture,Unique,1,29.9,0,29.9
15725,2026-02-28,C0088,Boutique,Pulls & sweats,Pull en laine,M,1,59.9,0,59.9
15726,2026-02-28,C0649,Boutique,Vestes,Veste en jean,M,1,79.9,0,79.9
15727,2026-02-28,C0133,En ligne,T-shirts,T-shirt oversize,L,1,29.9,0,29.9
15728,2026-02-28,C0061,Boutique,Pantalons,Jean droit,M,1,59.9,0,59.9
15729,2026-02-28,C0208,En ligne,Pulls & sweats,Sweat à capuche,M,1,49.9,0,49.9
15730,2026-02-28,C0080,En ligne,Pulls & sweats,Sweat col rond,L,1,39.9,0,39.9
15730,2026-02-28,C0080,En ligne,Accessoires,Bonnet,Unique,1,17.9,0,17.9
15731,2026-02-28,C0231,En ligne,T-shirts,T-shirt imprimé,M,1,24.9,0,24.9
15732,2026-02-28,C0660,Boutique,Vestes,Coupe-vent,M,1,64.9,0,64.9
15733,2026-02-28,C0687,En ligne,Pulls & sweats,Sweat à capuche,L,1,49.9,0,49.9
15733,2026-02-28,C0687,En ligne,Pantalons,Jogging,M,1,34.9,0,34.9
15734,2026-02-28,C0047,Boutique,Pantalons,Jean droit,XL,1,59.9,0,59.9
15735,2026-02-28,C0083,En ligne,Chaussures,Sneakers running,40,2,99.9,0,199.8
15735,2026-02-28,C0083,En ligne,T-shirts,T-shirt imprimé,M,1,24.9,0,24.9
15735,2026-02-28,C0083,En ligne,Pulls & sweats,Pull en laine,M,1,59.9,0,59.9
15736,2026-02-28,C0895,En ligne,Vestes,Coupe-vent,XL,1,64.9,0,64.9
15737,2026-02-28,C0791,En ligne,Chaussures,Sneakers running,42,1,99.9,0,99.9
15737,2026-02-28,C0791,En ligne,Pulls & sweats,Sweat à capuche,M,1,49.9,0,49.9
15737,2026-02-28,C0791,En ligne,Accessoires,Casquette,Unique,1,19.9,0,19.9
15738,2026-03-02,C0029,En ligne,Accessoires,Casquette,Unique,1,19.9,0,19.9
15739,2026-03-02,C0083,Boutique,Vestes,Veste en jean,XL,1,79.9,0,79.9
15740,2026-03-02,C0391,Boutique,Pantalons,Jogging,XL,2,34.9,0,69.8
15741,2026-03-02,C0753,En ligne,Pulls & sweats,Pull en laine,M,2,59.9,0,119.8
15741,2026-03-02,C0753,En ligne,Pantalons,Jean slim,M,1,54.9,0,54.9
15742,2026-03-02,C0767,Boutique,Accessoires,Casquette,Unique,1,19.9,0,19.9
15742,2026-03-02,C0767,Boutique,Vestes,Veste en jean,M,1,79.9,0,79.9
15742,2026-03-02,C0767,Boutique,Chaussures,Sneakers running,44,1,99.9,0,99.9
15743,2026-03-02,C0123,En ligne,T-shirts,T-shirt oversize,S,1,29.9,0,29.9
15743,2026-03-02,C0123,En ligne,Pantalons,Pantalon cargo,S,1,49.9,0,49.9
15744,2026-03-02,C0059,En ligne,Pantalons,Jean droit,M,2,59.9,0,119.8
15745,2026-03-02,C0061,Boutique,Accessoires,Casquette,Unique,1,19.9,0,19.9
15745,2026-03-02,C0061,Boutique,Pulls & sweats,Pull en laine,M,1,59.9,0,59.9
15746,2026-03-02,C0302,Boutique,T-shirts,T-shirt imprimé,M,1,24.9,0,24.9
15747,2026-03-03,C0810,Boutique,Accessoires,Ceinture,Unique,2,29.9,0,59.8
15747,2026-03-03,C0810,Boutique,Chaussures,Bottines,43,1,109.9,0,109.9
15747,2026-03-03,C0810,Boutique,Accessoires,Sac banane,Unique,1,34.9,0,34.9
15748,2026-03-03,C0022,Boutique,Vestes,Doudoune,L,1,119.9,0,119.9
15748,2026-03-03,C0022,Boutique,T-shirts,T-shirt basique,S,1,19.9,0,19.9
15748,2026-03-03,C0022,Boutique,T-shirts,T-shirt oversize,XL,1,29.9,0,29.9
15749,2026-03-03,C0724,En ligne,Accessoires,Bonnet,Unique,1,17.9,0,17.9
15749,2026-03-03,C0724,En ligne,T-shirts,T-shirt basique,L,1,19.9,0,19.9
15750,2026-03-03,C0097,En ligne,Accessoires,Bonnet,Unique,1,17.9,0,17.9
15751,2026-03-03,C0020,Boutique,Accessoires,Casquette,Unique,1,19.9,0,19.9
15752,2026-03-03,C0116,Boutique,Accessoires,Sac banane,Unique,1,34.9,0,34.9
15752,2026-03-03,C0116,Boutique,Vestes,Veste en jean,M,1,79.9,0,79.9
15753,2026-03-03,C0474,En ligne,Vestes,Doudoune,M,2,119.9,0,239.8
15753,2026-03-03,C0474,En ligne,T-shirts,T-shirt oversize,M,1,29.9,0,29.9
15754,2026-03-03,C0718,Boutique,Pantalons,Jean slim,M,1,54.9,0,54.9
15754,2026-03-03,C0718,Boutique,T-shirts,T-shirt imprimé,M,1,24.9,0,24.9
15755,2026-03-03,C0042,Boutique,Accessoires,Sac banane,Unique,1,34.9,0,34.9
15756,2026-03-03,C0264,Boutique,Pantalons,Jogging,XL,1,34.9,0,34.9
15757,2026-03-03,C0868,Boutique,Accessoires,Sac banane,Unique,1,34.9,0,34.9
15758,2026-03-03,C0084,En ligne,Chaussures,Bottines,40,1,109.9,0,109.9
15759,2026-03-04,C0114,Boutique,T-shirts,T-shirt oversize,M,1,29.9,0,29.9
15760,2026-03-04,C0065,En ligne,T-shirts,T-shirt basique,M,1,19.9,0,19.9
15760,2026-03-04,C0065,En ligne,Accessoires,Bonnet,Unique,1,17.9,0,17.9
15761,2026-03-04,C0382,En ligne,Accessoires,Bonnet,Unique,1,17.9,0,17.9
15761,2026-03-04,C0382,En ligne,Accessoires,Bonnet,Unique,1,17.9,0,17.9
15762,2026-03-04,C0718,En ligne,Chaussures,Bottines,40,2,109.9,0,219.8
15763,2026-03-04,C0428,Boutique,Accessoires,Ceinture,Unique,1,29.9,0,29.9
15763,2026-03-04,C0428,Boutique,Pantalons,Jean slim,M,1,54.9,0,54.9
15764,2026-03-04,C0004,En ligne,Pulls & sweats,Pull en laine,M,2,59.9,0,119.8
15764,2026-03-04,C0004,En ligne,Accessoires,Écharpe,Unique,2,24.9,0,49.8
15765,2026-03-04,C0629,En ligne,Pulls & sweats,Sweat col rond,M,1,39.9,0,39.9
15766,2026-03-04,C0517,Boutique,Pulls & sweats,Pull en laine,M,1,59.9,0,59.9
15767,2026-03-04,C0782,Boutique,Pantalons,Jean slim,L,1,54.9,0,54.9
15767,2026-03-04,C0782,Boutique,Vestes,Coupe-vent,S,2,64.9,0,129.8
15768,2026-03-04,C0005,Boutique,Pantalons,Jean slim,M,2,54.9,0,109.8
15768,2026-03-04,C0005,Boutique,Accessoires,Ceinture,Unique,1,29.9,0,29.9
15769,2026-03-04,C0073,Boutique,Chaussures,Baskets blanches,40,2,89.9,0,179.8
15770,2026-03-04,C0094,Boutique,Pulls & sweats,Sweat col rond,M,1,39.9,0,39.9
15770,2026-03-04,C0094,Boutique,Accessoires,Écharpe,Unique,2,24.9,0,49.8
15771,2026-03-04,C0089,En ligne,Chaussures,Bottines,42,2,109.9,0,219.8
15771,2026-03-04,C0089,En ligne,Pantalons,Jogging,L,1,34.9,0,34.9
15771,2026-03-04,C0089,En ligne,Pulls & sweats,Pull en laine,L,1,59.9,0,59.9
15772,2026-03-04,C0836,En ligne,Pantalons,Jogging,M,1,34.9,0,34.9
15773,2026-03-04,C0764,En ligne,Chaussures,Bottines,42,1,109.9,0,109.9
15773,2026-03-04,C0764,En ligne,Pantalons,Jean droit,M,1,59.9,0,59.9
15774,2026-03-04,C0135,En ligne,Accessoires,Bonnet,Unique,2,17.9,0,35.8
15774,2026-03-04,C0135,En ligne,Pantalons,Jogging,M,1,34.9,0,34.9
15775,2026-03-04,C0010,En ligne,T-shirts,T-shirt imprimé,L,1,24.9,0,24.9
15776,2026-03-04,C0807,Boutique,Pantalons,Jean slim,XL,1,54.9,0,54.9
15777,2026-03-04,C0091,En ligne,T-shirts,T-shirt basique,M,1,19.9,0,19.9
15777,2026-03-04,C0091,En ligne,Accessoires,Sac banane,Unique,2,34.9,0,69.8
15778,2026-03-05,C0070,En ligne,Pulls & sweats,Sweat col rond,L,2,39.9,0,79.8
15778,2026-03-05,C0070,En ligne,Pulls & sweats,Sweat col rond,XS,1,39.9,0,39.9
15778,2026-03-05,C0070,En ligne,Pulls & sweats,Sweat à capuche,XS,1,49.9,0,49.9
15779,2026-03-05,C0098,Boutique,Pantalons,Jogging,M,1,34.9,0,34.9
15780,2026-03-05,C0478,Boutique,Accessoires,Ceinture,Unique,1,29.9,0,29.9
15781,2026-03-05,C0052,Boutique,Accessoires,Écharpe,Unique,1,24.9,0,24.9
15782,2026-03-05,C0699,Boutique,Pantalons,Pantalon cargo,S,1,49.9,0,49.9
15782,2026-03-05,C0699,Boutique,Vestes,Veste en jean,M,1,79.9,0,79.9
15783,2026-03-05,C0103,Boutique,T-shirts,T-shirt basique,L,1,19.9,0,19.9
15783,2026-03-05,C0103,Boutique,Pulls & sweats,Sweat col rond,M,1,39.9,0,39.9
15784,2026-03-05,C0345,En ligne,T-shirts,T-shirt imprimé,L,1,24.9,0,24.9
15785,2026-03-05,C0104,Boutique,Chaussures,Baskets blanches,39,2,89.9,0,179.8
15785,2026-03-05,C0104,Boutique,T-shirts,T-shirt imprimé,S,1,24.9,0,24.9
15786,2026-03-05,C0834,Boutique,T-shirts,T-shirt imprimé,L,1,24.9,0,24.9
15786,2026-03-05,C0834,Boutique,Chaussures,Baskets blanches,40,1,89.9,0,89.9
15787,2026-03-05,C0032,Boutique,Chaussures,Baskets blanches,40,2,89.9,0,179.8
15787,2026-03-05,C0032,Boutique,Pulls & sweats,Pull en laine,M,1,59.9,0,59.9
15788,2026-03-05,C0041,Boutique,T-shirts,T-shirt oversize,S,1,29.9,0,29.9
15789,2026-03-05,C0055,Boutique,Pulls & sweats,Pull en laine,M,1,59.9,0,59.9
15790,2026-03-06,C0002,Boutique,T-shirts,T-shirt basique,M,1,19.9,0,19.9
15791,2026-03-06,C0097,Boutique,T-shirts,T-shirt oversize,L,1,29.9,0,29.9
15791,2026-03-06,C0097,Boutique,T-shirts,T-shirt basique,S,1,19.9,0,19.9
15791,2026-03-06,C0097,Boutique,Vestes,Coupe-vent,M,1,64.9,0,64.9
15792,2026-03-06,C0223,En ligne,Chaussures,Bottines,39,1,109.9,0,109.9
15793,2026-03-06,C0187,Boutique,Vestes,Veste en jean,L,1,79.9,0,79.9
15793,2026-03-06,C0187,Boutique,Pulls & sweats,Sweat col rond,M,1,39.9,0,39.9
15793,2026-03-06,C0187,Boutique,Accessoires,Écharpe,Unique,1,24.9,0,24.9
15794,2026-03-06,C0551,En ligne,Pantalons,Jean droit,M,1,59.9,0,59.9
15795,2026-03-06,C0066,En ligne,Pulls & sweats,Sweat col rond,S,1,39.9,0,39.9
15796,2026-03-06,C0554,Boutique,Pulls & sweats,Sweat à capuche,L,1,49.9,0,49.9
15797,2026-03-06,C0270,En ligne,T-shirts,T-shirt imprimé,S,1,24.9,0,24.9
15797,2026-03-06,C0270,En ligne,T-shirts,T-shirt basique,XS,2,19.9,0,39.8
15798,2026-03-06,C0270,En ligne,Vestes,Veste en jean,M,1,79.9,0,79.9
15799,2026-03-06,C0099,En ligne,Pantalons,Jogging,M,1,34.9,0,34.9
15800,2026-03-06,C0200,Boutique,Chaussures,Sneakers running,39,2,99.9,0,199.8
15801,2026-03-06,C0430,Boutique,Pantalons,Jean slim,M,1,54.9,0,54.9
15802,2026-03-06,C0520,Boutique,Pulls & sweats,Pull en laine,S,1,59.9,0,59.9
15803,2026-03-06,C0464,Boutique,Pulls & sweats,Pull en laine,M,1,59.9,0,59.9
15803,2026-03-06,C0464,Boutique,Chaussures,Baskets blanches,43,1,89.9,0,89.9
15804,2026-03-06,C0814,En ligne,Chaussures,Sneakers running,43,1,99.9,0,99.9
15805,2026-03-06,C0883,Boutique,Chaussures,Baskets blanches,44,2,89.9,0,179.8
15805,2026-03-06,C0883,Boutique,Pulls & sweats,Sweat à capuche,XS,2,49.9,0,99.8
15806,2026-03-06,C0437,En ligne,T-shirts,T-shirt basique,M,2,19.9,0,39.8
15807,2026-03-06,C0393,En ligne,Chaussures,Sneakers running,43,1,99.9,0,99.9
15808,2026-03-07,C0828,Boutique,Pantalons,Pantalon cargo,L,1,49.9,0,49.9
15809,2026-03-07,C0780,Boutique,Accessoires,Casquette,Unique,1,19.9,0,19.9
15809,2026-03-07,C0780,Boutique,Chaussures,Sneakers running,40,1,99.9,0,99.9
15809,2026-03-07,C0780,Boutique,Accessoires,Bonnet,Unique,1,17.9,0,17.9
15810,2026-03-07,C0106,Boutique,T-shirts,T-shirt basique,S,1,19.9,0,19.9
15811,2026-03-07,C0667,En ligne,Pantalons,Jean droit,XL,1,59.9,0,59.9
15811,2026-03-07,C0667,En ligne,Vestes,Coupe-vent,XL,1,64.9,0,64.9
15812,2026-03-07,C0056,En ligne,Vestes,Coupe-vent,XS,1,64.9,0,64.9
15813,2026-03-07,C0020,Boutique,T-shirts,T-shirt basique,S,1,19.9,0,19.9
15813,2026-03-07,C0020,Boutique,Pantalons,Jogging,M,1,34.9,0,34.9
15813,2026-03-07,C0020,Boutique,T-shirts,T-shirt oversize,M,1,29.9,0,29.9
15814,2026-03-07,C0089,Boutique,Accessoires,Ceinture,Unique,2,29.9,0,59.8
15814,2026-03-07,C0089,Boutique,T-shirts,T-shirt imprimé,L,1,24.9,0,24.9
15815,2026-03-07,C0019,Boutique,Pulls & sweats,Sweat à capuche,L,1,49.9,0,49.9
15815,2026-03-07,C0019,Boutique,T-shirts,T-shirt oversize,XL,1,29.9,0,29.9
15816,2026-03-07,C0059,En ligne,Accessoires,Ceinture,Unique,1,29.9,0,29.9
15817,2026-03-07,C0886,En ligne,T-shirts,T-shirt basique,M,1,19.9,0,19.9
15818,2026-03-07,C0218,Boutique,Chaussures,Bottines,39,2,109.9,0,219.8
15819,2026-03-07,C0060,Boutique,Pulls & sweats,Sweat à capuche,S,1,49.9,0,49.9
15819,2026-03-07,C0060,Boutique,Pantalons,Jogging,S,1,34.9,0,34.9
15819,2026-03-07,C0060,Boutique,Chaussures,Baskets blanches,40,1,89.9,0,89.9
15820,2026-03-07,C0017,Boutique,Accessoires,Bonnet,Unique,1,17.9,0,17.9
15821,2026-03-07,C0178,En ligne,T-shirts,T-shirt basique,XL,1,19.9,0,19.9
15822,2026-03-07,C0045,En ligne,Pulls & sweats,Sweat col rond,L,1,39.9,0,39.9
15823,2026-03-07,C0592,Boutique,T-shirts,T-shirt oversize,XL,1,29.9,0,29.9
15823,2026-03-07,C0592,Boutique,T-shirts,T-shirt oversize,M,1,29.9,0,29.9
15823,2026-03-07,C0592,Boutique,T-shirts,T-shirt oversize,L,1,29.9,0,29.9
15824,2026-03-07,C0424,En ligne,Accessoires,Casquette,Unique,1,19.9,0,19.9
15825,2026-03-07,C0077,Boutique,T-shirts,T-shirt oversize,M,1,29.9,0,29.9
15826,2026-03-07,C0025,Boutique,Pulls & sweats,Sweat à capuche,M,1,49.9,0,49.9
15827,2026-03-07,C0073,Boutique,Accessoires,Sac banane,Unique,2,34.9,0,69.8
15828,2026-03-07,C0370,Boutique,T-shirts,T-shirt imprimé,XL,1,24.9,0,24.9
15829,2026-03-07,C0005,Boutique,Pantalons,Jogging,M,1,34.9,0,34.9
15830,2026-03-07,C0096,Boutique,Pulls & sweats,Sweat à capuche,XL,1,49.9,0,49.9
15831,2026-03-07,C0113,En ligne,Pantalons,Jogging,S,1,34.9,0,34.9
15832,2026-03-07,C0539,En ligne,Pulls & sweats,Pull en laine,M,1,59.9,0,59.9
15833,2026-03-07,C0722,Boutique,T-shirts,T-shirt oversize,L,1,29.9,0,29.9
15833,2026-03-07,C0722,Boutique,Pulls & sweats,Pull en laine,S,1,59.9,0,59.9
15834,2026-03-09,C0510,En ligne,Vestes,Coupe-vent,L,2,64.9,0,129.8
15834,2026-03-09,C0510,En ligne,Chaussures,Baskets blanches,39,1,89.9,0,89.9
15835,2026-03-09,C0258,Boutique,T-shirts,T-shirt basique,M,1,19.9,0,19.9
15835,2026-03-09,C0258,Boutique,Accessoires,Bonnet,Unique,2,17.9,0,35.8
15836,2026-03-09,C0590,Boutique,Pulls & sweats,Pull en laine,L,2,59.9,0,119.8
15836,2026-03-09,C0590,Boutique,T-shirts,T-shirt imprimé,XS,1,24.9,0,24.9
15837,2026-03-09,C0715,En ligne,Pantalons,Jogging,XL,2,34.9,0,69.8
15837,2026-03-09,C0715,En ligne,Pulls & sweats,Sweat à capuche,M,1,49.9,0,49.9
15837,2026-03-09,C0715,En ligne,Chaussures,Baskets blanches,40,1,89.9,0,89.9
15838,2026-03-09,C0405,Boutique,T-shirts,T-shirt basique,L,1,19.9,0,19.9
15839,2026-03-09,C0027,Boutique,Chaussures,Baskets blanches,40,2,89.9,0,179.8
15839,2026-03-09,C0027,Boutique,Accessoires,Casquette,Unique,1,19.9,0,19.9
15839,2026-03-09,C0027,Boutique,Accessoires,Écharpe,Unique,1,24.9,0,24.9
15840,2026-03-09,C0100,Boutique,T-shirts,T-shirt oversize,L,2,29.9,0,59.8
15841,2026-03-09,C0088,Boutique,T-shirts,T-shirt oversize,L,1,29.9,0,29.9
15841,2026-03-09,C0088,Boutique,Accessoires,Casquette,Unique,1,19.9,0,19.9
15842,2026-03-09,C0097,En ligne,Pulls & sweats,Sweat à capuche,XS,1,49.9,0,49.9
15843,2026-03-09,C0822,En ligne,Chaussures,Bottines,39,1,109.9,0,109.9
15844,2026-03-09,C0493,Boutique,Pulls & sweats,Sweat col rond,M,1,39.9,0,39.9
15845,2026-03-09,C0160,En ligne,Pantalons,Jogging,M,1,34.9,0,34.9
15846,2026-03-09,C0056,Boutique,Pulls & sweats,Sweat à capuche,M,1,49.9,0,49.9
15846,2026-03-09,C0056,Boutique,Pulls & sweats,Sweat à capuche,S,1,49.9,0,49.9
15847,2026-03-09,C0091,Boutique,Vestes,Doudoune,L,2,119.9,0,239.8
15848,2026-03-09,C0055,En ligne,Accessoires,Bonnet,Unique,1,17.9,0,17.9
15848,2026-03-09,C0055,En ligne,Accessoires,Écharpe,Unique,1,24.9,0,24.9
15849,2026-03-09,C0706,En ligne,Chaussures,Sneakers running,41,1,99.9,0,99.9
15849,2026-03-09,C0706,En ligne,Pantalons,Jogging,S,1,34.9,0,34.9
15850,2026-03-09,C0007,En ligne,Pantalons,Jean droit,L,1,59.9,0,59.9
15851,2026-03-10,C0503,En ligne,T-shirts,T-shirt imprimé,S,1,24.9,0,24.9
15852,2026-03-10,C0480,Boutique,Accessoires,Ceinture,Unique,1,29.9,0,29.9
15853,2026-03-10,C0522,En ligne,Pantalons,Pantalon cargo,L,1,49.9,0,49.9
15853,2026-03-10,C0522,En ligne,Accessoires,Sac banane,Unique,1,34.9,0,34.9
15854,2026-03-10,C0087,Boutique,Pantalons,Jean slim,L,1,54.9,0,54.9
15855,2026-03-10,C0329,Boutique,Accessoires,Écharpe,Unique,1,24.9,0,24.9
15855,2026-03-10,C0329,Boutique,T-shirts,T-shirt oversize,L,1,29.9,0,29.9
15855,2026-03-10,C0329,Boutique,Pantalons,Jogging,L,1,34.9,0,34.9
15856,2026-03-10,C0025,En ligne,Accessoires,Écharpe,Unique,2,24.9,0,49.8
15857,2026-03-10,C0103,En ligne,Pulls & sweats,Sweat col rond,S,1,39.9,0,39.9
15858,2026-03-10,C0815,Boutique,Accessoires,Casquette,Unique,1,19.9,0,19.9
15858,2026-03-10,C0815,Boutique,Pantalons,Jean slim,XS,1,54.9,0,54.9
15859,2026-03-10,C0854,En ligne,T-shirts,T-shirt basique,XL,1,19.9,0,19.9
15860,2026-03-10,C0658,En ligne,T-shirts,T-shirt imprimé,M,1,24.9,0,24.9
15860,2026-03-10,C0658,En ligne,Pulls & sweats,Sweat à capuche,M,1,49.9,0,49.9
15861,2026-03-10,C0494,Boutique,Pulls & sweats,Pull en laine,L,1,59.9,0,59.9
15862,2026-03-10,C0807,En ligne,T-shirts,T-shirt imprimé,S,1,24.9,0,24.9
15862,2026-03-10,C0807,En ligne,Chaussures,Sneakers running,40,1,99.9,0,99.9
15862,2026-03-10,C0807,En ligne,T-shirts,T-shirt oversize,XL,1,29.9,0,29.9
15863,2026-03-10,C0801,En ligne,Pantalons,Jean droit,S,1,59.9,0,59.9
15864,2026-03-10,C0827,Boutique,Pantalons,Jean slim,L,1,54.9,0,54.9
15864,2026-03-10,C0827,Boutique,Accessoires,Bonnet,Unique,2,17.9,0,35.8
15865,2026-03-10,C0454,En ligne,Chaussures,Sneakers running,42,1,99.9,0,99.9
15865,2026-03-10,C0454,En ligne,T-shirts,T-shirt basique,M,1,19.9,0,19.9
15865,2026-03-10,C0454,En ligne,Pantalons,Jogging,L,2,34.9,0,69.8
15866,2026-03-11,C0215,En ligne,Pulls & sweats,Pull en laine,S,1,59.9,0,59.9
15866,2026-03-11,C0215,En ligne,Pantalons,Jean droit,S,2,59.9,0,119.8
15867,2026-03-11,C0057,En ligne,Vestes,Doudoune,S,1,119.9,0,119.9
15867,2026-03-11,C0057,En ligne,Pulls & sweats,Sweat à capuche,S,2,49.9,0,99.8
15867,2026-03-11,C0057,En ligne,T-shirts,T-shirt imprimé,XL,1,24.9,0,24.9
15868,2026-03-11,C0072,Boutique,T-shirts,T-shirt oversize,M,1,29.9,0,29.9
15869,2026-03-11,C0195,En ligne,Accessoires,Bonnet,Unique,1,17.9,0,17.9
15869,2026-03-11,C0195,En ligne,Pulls & sweats,Sweat col rond,M,1,39.9,0,39.9
15870,2026-03-11,C0003,Boutique,Pantalons,Pantalon cargo,M,1,49.9,0,49.9
15871,2026-03-11,C0284,En ligne,T-shirts,T-shirt basique,M,1,19.9,0,19.9
15872,2026-03-11,C0001,En ligne,T-shirts,T-shirt imprimé,S,2,24.9,0,49.8
15873,2026-03-11,C0076,En ligne,Accessoires,Écharpe,Unique,2,24.9,0,49.8
15873,2026-03-11,C0076,En ligne,Pulls & sweats,Sweat à capuche,M,1,49.9,0,49.9
15874,2026-03-11,C0501,En ligne,Chaussures,Baskets blanches,43,2,89.9,0,179.8
15875,2026-03-12,C0054,En ligne,T-shirts,T-shirt oversize,XS,1,29.9,0,29.9
15876,2026-03-12,C0263,En ligne,Chaussures,Bottines,40,2,109.9,0,219.8
15877,2026-03-12,C0472,Boutique,Chaussures,Sneakers running,40,2,99.9,0,199.8
15878,2026-03-12,C0535,Boutique,Pantalons,Jean droit,XL,1,59.9,0,59.9
15878,2026-03-12,C0535,Boutique,Accessoires,Bonnet,Unique,1,17.9,0,17.9
15879,2026-03-12,C0024,Boutique,Chaussures,Sneakers running,40,1,99.9,0,99.9
15880,2026-03-12,C0033,Boutique,Accessoires,Casquette,Unique,1,19.9,0,19.9
15881,2026-03-12,C0704,Boutique,T-shirts,T-shirt basique,L,1,19.9,0,19.9
15881,2026-03-12,C0704,Boutique,Accessoires,Bonnet,Unique,2,17.9,0,35.8
15882,2026-03-12,C0035,Boutique,T-shirts,T-shirt oversize,S,2,29.9,0,59.8
15883,2026-03-12,C0049,En ligne,Pantalons,Jean droit,M,1,59.9,0,59.9
15883,2026-03-12,C0049,En ligne,Chaussures,Baskets blanches,39,1,89.9,0,89.9
15884,2026-03-12,C0129,En ligne,Pantalons,Jean droit,M,1,59.9,0,59.9
15884,2026-03-12,C0129,En ligne,Pulls & sweats,Sweat à capuche,M,1,49.9,0,49.9
15885,2026-03-12,C0080,Boutique,Vestes,Veste en jean,XL,1,79.9,0,79.9
15885,2026-03-12,C0080,Boutique,Accessoires,Casquette,Unique,1,19.9,0,19.9
15886,2026-03-12,C0318,En ligne,Pulls & sweats,Sweat col rond,M,1,39.9,0,39.9
15887,2026-03-13,C0040,Boutique,T-shirts,T-shirt oversize,M,1,29.9,0,29.9
15888,2026-03-13,C0051,Boutique,Pulls & sweats,Pull en laine,M,1,59.9,0,59.9
15889,2026-03-13,C0011,En ligne,T-shirts,T-shirt oversize,M,1,29.9,0,29.9
15890,2026-03-13,C0006,Boutique,Pulls & sweats,Sweat col rond,XL,1,39.9,0,39.9
15890,2026-03-13,C0006,Boutique,Accessoires,Écharpe,Unique,2,24.9,0,49.8
15891,2026-03-13,C0439,En ligne,Pantalons,Pantalon cargo,S,1,49.9,0,49.9
15892,2026-03-13,C0495,Boutique,Chaussures,Sneakers running,42,2,99.9,0,199.8
15892,2026-03-13,C0495,Boutique,Pulls & sweats,Sweat à capuche,S,1,49.9,0,49.9
15893,2026-03-13,C0120,En ligne,Vestes,Doudoune,M,1,119.9,0,119.9
15894,2026-03-13,C0339,En ligne,T-shirts,T-shirt oversize,S,2,29.9,0,59.8
15894,2026-03-13,C0339,En ligne,T-shirts,T-shirt imprimé,XS,1,24.9,0,24.9
15895,2026-03-13,C0459,Boutique,Pulls & sweats,Pull en laine,S,1,59.9,0,59.9
15895,2026-03-13,C0459,Boutique,Accessoires,Bonnet,Unique,1,17.9,0,17.9
15896,2026-03-14,C0265,En ligne,Accessoires,Ceinture,Unique,1,29.9,0,29.9
15897,2026-03-14,C0210,Boutique,Chaussures,Sneakers running,41,1,99.9,0,99.9
15898,2026-03-14,C0230,Boutique,Chaussures,Sneakers running,40,1,99.9,0,99.9
15898,2026-03-14,C0230,Boutique,Vestes,Coupe-vent,S,2,64.9,0,129.8
15898,2026-03-14,C0230,Boutique,Chaussures,Sneakers running,44,1,99.9,0,99.9
15899,2026-03-14,C0459,Boutique,Pulls & sweats,Pull en laine,M,1,59.9,0,59.9
15899,2026-03-14,C0459,Boutique,Pantalons,Jogging,XS,1,34.9,0,34.9
15900,2026-03-14,C0012,Boutique,Pulls & sweats,Sweat à capuche,XL,1,49.9,0,49.9
15901,2026-03-14,C0078,Boutique,T-shirts,T-shirt oversize,L,1,29.9,0,29.9
15901,2026-03-14,C0078,Boutique,Chaussures,Bottines,43,1,109.9,0,109.9
15901,2026-03-14,C0078,Boutique,Pantalons,Jogging,L,1,34.9,0,34.9
15902,2026-03-14,C0035,En ligne,Accessoires,Sac banane,Unique,1,34.9,0,34.9
15903,2026-03-14,C0716,Boutique,Chaussures,Baskets blanches,42,1,89.9,0,89.9
15903,2026-03-14,C0716,Boutique,Pulls & sweats,Pull en laine,S,1,59.9,0,59.9
15904,2026-03-14,C0318,En ligne,Accessoires,Bonnet,Unique,1,17.9,0,17.9
15905,2026-03-14,C0108,Boutique,Vestes,Doudoune,XS,1,119.9,0,119.9
15906,2026-03-14,C0096,En ligne,Pulls & sweats,Sweat à capuche,XL,1,49.9,0,49.9
15907,2026-03-14,C0040,Boutique,T-shirts,T-shirt imprimé,L,1,24.9,0,24.9
15908,2026-03-14,C0155,Boutique,Chaussures,Sneakers running,44,1,99.9,0,99.9
15909,2026-03-14,C0183,Boutique,T-shirts,T-shirt imprimé,XS,1,24.9,0,24.9
15909,2026-03-14,C0183,Boutique,Pantalons,Jogging,XS,1,34.9,0,34.9
15910,2026-03-14,C0793,En ligne,Accessoires,Ceinture,Unique,1,29.9,0,29.9
15911,2026-03-14,C0330,En ligne,Accessoires,Écharpe,Unique,1,24.9,0,24.9
15912,2026-03-14,C0163,En ligne,Accessoires,Écharpe,Unique,1,24.9,0,24.9
15913,2026-03-14,C0497,En ligne,T-shirts,T-shirt oversize,S,1,29.9,0,29.9
15913,2026-03-14,C0497,En ligne,Chaussures,Sneakers running,41,1,99.9,0,99.9
15914,2026-03-14,C0023,En ligne,Vestes,Doudoune,XL,1,119.9,0,119.9
15915,2026-03-14,C0064,En ligne,Pantalons,Jean droit,M,1,59.9,0,59.9
15916,2026-03-14,C0810,En ligne,Pulls & sweats,Sweat col rond,M,1,39.9,0,39.9
15917,2026-03-16,C0109,Boutique,Pantalons,Jogging,XL,1,34.9,0,34.9
15917,2026-03-16,C0109,Boutique,Pantalons,Jean slim,XS,1,54.9,0,54.9
15918,2026-03-16,C0422,En ligne,Vestes,Coupe-vent,L,1,64.9,0,64.9
15919,2026-03-16,C0646,En ligne,T-shirts,T-shirt imprimé,M,1,24.9,0,24.9
15919,2026-03-16,C0646,En ligne,Chaussures,Bottines,42,2,109.9,0,219.8
15920,2026-03-16,C0341,En ligne,Vestes,Veste en jean,M,1,79.9,0,79.9
15921,2026-03-16,C0083,En ligne,Vestes,Coupe-vent,M,1,64.9,0,64.9
15922,2026-03-16,C0101,Boutique,Chaussures,Baskets blanches,44,1,89.9,0,89.9
15922,2026-03-16,C0101,Boutique,Pantalons,Pantalon cargo,L,2,49.9,0,99.8
15922,2026-03-16,C0101,Boutique,Accessoires,Bonnet,Unique,2,17.9,0,35.8
15923,2026-03-16,C0461,Boutique,T-shirts,T-shirt basique,M,1,19.9,0,19.9
15924,2026-03-16,C0113,Boutique,Accessoires,Casquette,Unique,1,19.9,0,19.9
15925,2026-03-16,C0108,Boutique,Pulls & sweats,Pull en laine,L,1,59.9,0,59.9
15926,2026-03-16,C0215,En ligne,Pantalons,Jean slim,M,1,54.9,0,54.9
15926,2026-03-16,C0215,En ligne,Accessoires,Bonnet,Unique,2,17.9,0,35.8
15926,2026-03-16,C0215,En ligne,T-shirts,T-shirt basique,XL,2,19.9,0,39.8
15927,2026-03-16,C0008,En ligne,Accessoires,Sac banane,Unique,1,34.9,0,34.9
15928,2026-03-16,C0004,En ligne,Vestes,Coupe-vent,M,1,64.9,0,64.9
15929,2026-03-16,C0097,En ligne,Pulls & sweats,Pull en laine,M,1,59.9,0,59.9
15930,2026-03-16,C0223,Boutique,Chaussures,Bottines,39,1,109.9,0,109.9
15930,2026-03-16,C0223,Boutique,T-shirts,T-shirt basique,L,1,19.9,0,19.9
15931,2026-03-16,C0020,Boutique,T-shirts,T-shirt basique,M,1,19.9,0,19.9
15932,2026-03-17,C0071,Boutique,Chaussures,Bottines,43,1,109.9,0,109.9
15933,2026-03-17,C0083,Boutique,Pantalons,Jean droit,M,2,59.9,0,119.8
15933,2026-03-17,C0083,Boutique,Pantalons,Pantalon cargo,M,1,49.9,0,49.9
15934,2026-03-17,C0056,Boutique,Pantalons,Jean slim,S,1,54.9,0,54.9
15935,2026-03-17,C0026,Boutique,Chaussures,Sneakers running,40,1,99.9,0,99.9
15935,2026-03-17,C0026,Boutique,Accessoires,Ceinture,Unique,1,29.9,0,29.9
15935,2026-03-17,C0026,Boutique,Chaussures,Baskets blanches,44,1,89.9,0,89.9
15936,2026-03-17,C0621,En ligne,Accessoires,Casquette,Unique,2,19.9,0,39.8
15937,2026-03-17,C0549,En ligne,T-shirts,T-shirt imprimé,M,1,24.9,0,24.9
15938,2026-03-17,C0115,En ligne,Accessoires,Bonnet,Unique,1,17.9,0,17.9
15938,2026-03-17,C0115,En ligne,Pulls & sweats,Sweat col rond,L,1,39.9,0,39.9
15938,2026-03-17,C0115,En ligne,Vestes,Veste en jean,M,1,79.9,0,79.9
15939,2026-03-17,C0660,Boutique,Accessoires,Casquette,Unique,2,19.9,0,39.8
15940,2026-03-17,C0813,Boutique,T-shirts,T-shirt basique,L,1,19.9,0,19.9
15941,2026-03-17,C0115,Boutique,Accessoires,Écharpe,Unique,2,24.9,0,49.8
15941,2026-03-17,C0115,Boutique,Pantalons,Jean droit,S,1,59.9,0,59.9
15942,2026-03-18,C0317,En ligne,Accessoires,Bonnet,Unique,1,17.9,0,17.9
15943,2026-03-18,C0257,En ligne,Pulls & sweats,Pull en laine,M,1,59.9,0,59.9
15944,2026-03-18,C0514,En ligne,Chaussures,Baskets blanches,43,1,89.9,0,89.9
15945,2026-03-18,C0086,Boutique,Vestes,Veste en jean,XS,1,79.9,0,79.9
15946,2026-03-18,C0011,En ligne,Vestes,Coupe-vent,S,1,64.9,0,64.9
15947,2026-03-18,C0318,Boutique,Chaussures,Baskets blanches,41,2,89.9,0,179.8
15948,2026-03-18,C0006,En ligne,T-shirts,T-shirt basique,L,2,19.9,0,39.8
15948,2026-03-18,C0006,En ligne,Pantalons,Pantalon cargo,XS,1,49.9,0,49.9
15949,2026-03-18,C0813,Boutique,Accessoires,Sac banane,Unique,1,34.9,0,34.9
15949,2026-03-18,C0813,Boutique,T-shirts,T-shirt imprimé,L,2,24.9,0,49.8
15950,2026-03-18,C0192,Boutique,Chaussures,Baskets blanches,43,1,89.9,0,89.9
15951,2026-03-18,C0813,Boutique,T-shirts,T-shirt basique,XL,1,19.9,0,19.9
15951,2026-03-18,C0813,Boutique,T-shirts,T-shirt oversize,L,1,29.9,0,29.9
15952,2026-03-18,C0118,Boutique,T-shirts,T-shirt imprimé,M,1,24.9,0,24.9
15953,2026-03-18,C0866,Boutique,Pulls & sweats,Sweat à capuche,L,2,49.9,0,99.8
15953,2026-03-18,C0866,Boutique,Pantalons,Jean slim,XL,1,54.9,0,54.9
15954,2026-03-18,C0844,En ligne,T-shirts,T-shirt basique,L,1,19.9,0,19.9
15955,2026-03-18,C0343,Boutique,Chaussures,Baskets blanches,40,2,89.9,0,179.8
15956,2026-03-19,C0860,En ligne,Pantalons,Jogging,S,1,34.9,0,34.9
15957,2026-03-19,C0022,Boutique,Pulls & sweats,Sweat à capuche,L,1,49.9,0,49.9
15958,2026-03-19,C0084,En ligne,Accessoires,Casquette,Unique,1,19.9,0,19.9
15959,2026-03-19,C0016,En ligne,T-shirts,T-shirt oversize,M,1,29.9,0,29.9
15960,2026-03-19,C0025,Boutique,Chaussures,Sneakers running,41,1,99.9,0,99.9
15961,2026-03-19,C0055,Boutique,Accessoires,Sac banane,Unique,1,34.9,0,34.9
15961,2026-03-19,C0055,Boutique,Pantalons,Jogging,S,2,34.9,0,69.8
15961,2026-03-19,C0055,Boutique,Pantalons,Pantalon cargo,L,1,49.9,0,49.9
15962,2026-03-19,C0092,En ligne,Chaussures,Sneakers running,43,1,99.9,0,99.9
15962,2026-03-19,C0092,En ligne,T-shirts,T-shirt imprimé,L,1,24.9,0,24.9
15962,2026-03-19,C0092,En ligne,Pantalons,Pantalon cargo,L,1,49.9,0,49.9
15963,2026-03-19,C0201,Boutique,Accessoires,Bonnet,Unique,2,17.9,0,35.8
15964,2026-03-19,C0086,Boutique,Pantalons,Jean slim,M,1,54.9,0,54.9
15964,2026-03-19,C0086,Boutique,Pantalons,Pantalon cargo,XS,1,49.9,0,49.9
15965,2026-03-19,C0129,Boutique,Accessoires,Casquette,Unique,1,19.9,0,19.9
15966,2026-03-19,C0612,En ligne,Vestes,Veste en jean,M,1,79.9,0,79.9
15967,2026-03-19,C0028,En ligne,Accessoires,Bonnet,Unique,1,17.9,0,17.9
15967,2026-03-19,C0028,En ligne,Pantalons,Pantalon cargo,L,1,49.9,0,49.9
15968,2026-03-19,C0085,En ligne,T-shirts,T-shirt oversize,M,1,29.9,0,29.9
15969,2026-03-19,C0305,Boutique,Chaussures,Sneakers running,40,2,99.9,0,199.8
15969,2026-03-19,C0305,Boutique,Pantalons,Pantalon cargo,L,1,49.9,0,49.9
15969,2026-03-19,C0305,Boutique,Accessoires,Écharpe,Unique,1,24.9,0,24.9
15970,2026-03-19,C0025,Boutique,Vestes,Veste en jean,L,1,79.9,0,79.9
15970,2026-03-19,C0025,Boutique,T-shirts,T-shirt oversize,L,1,29.9,0,29.9
15971,2026-03-19,C0519,Boutique,T-shirts,T-shirt imprimé,L,1,24.9,0,24.9
15972,2026-03-20,C0647,En ligne,Vestes,Coupe-vent,S,1,64.9,0,64.9
15972,2026-03-20,C0647,En ligne,Accessoires,Bonnet,Unique,1,17.9,0,17.9
15973,2026-03-20,C0579,Boutique,Pulls & sweats,Sweat à capuche,S,1,49.9,0,49.9
15974,2026-03-20,C0476,Boutique,T-shirts,T-shirt imprimé,XL,1,24.9,0,24.9
15975,2026-03-20,C0385,En ligne,Chaussures,Bottines,44,2,109.9,0,219.8
15976,2026-03-20,C0034,En ligne,Pantalons,Pantalon cargo,S,2,49.9,0,99.8
15977,2026-03-20,C0005,Boutique,Vestes,Coupe-vent,XL,1,64.9,0,64.9
15978,2026-03-20,C0503,En ligne,Accessoires,Sac banane,Unique,1,34.9,0,34.9
15978,2026-03-20,C0503,En ligne,Accessoires,Bonnet,Unique,1,17.9,0,17.9
15979,2026-03-21,C0107,En ligne,T-shirts,T-shirt oversize,S,1,29.9,0,29.9
15980,2026-03-21,C0523,En ligne,Pulls & sweats,Sweat col rond,S,1,39.9,0,39.9
15981,2026-03-21,C0606,Boutique,Vestes,Coupe-vent,L,1,64.9,0,64.9
15982,2026-03-21,C0633,Boutique,T-shirts,T-shirt imprimé,L,1,24.9,0,24.9
15982,2026-03-21,C0633,Boutique,Accessoires,Ceinture,Unique,1,29.9,0,29.9
15983,2026-03-21,C0046,Boutique,Chaussures,Baskets blanches,41,1,89.9,0,89.9
15984,2026-03-21,C0569,En ligne,Vestes,Coupe-vent,L,1,64.9,0,64.9
15984,2026-03-21,C0569,En ligne,Pantalons,Pantalon cargo,S,1,49.9,0,49.9
15984,2026-03-21,C0569,En ligne,Pantalons,Jean droit,S,1,59.9,0,59.9
15985,2026-03-21,C0147,Boutique,T-shirts,T-shirt oversize,L,1,29.9,0,29.9
15986,2026-03-21,C0078,En ligne,Pulls & sweats,Pull en laine,XL,1,59.9,0,59.9
15987,2026-03-21,C0812,Boutique,Pantalons,Jean droit,M,1,59.9,0,59.9
15988,2026-03-21,C0295,En ligne,T-shirts,T-shirt imprimé,L,2,24.9,0,49.8
15989,2026-03-21,C0345,Boutique,Pantalons,Jean droit,M,1,59.9,0,59.9
15990,2026-03-23,C0030,Boutique,Vestes,Veste en jean,M,1,79.9,0,79.9
15990,2026-03-23,C0030,Boutique,Accessoires,Ceinture,Unique,1,29.9,0,29.9
15991,2026-03-23,C0147,Boutique,Pantalons,Pantalon cargo,S,1,49.9,0,49.9
15992,2026-03-23,C0105,Boutique,Chaussures,Sneakers running,43,1,99.9,0,99.9
15993,2026-03-23,C0054,En ligne,T-shirts,T-shirt basique,L,1,19.9,0,19.9
15993,2026-03-23,C0054,En ligne,Pantalons,Pantalon cargo,S,1,49.9,0,49.9
15994,2026-03-23,C0489,Boutique,T-shirts,T-shirt imprimé,M,1,24.9,0,24.9
15995,2026-03-23,C0047,Boutique,Pulls & sweats,Sweat col rond,XS,1,39.9,0,39.9
15996,2026-03-23,C0046,Boutique,Chaussures,Bottines,39,1,109.9,0,109.9
15996,2026-03-23,C0046,Boutique,Pulls & sweats,Sweat col rond,L,1,39.9,0,39.9
15997,2026-03-23,C0500,Boutique,Accessoires,Casquette,Unique,1,19.9,0,19.9
15997,2026-03-23,C0500,Boutique,Pulls & sweats,Pull en laine,S,1,59.9,0,59.9
15998,2026-03-23,C0657,Boutique,T-shirts,T-shirt basique,S,1,19.9,0,19.9
15998,2026-03-23,C0657,Boutique,Chaussures,Bottines,39,1,109.9,0,109.9
15998,2026-03-23,C0657,Boutique,Chaussures,Bottines,40,1,109.9,0,109.9
15999,2026-03-23,C0057,En ligne,Pantalons,Jean droit,M,2,59.9,0,119.8
15999,2026-03-23,C0057,En ligne,Pulls & sweats,Sweat col rond,S,1,39.9,0,39.9
16000,2026-03-23,C0272,En ligne,Pulls & sweats,Pull en laine,XL,1,59.9,0,59.9
16000,2026-03-23,C0272,En ligne,T-shirts,T-shirt imprimé,M,2,24.9,0,49.8
16001,2026-03-23,C0085,Boutique,T-shirts,T-shirt imprimé,S,1,24.9,0,24.9
16001,2026-03-23,C0085,Boutique,Vestes,Coupe-vent,S,1,64.9,0,64.9
16001,2026-03-23,C0085,Boutique,Vestes,Coupe-vent,XL,1,64.9,0,64.9
16002,2026-03-24,C0459,En ligne,Pulls & sweats,Pull en laine,XL,1,59.9,0,59.9
16002,2026-03-24,C0459,En ligne,Chaussures,Sneakers running,41,1,99.9,0,99.9
16003,2026-03-24,C0055,Boutique,Pantalons,Jean droit,L,1,59.9,0,59.9
16003,2026-03-24,C0055,Boutique,T-shirts,T-shirt basique,S,1,19.9,0,19.9
16003,2026-03-24,C0055,Boutique,Pulls & sweats,Sweat à capuche,XS,1,49.9,0,49.9
16004,2026-03-24,C0623,Boutique,Accessoires,Écharpe,Unique,1,24.9,0,24.9
16005,2026-03-24,C0553,Boutique,T-shirts,T-shirt basique,M,1,19.9,0,19.9
16006,2026-03-24,C0510,En ligne,Pulls & sweats,Sweat à capuche,M,1,49.9,0,49.9
16007,2026-03-24,C0019,En ligne,Pulls & sweats,Sweat à capuche,L,1,49.9,0,49.9
16008,2026-03-24,C0825,En ligne,T-shirts,T-shirt oversize,S,1,29.9,0,29.9
16009,2026-03-24,C0708,Boutique,Pantalons,Jean droit,L,1,59.9,0,59.9
16010,2026-03-24,C0345,Boutique,T-shirts,T-shirt imprimé,L,1,24.9,0,24.9
16011,2026-03-24,C0852,Boutique,Accessoires,Sac banane,Unique,1,34.9,0,34.9
16011,2026-03-24,C0852,Boutique,Vestes,Doudoune,L,2,119.9,0,239.8
16012,2026-03-24,C0027,Boutique,Pantalons,Jogging,L,1,34.9,0,34.9
16013,2026-03-24,C0095,Boutique,Accessoires,Écharpe,Unique,1,24.9,0,24.9
16013,2026-03-24,C0095,Boutique,Accessoires,Écharpe,Unique,1,24.9,0,24.9
16014,2026-03-24,C0183,En ligne,Pulls & sweats,Sweat à capuche,M,2,49.9,0,99.8
16015,2026-03-25,C0613,En ligne,Pantalons,Jean droit,S,1,59.9,0,59.9
16016,2026-03-25,C0675,Boutique,Pulls & sweats,Sweat à capuche,M,2,49.9,0,99.8
16016,2026-03-25,C0675,Boutique,Accessoires,Bonnet,Unique,1,17.9,0,17.9
16017,2026-03-25,C0099,Boutique,Accessoires,Ceinture,Unique,1,29.9,0,29.9
16018,2026-03-25,C0681,Boutique,Pulls & sweats,Sweat à capuche,M,1,49.9,0,49.9
16018,2026-03-25,C0681,Boutique,Pantalons,Jean slim,S,1,54.9,0,54.9
16019,2026-03-25,C0882,Boutique,T-shirts,T-shirt oversize,XL,1,29.9,0,29.9
16020,2026-03-25,C0088,Boutique,Pantalons,Pantalon cargo,XL,1,49.9,0,49.9
16020,2026-03-25,C0088,Boutique,Pantalons,Jean slim,S,1,54.9,0,54.9
16021,2026-03-25,C0268,Boutique,Accessoires,Bonnet,Unique,1,17.9,0,17.9
16021,2026-03-25,C0268,Boutique,Accessoires,Ceinture,Unique,1,29.9,0,29.9
16022,2026-03-25,C0667,En ligne,Accessoires,Sac banane,Unique,2,34.9,0,69.8
16022,2026-03-25,C0667,En ligne,Pantalons,Jean droit,M,1,59.9,0,59.9
16023,2026-03-25,C0238,Boutique,Chaussures,Bottines,42,1,109.9,0,109.9
16023,2026-03-25,C0238,Boutique,Pulls & sweats,Pull en laine,L,1,59.9,0,59.9
16024,2026-03-25,C0031,Boutique,Accessoires,Écharpe,Unique,1,24.9,0,24.9
16025,2026-03-25,C0084,Boutique,T-shirts,T-shirt oversize,M,1,29.9,0,29.9
16026,2026-03-25,C0009,Boutique,Accessoires,Bonnet,Unique,1,17.9,0,17.9
16026,2026-03-25,C0009,Boutique,Accessoires,Ceinture,Unique,1,29.9,0,29.9
16026,2026-03-25,C0009,Boutique,Accessoires,Ceinture,Unique,2,29.9,0,59.8
16027,2026-03-25,C0673,Boutique,Chaussures,Baskets blanches,40,2,89.9,0,179.8
16027,2026-03-25,C0673,Boutique,Pulls & sweats,Sweat col rond,M,1,39.9,0,39.9
16028,2026-03-25,C0022,Boutique,Accessoires,Sac banane,Unique,1,34.9,0,34.9
16029,2026-03-25,C0023,Boutique,Pantalons,Jean slim,M,2,54.9,0,109.8
16030,2026-03-26,C0090,Boutique,Pantalons,Jean droit,M,1,59.9,0,59.9
16031,2026-03-26,C0054,En ligne,Accessoires,Bonnet,Unique,1,17.9,0,17.9
16032,2026-03-26,C0203,Boutique,Pantalons,Jean slim,L,1,54.9,0,54.9
16032,2026-03-26,C0203,Boutique,T-shirts,T-shirt imprimé,XS,2,24.9,0,49.8
16033,2026-03-26,C0261,Boutique,Pantalons,Pantalon cargo,S,1,49.9,0,49.9
16034,2026-03-26,C0071,Boutique,Chaussures,Sneakers running,42,2,99.9,0,199.8
16034,2026-03-26,C0071,Boutique,T-shirts,T-shirt imprimé,S,1,24.9,0,24.9
16034,2026-03-26,C0071,Boutique,Chaussures,Baskets blanches,42,1,89.9,0,89.9
16035,2026-03-26,C0826,En ligne,Pantalons,Pantalon cargo,S,2,49.9,0,99.8
16035,2026-03-26,C0826,En ligne,Vestes,Doudoune,M,1,119.9,0,119.9
16035,2026-03-26,C0826,En ligne,T-shirts,T-shirt basique,S,2,19.9,0,39.8
16036,2026-03-26,C0030,Boutique,Vestes,Veste en jean,XL,1,79.9,0,79.9
16036,2026-03-26,C0030,Boutique,T-shirts,T-shirt basique,XS,1,19.9,0,19.9
16036,2026-03-26,C0030,Boutique,Accessoires,Ceinture,Unique,1,29.9,0,29.9
16037,2026-03-26,C0066,En ligne,Pulls & sweats,Sweat à capuche,M,1,49.9,0,49.9
16038,2026-03-27,C0091,Boutique,T-shirts,T-shirt oversize,XS,2,29.9,0,59.8
16038,2026-03-27,C0091,Boutique,Pulls & sweats,Sweat col rond,M,1,39.9,0,39.9
16039,2026-03-27,C0114,En ligne,Pulls & sweats,Pull en laine,L,1,59.9,0,59.9
16039,2026-03-27,C0114,En ligne,T-shirts,T-shirt imprimé,L,1,24.9,0,24.9
16040,2026-03-27,C0432,En ligne,Pulls & sweats,Sweat col rond,S,1,39.9,0,39.9
16040,2026-03-27,C0432,En ligne,T-shirts,T-shirt oversize,M,1,29.9,0,29.9
16041,2026-03-27,C0157,En ligne,Chaussures,Sneakers running,41,2,99.9,0,199.8
16041,2026-03-27,C0157,En ligne,Chaussures,Baskets blanches,41,1,89.9,0,89.9
16042,2026-03-27,C0023,Boutique,Accessoires,Sac banane,Unique,1,34.9,0,34.9
16042,2026-03-27,C0023,Boutique,Pantalons,Jean slim,M,1,54.9,0,54.9
16042,2026-03-27,C0023,Boutique,Chaussures,Baskets blanches,40,1,89.9,0,89.9
16043,2026-03-27,C0108,Boutique,Pulls & sweats,Sweat à capuche,L,1,49.9,0,49.9
16044,2026-03-27,C0055,En ligne,Vestes,Veste en jean,XL,1,79.9,0,79.9
16045,2026-03-27,C0322,Boutique,Vestes,Doudoune,M,1,119.9,0,119.9
16046,2026-03-27,C0633,Boutique,Accessoires,Sac banane,Unique,1,34.9,0,34.9
16047,2026-03-27,C0093,Boutique,Vestes,Doudoune,S,1,119.9,0,119.9
16047,2026-03-27,C0093,Boutique,T-shirts,T-shirt oversize,XL,1,29.9,0,29.9
16048,2026-03-27,C0096,Boutique,Accessoires,Bonnet,Unique,1,17.9,0,17.9
16048,2026-03-27,C0096,Boutique,Pantalons,Jean slim,S,1,54.9,0,54.9
16049,2026-03-27,C0833,En ligne,Accessoires,Ceinture,Unique,1,29.9,0,29.9
16049,2026-03-27,C0833,En ligne,Vestes,Coupe-vent,L,2,64.9,0,129.8
16050,2026-03-27,C0002,Boutique,Accessoires,Bonnet,Unique,2,17.9,0,35.8
16050,2026-03-27,C0002,Boutique,T-shirts,T-shirt oversize,M,2,29.9,0,59.8
16051,2026-03-27,C0070,En ligne,Chaussures,Baskets blanches,42,1,89.9,0,89.9
16051,2026-03-27,C0070,En ligne,Pantalons,Jean droit,S,1,59.9,0,59.9
16052,2026-03-27,C0116,En ligne,Pantalons,Pantalon cargo,M,2,49.9,0,99.8
16052,2026-03-27,C0116,En ligne,T-shirts,T-shirt imprimé,L,1,24.9,0,24.9
16053,2026-03-28,C0113,Boutique,T-shirts,T-shirt basique,S,1,19.9,0,19.9
16054,2026-03-28,C0075,Boutique,Pulls & sweats,Pull en laine,L,1,59.9,0,59.9
16054,2026-03-28,C0075,Boutique,Accessoires,Ceinture,Unique,1,29.9,0,29.9
16054,2026-03-28,C0075,Boutique,Pulls & sweats,Sweat col rond,L,1,39.9,0,39.9
16055,2026-03-28,C0043,Boutique,Pulls & sweats,Pull en laine,S,1,59.9,0,59.9
16056,2026-03-28,C0073,Boutique,Pulls & sweats,Sweat à capuche,L,1,49.9,0,49.9
16057,2026-03-28,C0092,Boutique,Accessoires,Casquette,Unique,1,19.9,0,19.9
16057,2026-03-28,C0092,Boutique,Accessoires,Casquette,Unique,2,19.9,0,39.8
16057,2026-03-28,C0092,Boutique,Pantalons,Jean droit,M,1,59.9,0,59.9
16058,2026-03-28,C0020,En ligne,T-shirts,T-shirt imprimé,L,1,24.9,0,24.9
16058,2026-03-28,C0020,En ligne,Accessoires,Casquette,Unique,1,19.9,0,19.9
16059,2026-03-28,C0420,Boutique,Vestes,Doudoune,S,1,119.9,0,119.9
16060,2026-03-28,C0791,En ligne,Vestes,Doudoune,L,1,119.9,0,119.9
16061,2026-03-28,C0550,Boutique,Pantalons,Jean droit,XL,1,59.9,0,59.9
16062,2026-03-28,C0020,Boutique,Accessoires,Écharpe,Unique,1,24.9,0,24.9
16063,2026-03-28,C0430,Boutique,Pantalons,Jean slim,L,1,54.9,0,54.9
16064,2026-03-28,C0419,Boutique,Accessoires,Bonnet,Unique,2,17.9,0,35.8
16064,2026-03-28,C0419,Boutique,T-shirts,T-shirt oversize,L,1,29.9,0,29.9
16065,2026-03-28,C0051,Boutique,Accessoires,Ceinture,Unique,1,29.9,0,29.9
16066,2026-03-28,C0629,Boutique,Pulls & sweats,Sweat à capuche,L,2,49.9,0,99.8
16067,2026-03-28,C0648,Boutique,T-shirts,T-shirt imprimé,S,1,24.9,0,24.9
16067,2026-03-28,C0648,Boutique,Vestes,Veste en jean,S,1,79.9,0,79.9
16068,2026-03-28,C0328,Boutique,Accessoires,Casquette,Unique,1,19.9,0,19.9
16069,2026-03-28,C0034,Boutique,Vestes,Coupe-vent,L,1,64.9,0,64.9
16069,2026-03-28,C0034,Boutique,Pantalons,Jean slim,M,1,54.9,0,54.9
16070,2026-03-28,C0528,Boutique,Vestes,Veste en jean,L,1,79.9,0,79.9
16070,2026-03-28,C0528,Boutique,Accessoires,Écharpe,Unique,1,24.9,0,24.9
16070,2026-03-28,C0528,Boutique,Accessoires,Ceinture,Unique,1,29.9,0,29.9
16071,2026-03-28,C0594,Boutique,Vestes,Coupe-vent,M,1,64.9,0,64.9
16072,2026-03-28,C0108,Boutique,Vestes,Doudoune,L,2,119.9,0,239.8
16073,2026-03-28,C0511,En ligne,Accessoires,Casquette,Unique,1,19.9,0,19.9
16074,2026-03-28,C0075,En ligne,Pantalons,Jogging,M,1,34.9,0,34.9
16075,2026-03-28,C0593,En ligne,Pulls & sweats,Sweat col rond,XL,1,39.9,0,39.9
16076,2026-03-28,C0603,Boutique,T-shirts,T-shirt basique,S,2,19.9,0,39.8
16076,2026-03-28,C0603,Boutique,Pulls & sweats,Sweat col rond,S,1,39.9,0,39.9
16077,2026-03-28,C0707,En ligne,Pantalons,Jogging,S,1,34.9,0,34.9
16077,2026-03-28,C0707,En ligne,T-shirts,T-shirt basique,L,1,19.9,0,19.9
16078,2026-03-30,C0318,Boutique,Pulls & sweats,Sweat à capuche,L,1,49.9,0,49.9
16079,2026-03-30,C0019,Boutique,Accessoires,Casquette,Unique,2,19.9,0,39.8
16080,2026-03-30,C0253,Boutique,Vestes,Coupe-vent,XS,1,64.9,0,64.9
16081,2026-03-30,C0646,En ligne,Pulls & sweats,Pull en laine,S,1,59.9,0,59.9
16082,2026-03-30,C0059,En ligne,T-shirts,T-shirt oversize,XS,1,29.9,0,29.9
16083,2026-03-30,C0003,En ligne,Pantalons,Jogging,XL,2,34.9,0,69.8
16084,2026-03-30,C0211,Boutique,T-shirts,T-shirt basique,M,1,19.9,0,19.9
16084,2026-03-30,C0211,Boutique,T-shirts,T-shirt basique,S,1,19.9,0,19.9
16085,2026-03-30,C0021,Boutique,Accessoires,Ceinture,Unique,1,29.9,0,29.9
16086,2026-03-30,C0038,En ligne,Accessoires,Sac banane,Unique,1,34.9,0,34.9
16086,2026-03-30,C0038,En ligne,T-shirts,T-shirt basique,XL,1,19.9,0,19.9
16087,2026-03-30,C0037,Boutique,Pantalons,Pantalon cargo,XL,1,49.9,0,49.9
16088,2026-03-31,C0068,Boutique,T-shirts,T-shirt imprimé,XL,1,24.9,0,24.9
16088,2026-03-31,C0068,Boutique,Pantalons,Jean slim,L,1,54.9,0,54.9
16088,2026-03-31,C0068,Boutique,Pantalons,Jean droit,S,2,59.9,0,119.8
16089,2026-03-31,C0473,Boutique,Pulls & sweats,Sweat col rond,S,1,39.9,0,39.9
16090,2026-03-31,C0004,Boutique,T-shirts,T-shirt basique,L,1,19.9,0,19.9
16091,2026-03-31,C0855,Boutique,Chaussures,Sneakers running,44,1,99.9,0,99.9
16091,2026-03-31,C0855,Boutique,Accessoires,Bonnet,Unique,2,17.9,0,35.8
16092,2026-03-31,C0021,En ligne,Chaussures,Baskets blanches,44,1,89.9,0,89.9
16092,2026-03-31,C0021,En ligne,T-shirts,T-shirt basique,XL,1,19.9,0,19.9
16093,2026-03-31,C0074,Boutique,Vestes,Veste en jean,M,1,79.9,0,79.9
16093,2026-03-31,C0074,Boutique,Accessoires,Bonnet,Unique,2,17.9,0,35.8
16094,2026-03-31,C0048,En ligne,Chaussures,Sneakers running,43,1,99.9,0,99.9
16095,2026-03-31,C0011,Boutique,Chaussures,Baskets blanches,40,1,89.9,0,89.9
16095,2026-03-31,C0011,Boutique,Vestes,Coupe-vent,XS,1,64.9,0,64.9
16096,2026-03-31,C0574,Boutique,Accessoires,Bonnet,Unique,1,17.9,0,17.9
16097,2026-03-31,C0487,Boutique,Pulls & sweats,Pull en laine,S,1,59.9,0,59.9
16098,2026-03-31,C0087,Boutique,Pantalons,Jogging,M,1,34.9,0,34.9
16099,2026-03-31,C0113,Boutique,Pulls & sweats,Pull en laine,XL,2,59.9,0,119.8
16100,2026-03-31,C0118,En ligne,T-shirts,T-shirt basique,M,1,19.9,0,19.9
16100,2026-03-31,C0118,En ligne,Pantalons,Jogging,M,1,34.9,0,34.9
16101,2026-03-31,C0618,Boutique,Chaussures,Baskets blanches,44,1,89.9,0,89.9
16102,2026-03-31,C0033,En ligne,Accessoires,Casquette,Unique,1,19.9,0,19.9
16103,2026-03-31,C0504,Boutique,Accessoires,Casquette,Unique,1,19.9,0,19.9
16103,2026-03-31,C0504,Boutique,Chaussures,Baskets blanches,39,1,89.9,0,89.9
16104,2026-03-31,C0107,Boutique,Accessoires,Ceinture,Unique,1,29.9,0,29.9
16104,2026-03-31,C0107,Boutique,Vestes,Veste en jean,L,1,79.9,0,79.9
16105,2026-03-31,C0597,En ligne,Pantalons,Jean slim,M,1,54.9,0,54.9
16105,2026-03-31,C0597,En ligne,Pantalons,Jean slim,S,1,54.9,0,54.9
16106,2026-04-01,C0055,Boutique,T-shirts,T-shirt oversize,M,2,29.9,0,59.8
16106,2026-04-01,C0055,Boutique,Pulls & sweats,Sweat à capuche,L,1,49.9,0,49.9
16106,2026-04-01,C0055,Boutique,Pulls & sweats,Sweat à capuche,M,2,49.9,0,99.8
16107,2026-04-01,C0631,En ligne,Chaussures,Sneakers running,41,1,99.9,0,99.9
16107,2026-04-01,C0631,En ligne,T-shirts,T-shirt basique,S,1,19.9,0,19.9
16108,2026-04-01,C0017,Boutique,Pantalons,Pantalon cargo,M,1,49.9,0,49.9
16108,2026-04-01,C0017,Boutique,T-shirts,T-shirt oversize,S,1,29.9,0,29.9
16109,2026-04-01,C0096,En ligne,Pantalons,Jogging,M,2,34.9,0,69.8
16110,2026-04-01,C0690,Boutique,Pantalons,Pantalon cargo,L,2,49.9,0,99.8
16111,2026-04-01,C0336,En ligne,Vestes,Doudoune,XL,1,119.9,0,119.9
16112,2026-04-01,C0070,Boutique,T-shirts,T-shirt oversize,M,1,29.9,0,29.9
16112,2026-04-01,C0070,Boutique,Pulls & sweats,Pull en laine,XS,1,59.9,0,59.9
16113,2026-04-01,C0059,En ligne,T-shirts,T-shirt basique,L,1,19.9,0,19.9
16114,2026-04-01,C0013,En ligne,Vestes,Coupe-vent,S,1,64.9,0,64.9
16115,2026-04-01,C0669,Boutique,Pantalons,Jean droit,XL,1,59.9,0,59.9
16116,2026-04-01,C0058,En ligne,Pantalons,Jogging,L,1,34.9,0,34.9
16117,2026-04-02,C0718,En ligne,T-shirts,T-shirt oversize,M,1,29.9,0,29.9
16117,2026-04-02,C0718,En ligne,Pulls & sweats,Pull en laine,M,2,59.9,0,119.8
16118,2026-04-02,C0847,Boutique,Accessoires,Écharpe,Unique,2,24.9,0,49.8
16119,2026-04-02,C0566,Boutique,Accessoires,Casquette,Unique,1,19.9,0,19.9
16119,2026-04-02,C0566,Boutique,Pantalons,Jean droit,M,2,59.9,0,119.8
16119,2026-04-02,C0566,Boutique,Vestes,Veste en jean,S,1,79.9,0,79.9
16120,2026-04-02,C0289,En ligne,Vestes,Veste en jean,M,2,79.9,0,159.8
16121,2026-04-02,C0275,Boutique,Pantalons,Jean slim,M,1,54.9,0,54.9
16121,2026-04-02,C0275,Boutique,Pulls & sweats,Sweat col rond,XL,1,39.9,0,39.9
16122,2026-04-02,C0611,Boutique,T-shirts,T-shirt imprimé,L,1,24.9,0,24.9
16123,2026-04-02,C0781,Boutique,Pantalons,Jean droit,L,1,59.9,0,59.9
16123,2026-04-02,C0781,Boutique,Accessoires,Écharpe,Unique,1,24.9,0,24.9
16123,2026-04-02,C0781,Boutique,Pantalons,Jean slim,XL,1,54.9,0,54.9
16124,2026-04-02,C0154,Boutique,Chaussures,Baskets blanches,42,2,89.9,0,179.8
16125,2026-04-02,C0015,Boutique,Pantalons,Pantalon cargo,M,1,49.9,0,49.9
16125,2026-04-02,C0015,Boutique,Accessoires,Bonnet,Unique,1,17.9,0,17.9
16126,2026-04-02,C0048,Boutique,Vestes,Coupe-vent,S,1,64.9,0,64.9
16127,2026-04-02,C0434,Boutique,Accessoires,Sac banane,Unique,1,34.9,0,34.9
16127,2026-04-02,C0434,Boutique,Pantalons,Pantalon cargo,M,1,49.9,0,49.9
16128,2026-04-02,C0590,En ligne,Chaussures,Sneakers running,42,1,99.9,0,99.9
16129,2026-04-02,C0111,En ligne,Chaussures,Sneakers running,42,2,99.9,0,199.8
16129,2026-04-02,C0111,En ligne,Vestes,Coupe-vent,XL,1,64.9,0,64.9
16130,2026-04-02,C0084,En ligne,Vestes,Doudoune,XL,1,119.9,0,119.9
16130,2026-04-02,C0084,En ligne,Pantalons,Jean slim,L,1,54.9,0,54.9
16130,2026-04-02,C0084,En ligne,Vestes,Coupe-vent,XL,1,64.9,0,64.9
16131,2026-04-02,C0462,En ligne,Chaussures,Bottines,42,1,109.9,0,109.9
16132,2026-04-02,C0110,Boutique,Accessoires,Ceinture,Unique,1,29.9,0,29.9
16133,2026-04-02,C0005,Boutique,Vestes,Coupe-vent,L,1,64.9,0,64.9
16134,2026-04-02,C0117,En ligne,Pantalons,Jean droit,S,1,59.9,0,59.9
16135,2026-04-02,C0053,En ligne,Vestes,Veste en jean,L,1,79.9,0,79.9
16136,2026-04-02,C0426,Boutique,Pantalons,Jogging,M,1,34.9,0,34.9
16137,2026-04-02,C0245,En ligne,T-shirts,T-shirt basique,S,2,19.9,0,39.8
16137,2026-04-02,C0245,En ligne,Vestes,Coupe-vent,S,1,64.9,0,64.9
16138,2026-04-02,C0074,Boutique,T-shirts,T-shirt imprimé,M,1,24.9,0,24.9
16138,2026-04-02,C0074,Boutique,T-shirts,T-shirt imprimé,M,1,24.9,0,24.9
16139,2026-04-03,C0089,Boutique,Pantalons,Jean slim,M,1,54.9,0,54.9
16139,2026-04-03,C0089,Boutique,Accessoires,Bonnet,Unique,2,17.9,0,35.8
16140,2026-04-03,C0767,Boutique,Pulls & sweats,Pull en laine,XS,1,59.9,0,59.9
16140,2026-04-03,C0767,Boutique,Chaussures,Bottines,42,1,109.9,0,109.9
16141,2026-04-03,C0695,En ligne,Pantalons,Jean droit,S,1,59.9,0,59.9
16141,2026-04-03,C0695,En ligne,Pulls & sweats,Sweat col rond,XL,1,39.9,0,39.9
16141,2026-04-03,C0695,En ligne,Pantalons,Pantalon cargo,S,1,49.9,0,49.9
16142,2026-04-03,C0887,Boutique,Chaussures,Bottines,43,1,109.9,0,109.9
16143,2026-04-03,C0663,Boutique,Pulls & sweats,Sweat à capuche,S,1,49.9,0,49.9
16143,2026-04-03,C0663,Boutique,Chaussures,Baskets blanches,41,1,89.9,0,89.9
16144,2026-04-03,C0002,Boutique,Accessoires,Ceinture,Unique,1,29.9,0,29.9
16144,2026-04-03,C0002,Boutique,T-shirts,T-shirt imprimé,L,1,24.9,0,24.9
16144,2026-04-03,C0002,Boutique,Pantalons,Jogging,XS,1,34.9,0,34.9
16145,2026-04-03,C0735,Boutique,Accessoires,Sac banane,Unique,1,34.9,0,34.9
16146,2026-04-03,C0056,Boutique,T-shirts,T-shirt imprimé,M,1,24.9,0,24.9
16147,2026-04-03,C0407,Boutique,Pantalons,Jean slim,M,1,54.9,0,54.9
16147,2026-04-03,C0407,Boutique,Pantalons,Jean slim,M,1,54.9,0,54.9
16148,2026-04-03,C0168,En ligne,Accessoires,Casquette,Unique,1,19.9,0,19.9
16148,2026-04-03,C0168,En ligne,Accessoires,Casquette,Unique,1,19.9,0,19.9
16148,2026-04-03,C0168,En ligne,Pulls & sweats,Sweat à capuche,M,1,49.9,0,49.9
16149,2026-04-03,C0391,Boutique,Pulls & sweats,Sweat col rond,S,1,39.9,0,39.9
16149,2026-04-03,C0391,Boutique,Pantalons,Pantalon cargo,L,1,49.9,0,49.9
16150,2026-04-03,C0572,En ligne,Pulls & sweats,Sweat col rond,L,1,39.9,0,39.9
16150,2026-04-03,C0572,En ligne,Pulls & sweats,Sweat à capuche,S,1,49.9,0,49.9
16151,2026-04-03,C0060,Boutique,Accessoires,Casquette,Unique,1,19.9,0,19.9
16152,2026-04-03,C0191,En ligne,Accessoires,Sac banane,Unique,2,34.9,0,69.8
16153,2026-04-03,C0011,En ligne,Accessoires,Ceinture,Unique,1,29.9,0,29.9
16153,2026-04-03,C0011,En ligne,T-shirts,T-shirt basique,S,1,19.9,0,19.9
16154,2026-04-03,C0104,Boutique,Pantalons,Jean droit,M,1,59.9,0,59.9
16155,2026-04-04,C0747,En ligne,Pantalons,Jean droit,XS,2,59.9,0,119.8
16156,2026-04-04,C0044,Boutique,Chaussures,Bottines,43,1,109.9,0,109.9
16157,2026-04-04,C0616,Boutique,T-shirts,T-shirt basique,M,1,19.9,0,19.9
16158,2026-04-04,C0791,En ligne,T-shirts,T-shirt oversize,M,1,29.9,0,29.9
16159,2026-04-04,C0504,Boutique,T-shirts,T-shirt oversize,M,1,29.9,0,29.9
16160,2026-04-04,C0032,Boutique,T-shirts,T-shirt basique,M,2,19.9,0,39.8
16161,2026-04-04,C0595,Boutique,T-shirts,T-shirt basique,S,1,19.9,0,19.9
16161,2026-04-04,C0595,Boutique,Accessoires,Écharpe,Unique,1,24.9,0,24.9
16162,2026-04-04,C0092,Boutique,Accessoires,Casquette,Unique,2,19.9,0,39.8
16163,2026-04-04,C0182,Boutique,Accessoires,Ceinture,Unique,1,29.9,0,29.9
16164,2026-04-04,C0285,Boutique,Pantalons,Jean droit,XL,1,59.9,0,59.9
16165,2026-04-04,C0122,En ligne,T-shirts,T-shirt basique,S,1,19.9,0,19.9
16166,2026-04-04,C0095,En ligne,Pantalons,Jean slim,XS,1,54.9,0,54.9
16167,2026-04-04,C0828,Boutique,T-shirts,T-shirt imprimé,S,2,24.9,0,49.8
16167,2026-04-04,C0828,Boutique,Pulls & sweats,Sweat col rond,M,1,39.9,0,39.9
16167,2026-04-04,C0828,Boutique,T-shirts,T-shirt imprimé,XS,1,24.9,0,24.9
16168,2026-04-04,C0367,Boutique,Pantalons,Pantalon cargo,M,1,49.9,0,49.9
16168,2026-04-04,C0367,Boutique,T-shirts,T-shirt oversize,XL,1,29.9,0,29.9
16169,2026-04-04,C0761,Boutique,Chaussures,Sneakers running,43,1,99.9,0,99.9
16169,2026-04-04,C0761,Boutique,Accessoires,Sac banane,Unique,1,34.9,0,34.9
16170,2026-04-04,C0074,Boutique,T-shirts,T-shirt imprimé,S,1,24.9,0,24.9
16170,2026-04-04,C0074,Boutique,Accessoires,Ceinture,Unique,1,29.9,0,29.9
16171,2026-04-04,C0742,En ligne,Pantalons,Jogging,M,1,34.9,0,34.9
16172,2026-04-04,C0094,En ligne,T-shirts,T-shirt basique,M,1,19.9,0,19.9
16173,2026-04-04,C0027,Boutique,Accessoires,Sac banane,Unique,1,34.9,0,34.9
16174,2026-04-04,C0653,En ligne,Pantalons,Pantalon cargo,L,1,49.9,0,49.9
16175,2026-04-04,C0254,Boutique,Chaussures,Sneakers running,40,1,99.9,0,99.9
16175,2026-04-04,C0254,Boutique,T-shirts,T-shirt basique,M,1,19.9,0,19.9
16176,2026-04-04,C0070,Boutique,Pantalons,Jogging,XL,1,34.9,0,34.9
16176,2026-04-04,C0070,Boutique,Accessoires,Casquette,Unique,1,19.9,0,19.9
16177,2026-04-04,C0520,Boutique,Accessoires,Sac banane,Unique,1,34.9,0,34.9
16178,2026-04-04,C0496,Boutique,Vestes,Veste en jean,M,1,79.9,0,79.9
16178,2026-04-04,C0496,Boutique,Pantalons,Jean slim,M,1,54.9,0,54.9
16179,2026-04-04,C0153,En ligne,Chaussures,Sneakers running,40,2,99.9,0,199.8
16179,2026-04-04,C0153,En ligne,Accessoires,Écharpe,Unique,2,24.9,0,49.8
16180,2026-04-04,C0232,En ligne,Vestes,Veste en jean,L,1,79.9,0,79.9
16180,2026-04-04,C0232,En ligne,Pulls & sweats,Sweat col rond,M,1,39.9,0,39.9
16181,2026-04-04,C0022,Boutique,Pulls & sweats,Sweat à capuche,M,1,49.9,0,49.9
16182,2026-04-04,C0372,Boutique,T-shirts,T-shirt oversize,L,1,29.9,0,29.9
16182,2026-04-04,C0372,Boutique,T-shirts,T-shirt basique,XL,2,19.9,0,39.8
16182,2026-04-04,C0372,Boutique,Chaussures,Bottines,40,1,109.9,0,109.9
16183,2026-04-04,C0078,Boutique,Accessoires,Sac banane,Unique,1,34.9,0,34.9
16183,2026-04-04,C0078,Boutique,Chaussures,Bottines,43,1,109.9,0,109.9
16184,2026-04-04,C0697,En ligne,Pulls & sweats,Pull en laine,M,2,59.9,0,119.8
16184,2026-04-04,C0697,En ligne,Accessoires,Sac banane,Unique,1,34.9,0,34.9
16185,2026-04-04,C0446,Boutique,T-shirts,T-shirt imprimé,L,1,24.9,0,24.9
16186,2026-04-06,C0122,Boutique,Accessoires,Sac banane,Unique,1,34.9,0,34.9
16187,2026-04-06,C0262,Boutique,Vestes,Doudoune,M,1,119.9,0,119.9
16188,2026-04-06,C0112,Boutique,Chaussures,Baskets blanches,43,1,89.9,0,89.9
16188,2026-04-06,C0112,Boutique,T-shirts,T-shirt oversize,XS,1,29.9,0,29.9
16189,2026-04-06,C0036,En ligne,Pulls & sweats,Sweat col rond,S,2,39.9,0,79.8
16190,2026-04-06,C0089,Boutique,Accessoires,Sac banane,Unique,1,34.9,0,34.9
16191,2026-04-06,C0279,Boutique,Accessoires,Écharpe,Unique,1,24.9,0,24.9
16191,2026-04-06,C0279,Boutique,Pulls & sweats,Pull en laine,L,2,59.9,0,119.8
16191,2026-04-06,C0279,Boutique,Accessoires,Casquette,Unique,1,19.9,0,19.9
16192,2026-04-06,C0092,Boutique,Pulls & sweats,Pull en laine,L,2,59.9,0,119.8
16192,2026-04-06,C0092,Boutique,T-shirts,T-shirt oversize,S,1,29.9,0,29.9
16193,2026-04-06,C0578,Boutique,Pulls & sweats,Sweat à capuche,M,1,49.9,0,49.9
16194,2026-04-06,C0846,Boutique,Accessoires,Casquette,Unique,1,19.9,0,19.9
16194,2026-04-06,C0846,Boutique,Pulls & sweats,Sweat col rond,L,2,39.9,0,79.8
16194,2026-04-06,C0846,Boutique,Pulls & sweats,Pull en laine,S,1,59.9,0,59.9
16195,2026-04-06,C0073,En ligne,Pantalons,Jogging,L,1,34.9,0,34.9
16196,2026-04-06,C0509,Boutique,Accessoires,Casquette,Unique,1,19.9,0,19.9
16197,2026-04-06,C0510,Boutique,Pantalons,Pantalon cargo,L,1,49.9,0,49.9
16198,2026-04-06,C0742,Boutique,Pulls & sweats,Pull en laine,S,1,59.9,0,59.9
16199,2026-04-06,C0167,Boutique,T-shirts,T-shirt imprimé,XL,1,24.9,0,24.9
16200,2026-04-07,C0759,En ligne,Accessoires,Casquette,Unique,1,19.9,0,19.9
16201,2026-04-07,C0609,Boutique,Pulls & sweats,Sweat à capuche,M,1,49.9,0,49.9
16202,2026-04-07,C0112,Boutique,T-shirts,T-shirt oversize,M,1,29.9,0,29.9
16203,2026-04-07,C0084,En ligne,T-shirts,T-shirt basique,XS,2,19.9,0,39.8
16204,2026-04-07,C0046,Boutique,Pulls & sweats,Sweat à capuche,M,1,49.9,0,49.9
16204,2026-04-07,C0046,Boutique,Chaussures,Bottines,39,1,109.9,0,109.9
16205,2026-04-07,C0440,En ligne,Accessoires,Ceinture,Unique,1,29.9,0,29.9
16206,2026-04-07,C0707,Boutique,Pantalons,Pantalon cargo,XS,1,49.9,0,49.9
16207,2026-04-07,C0048,En ligne,Pantalons,Pantalon cargo,L,1,49.9,0,49.9
16208,2026-04-07,C0542,En ligne,Pulls & sweats,Pull en laine,S,1,59.9,0,59.9
16209,2026-04-07,C0364,Boutique,Pulls & sweats,Sweat à capuche,L,1,49.9,0,49.9
16209,2026-04-07,C0364,Boutique,Accessoires,Casquette,Unique,2,19.9,0,39.8
16209,2026-04-07,C0364,Boutique,Accessoires,Bonnet,Unique,1,17.9,0,17.9
16210,2026-04-07,C0746,Boutique,Vestes,Doudoune,S,2,119.9,0,239.8
16211,2026-04-07,C0179,Boutique,Pulls & sweats,Sweat col rond,XS,1,39.9,0,39.9
16212,2026-04-07,C0626,En ligne,Pantalons,Pantalon cargo,L,1,49.9,0,49.9
16212,2026-04-07,C0626,En ligne,Vestes,Coupe-vent,M,1,64.9,0,64.9
16212,2026-04-07,C0626,En ligne,T-shirts,T-shirt basique,S,1,19.9,0,19.9
16213,2026-04-07,C0725,Boutique,Pantalons,Pantalon cargo,S,1,49.9,0,49.9
16214,2026-04-08,C0281,En ligne,Pulls & sweats,Pull en laine,XL,1,59.9,0,59.9
16215,2026-04-08,C0213,En ligne,T-shirts,T-shirt oversize,M,1,29.9,0,29.9
16215,2026-04-08,C0213,En ligne,Pantalons,Jogging,S,1,34.9,0,34.9
16215,2026-04-08,C0213,En ligne,Pulls & sweats,Sweat col rond,S,1,39.9,0,39.9
16216,2026-04-08,C0048,Boutique,Vestes,Coupe-vent,M,1,64.9,0,64.9
16216,2026-04-08,C0048,Boutique,T-shirts,T-shirt basique,S,1,19.9,0,19.9
16216,2026-04-08,C0048,Boutique,Pulls & sweats,Sweat à capuche,L,1,49.9,0,49.9
16217,2026-04-08,C0064,Boutique,Pulls & sweats,Pull en laine,M,1,59.9,0,59.9
16218,2026-04-08,C0006,Boutique,Chaussures,Baskets blanches,42,1,89.9,0,89.9
16218,2026-04-08,C0006,Boutique,T-shirts,T-shirt imprimé,S,1,24.9,0,24.9
16219,2026-04-08,C0031,Boutique,Pulls & sweats,Sweat col rond,S,1,39.9,0,39.9
16220,2026-04-08,C0727,En ligne,Pantalons,Jean slim,M,1,54.9,0,54.9
16220,2026-04-08,C0727,En ligne,Accessoires,Sac banane,Unique,1,34.9,0,34.9
16221,2026-04-08,C0094,Boutique,Vestes,Veste en jean,M,1,79.9,0,79.9
16222,2026-04-08,C0070,Boutique,Accessoires,Écharpe,Unique,1,24.9,0,24.9
16223,2026-04-08,C0066,Boutique,Pulls & sweats,Sweat à capuche,M,1,49.9,0,49.9
16223,2026-04-08,C0066,Boutique,Pulls & sweats,Sweat col rond,L,1,39.9,0,39.9
16224,2026-04-08,C0763,Boutique,Pantalons,Jogging,M,1,34.9,0,34.9
16225,2026-04-08,C0069,En ligne,T-shirts,T-shirt basique,M,1,19.9,0,19.9
16226,2026-04-08,C0004,Boutique,T-shirts,T-shirt basique,S,1,19.9,0,19.9
16227,2026-04-08,C0277,En ligne,Chaussures,Bottines,40,1,109.9,0,109.9
16228,2026-04-08,C0039,En ligne,T-shirts,T-shirt basique,L,1,19.9,0,19.9
16229,2026-04-09,C0077,Boutique,Pantalons,Jogging,S,1,34.9,0,34.9
16230,2026-04-09,C0457,En ligne,Chaussures,Baskets blanches,39,1,89.9,0,89.9
16231,2026-04-09,C0400,Boutique,Pantalons,Jogging,L,1,34.9,0,34.9
16232,2026-04-09,C0096,Boutique,Accessoires,Bonnet,Unique,1,17.9,0,17.9
16232,2026-04-09,C0096,Boutique,Pulls & sweats,Sweat à capuche,M,1,49.9,0,49.9
16233,2026-04-09,C0585,En ligne,T-shirts,T-shirt imprimé,XL,1,24.9,0,24.9
16234,2026-04-09,C0071,Boutique,Pulls & sweats,Sweat col rond,M,1,39.9,0,39.9
16234,2026-04-09,C0071,Boutique,Pantalons,Jean slim,S,1,54.9,0,54.9
16235,2026-04-09,C0039,En ligne,Chaussures,Sneakers running,44,1,99.9,0,99.9
16236,2026-04-09,C0025,En ligne,Chaussures,Sneakers running,39,1,99.9,0,99.9
16237,2026-04-09,C0046,Boutique,T-shirts,T-shirt imprimé,M,1,24.9,0,24.9
16238,2026-04-09,C0035,En ligne,Accessoires,Bonnet,Unique,2,17.9,0,35.8
16238,2026-04-09,C0035,En ligne,Vestes,Veste en jean,XS,1,79.9,0,79.9
16239,2026-04-10,C0515,Boutique,Pulls & sweats,Pull en laine,XL,1,59.9,0,59.9
16239,2026-04-10,C0515,Boutique,T-shirts,T-shirt basique,S,1,19.9,0,19.9
16240,2026-04-10,C0004,En ligne,Pulls & sweats,Pull en laine,S,1,59.9,0,59.9
16241,2026-04-10,C0114,Boutique,Pulls & sweats,Sweat à capuche,S,1,49.9,0,49.9
16242,2026-04-10,C0307,En ligne,T-shirts,T-shirt imprimé,L,1,24.9,0,24.9
16242,2026-04-10,C0307,En ligne,Pantalons,Pantalon cargo,M,1,49.9,0,49.9
16243,2026-04-10,C0040,Boutique,Vestes,Veste en jean,XL,2,79.9,0,159.8
16244,2026-04-10,C0078,En ligne,T-shirts,T-shirt oversize,M,1,29.9,0,29.9
16245,2026-04-10,C0093,Boutique,Pulls & sweats,Pull en laine,XL,1,59.9,0,59.9
16246,2026-04-10,C0198,En ligne,Accessoires,Bonnet,Unique,1,17.9,0,17.9
16246,2026-04-10,C0198,En ligne,T-shirts,T-shirt basique,M,1,19.9,0,19.9
16246,2026-04-10,C0198,En ligne,T-shirts,T-shirt basique,M,1,19.9,0,19.9
16247,2026-04-10,C0094,Boutique,T-shirts,T-shirt basique,L,2,19.9,0,39.8
16247,2026-04-10,C0094,Boutique,Accessoires,Sac banane,Unique,1,34.9,0,34.9
16247,2026-04-10,C0094,Boutique,Accessoires,Casquette,Unique,2,19.9,0,39.8
16248,2026-04-10,C0566,Boutique,T-shirts,T-shirt imprimé,XL,2,24.9,0,49.8
16249,2026-04-10,C0520,En ligne,T-shirts,T-shirt basique,XS,1,19.9,0,19.9
16250,2026-04-10,C0231,Boutique,T-shirts,T-shirt basique,M,1,19.9,0,19.9
16251,2026-04-10,C0109,Boutique,Pulls & sweats,Sweat col rond,M,1,39.9,0,39.9
16252,2026-04-10,C0616,Boutique,Pulls & sweats,Pull en laine,M,1,59.9,0,59.9
16253,2026-04-10,C0063,En ligne,Pantalons,Jean slim,M,1,54.9,0,54.9
16254,2026-04-10,C0120,En ligne,Pantalons,Jean slim,S,1,54.9,0,54.9
16255,2026-04-10,C0021,En ligne,Vestes,Veste en jean,XL,1,79.9,0,79.9
16255,2026-04-10,C0021,En ligne,Accessoires,Casquette,Unique,1,19.9,0,19.9
16255,2026-04-10,C0021,En ligne,Pantalons,Pantalon cargo,M,1,49.9,0,49.9
16256,2026-04-11,C0045,En ligne,Accessoires,Ceinture,Unique,1,29.9,0,29.9
16257,2026-04-11,C0892,En ligne,Accessoires,Bonnet,Unique,1,17.9,0,17.9
16258,2026-04-11,C0064,Boutique,Accessoires,Casquette,Unique,1,19.9,0,19.9
16258,2026-04-11,C0064,Boutique,Pantalons,Jean slim,S,1,54.9,0,54.9
16259,2026-04-11,C0283,Boutique,Pulls & sweats,Sweat col rond,L,1,39.9,0,39.9
16260,2026-04-11,C0607,En ligne,T-shirts,T-shirt basique,L,1,19.9,0,19.9
16261,2026-04-11,C0063,Boutique,T-shirts,T-shirt basique,XL,1,19.9,0,19.9
16261,2026-04-11,C0063,Boutique,Pantalons,Jogging,S,1,34.9,0,34.9
16261,2026-04-11,C0063,Boutique,T-shirts,T-shirt imprimé,M,1,24.9,0,24.9
16262,2026-04-11,C0076,Boutique,Accessoires,Casquette,Unique,2,19.9,0,39.8
16263,2026-04-11,C0023,En ligne,Accessoires,Ceinture,Unique,1,29.9,0,29.9
16263,2026-04-11,C0023,En ligne,Accessoires,Ceinture,Unique,2,29.9,0,59.8
16264,2026-04-11,C0137,En ligne,Accessoires,Ceinture,Unique,1,29.9,0,29.9
16265,2026-04-11,C0015,En ligne,Pulls & sweats,Pull en laine,M,1,59.9,0,59.9
16265,2026-04-11,C0015,En ligne,Chaussures,Bottines,44,1,109.9,0,109.9
16266,2026-04-11,C0091,Boutique,Chaussures,Bottines,42,2,109.9,0,219.8
16267,2026-04-11,C0577,Boutique,T-shirts,T-shirt imprimé,XS,1,24.9,0,24.9
16267,2026-04-11,C0577,Boutique,Pantalons,Pantalon cargo,L,1,49.9,0,49.9
16268,2026-04-11,C0768,Boutique,T-shirts,T-shirt basique,S,1,19.9,0,19.9
16269,2026-04-11,C0832,En ligne,Pulls & sweats,Pull en laine,XL,1,59.9,0,59.9
16269,2026-04-11,C0832,En ligne,Pulls & sweats,Sweat col rond,XL,1,39.9,0,39.9
16270,2026-04-11,C0115,En ligne,Pantalons,Jean droit,M,2,59.9,0,119.8
16270,2026-04-11,C0115,En ligne,Chaussures,Baskets blanches,43,2,89.9,0,179.8
16270,2026-04-11,C0115,En ligne,Pulls & sweats,Sweat à capuche,S,1,49.9,0,49.9
16271,2026-04-11,C0682,En ligne,Pulls & sweats,Pull en laine,L,2,59.9,0,119.8
16272,2026-04-11,C0034,Boutique,Accessoires,Sac banane,Unique,1,34.9,0,34.9
16273,2026-04-11,C0002,En ligne,T-shirts,T-shirt basique,XL,1,19.9,0,19.9
16273,2026-04-11,C0002,En ligne,Vestes,Doudoune,L,1,119.9,0,119.9
16274,2026-04-13,C0026,Boutique,Vestes,Veste en jean,M,1,79.9,0,79.9
16274,2026-04-13,C0026,Boutique,Pantalons,Jean droit,S,1,59.9,0,59.9
16274,2026-04-13,C0026,Boutique,Pulls & sweats,Sweat à capuche,M,1,49.9,0,49.9
16275,2026-04-13,C0177,En ligne,Chaussures,Bottines,39,1,109.9,0,109.9
16276,2026-04-13,C0061,Boutique,T-shirts,T-shirt basique,L,2,19.9,0,39.8
16276,2026-04-13,C0061,Boutique,Accessoires,Écharpe,Unique,1,24.9,0,24.9
16277,2026-04-13,C0193,En ligne,T-shirts,T-shirt basique,M,2,19.9,0,39.8
16278,2026-04-13,C0283,Boutique,Accessoires,Écharpe,Unique,2,24.9,0,49.8
16278,2026-04-13,C0283,Boutique,T-shirts,T-shirt imprimé,S,1,24.9,0,24.9
16279,2026-04-13,C0006,En ligne,Accessoires,Sac banane,Unique,1,34.9,0,34.9
16280,2026-04-13,C0068,En ligne,Chaussures,Baskets blanches,41,1,89.9,0,89.9
16280,2026-04-13,C0068,En ligne,Pulls & sweats,Sweat col rond,L,2,39.9,0,79.8
16281,2026-04-13,C0072,En ligne,Chaussures,Bottines,39,1,109.9,0,109.9
16282,2026-04-13,C0096,En ligne,Accessoires,Bonnet,Unique,1,17.9,0,17.9
16283,2026-04-13,C0102,Boutique,T-shirts,T-shirt basique,L,1,19.9,0,19.9
16284,2026-04-13,C0050,En ligne,Accessoires,Sac banane,Unique,1,34.9,0,34.9
16285,2026-04-13,C0275,Boutique,Pulls & sweats,Sweat à capuche,L,1,49.9,0,49.9
16286,2026-04-13,C0085,Boutique,T-shirts,T-shirt imprimé,M,1,24.9,0,24.9
16286,2026-04-13,C0085,Boutique,T-shirts,T-shirt oversize,L,1,29.9,0,29.9
16287,2026-04-13,C0606,Boutique,Pulls & sweats,Sweat col rond,S,1,39.9,0,39.9
16288,2026-04-13,C0114,Boutique,Chaussures,Sneakers running,44,1,99.9,0,99.9
16288,2026-04-13,C0114,Boutique,T-shirts,T-shirt imprimé,L,2,24.9,0,49.8
16288,2026-04-13,C0114,Boutique,Accessoires,Casquette,Unique,1,19.9,0,19.9
16289,2026-04-13,C0434,Boutique,T-shirts,T-shirt oversize,M,1,29.9,0,29.9
16290,2026-04-13,C0851,Boutique,Chaussures,Sneakers running,40,1,99.9,0,99.9
16291,2026-04-13,C0850,En ligne,Pulls & sweats,Sweat col rond,XS,1,39.9,0,39.9
16291,2026-04-13,C0850,En ligne,Accessoires,Écharpe,Unique,2,24.9,0,49.8
16292,2026-04-13,C0090,En ligne,T-shirts,T-shirt oversize,M,1,29.9,0,29.9
16293,2026-04-14,C0083,En ligne,Accessoires,Sac banane,Unique,1,34.9,0,34.9
16293,2026-04-14,C0083,En ligne,Pulls & sweats,Sweat à capuche,M,1,49.9,0,49.9
16294,2026-04-14,C0630,Boutique,Pantalons,Jogging,L,1,34.9,0,34.9
16294,2026-04-14,C0630,Boutique,Pantalons,Pantalon cargo,S,1,49.9,0,49.9
16295,2026-04-14,C0101,Boutique,Pulls & sweats,Sweat à capuche,M,1,49.9,0,49.9
16295,2026-04-14,C0101,Boutique,Vestes,Coupe-vent,M,1,64.9,0,64.9
16296,2026-04-14,C0226,Boutique,Vestes,Veste en jean,XS,1,79.9,0,79.9
16296,2026-04-14,C0226,Boutique,Pantalons,Pantalon cargo,L,1,49.9,0,49.9
16297,2026-04-14,C0035,Boutique,T-shirts,T-shirt oversize,L,1,29.9,0,29.9
16297,2026-04-14,C0035,Boutique,Pantalons,Jean droit,M,1,59.9,0,59.9
16297,2026-04-14,C0035,Boutique,Accessoires,Ceinture,Unique,1,29.9,0,29.9
16298,2026-04-14,C0282,En ligne,Chaussures,Baskets blanches,42,1,89.9,0,89.9
16299,2026-04-14,C0073,Boutique,Accessoires,Sac banane,Unique,1,34.9,0,34.9
16300,2026-04-14,C0208,Boutique,Accessoires,Sac banane,Unique,1,34.9,0,34.9
16301,2026-04-14,C0024,Boutique,Accessoires,Casquette,Unique,1,19.9,0,19.9
16302,2026-04-14,C0281,Boutique,Pulls & sweats,Sweat col rond,XL,1,39.9,0,39.9
16302,2026-04-14,C0281,Boutique,Pulls & sweats,Pull en laine,M,1,59.9,0,59.9
16303,2026-04-14,C0101,Boutique,Accessoires,Sac banane,Unique,1,34.9,0,34.9
16303,2026-04-14,C0101,Boutique,Chaussures,Sneakers running,43,1,99.9,0,99.9
16304,2026-04-14,C0016,Boutique,T-shirts,T-shirt oversize,M,1,29.9,0,29.9
16304,2026-04-14,C0016,Boutique,Vestes,Doudoune,L,1,119.9,0,119.9
16304,2026-04-14,C0016,Boutique,T-shirts,T-shirt oversize,M,2,29.9,0,59.8
16305,2026-04-14,C0218,Boutique,Accessoires,Casquette,Unique,1,19.9,0,19.9
16305,2026-04-14,C0218,Boutique,Chaussures,Bottines,40,1,109.9,0,109.9
16306,2026-04-14,C0544,Boutique,T-shirts,T-shirt basique,M,1,19.9,0,19.9
16307,2026-04-14,C0500,En ligne,Accessoires,Ceinture,Unique,1,29.9,0,29.9
16308,2026-04-14,C0086,En ligne,Chaussures,Bottines,39,1,109.9,0,109.9
16308,2026-04-14,C0086,En ligne,T-shirts,T-shirt basique,S,1,19.9,0,19.9
16309,2026-04-14,C0003,Boutique,Pantalons,Pantalon cargo,XS,1,49.9,0,49.9
16309,2026-04-14,C0003,Boutique,T-shirts,T-shirt oversize,L,1,29.9,0,29.9
16309,2026-04-14,C0003,Boutique,Chaussures,Baskets blanches,43,1,89.9,0,89.9
16310,2026-04-14,C0111,Boutique,T-shirts,T-shirt oversize,L,1,29.9,0,29.9
16311,2026-04-14,C0118,Boutique,Pantalons,Jean droit,XL,2,59.9,0,119.8
16312,2026-04-15,C0315,En ligne,Accessoires,Bonnet,Unique,2,17.9,0,35.8
16312,2026-04-15,C0315,En ligne,Vestes,Coupe-vent,M,2,64.9,0,129.8
16313,2026-04-15,C0531,En ligne,Vestes,Veste en jean,M,1,79.9,0,79.9
16314,2026-04-15,C0307,Boutique,Pantalons,Jean droit,S,1,59.9,0,59.9
16315,2026-04-15,C0261,En ligne,Pulls & sweats,Pull en laine,S,2,59.9,0,119.8
16316,2026-04-15,C0864,Boutique,Pulls & sweats,Pull en laine,L,1,59.9,0,59.9
16316,2026-04-15,C0864,Boutique,Pantalons,Pantalon cargo,XL,2,49.9,0,99.8
16317,2026-04-15,C0813,En ligne,Pulls & sweats,Sweat à capuche,L,1,49.9,0,49.9
16318,2026-04-15,C0161,Boutique,Accessoires,Casquette,Unique,1,19.9,0,19.9
16319,2026-04-15,C0089,Boutique,T-shirts,T-shirt basique,XL,1,19.9,0,19.9
16320,2026-04-15,C0084,Boutique,Chaussures,Baskets blanches,41,1,89.9,0,89.9
16321,2026-04-15,C0749,En ligne,T-shirts,T-shirt imprimé,XS,1,24.9,0,24.9
16322,2026-04-15,C0288,En ligne,Pulls & sweats,Pull en laine,M,1,59.9,0,59.9
16323,2026-04-15,C0544,Boutique,Accessoires,Ceinture,Unique,1,29.9,0,29.9
16324,2026-04-15,C0504,En ligne,Accessoires,Ceinture,Unique,2,29.9,0,59.8
16325,2026-04-15,C0063,Boutique,Accessoires,Sac banane,Unique,1,34.9,0,34.9
16326,2026-04-15,C0049,En ligne,T-shirts,T-shirt imprimé,S,1,24.9,0,24.9
16327,2026-04-15,C0010,Boutique,Pantalons,Jogging,L,1,34.9,0,34.9
16328,2026-04-15,C0076,En ligne,T-shirts,T-shirt basique,M,1,19.9,0,19.9
16328,2026-04-15,C0076,En ligne,T-shirts,T-shirt basique,L,2,19.9,0,39.8
16328,2026-04-15,C0076,En ligne,Accessoires,Sac banane,Unique,1,34.9,0,34.9
16329,2026-04-16,C0104,En ligne,T-shirts,T-shirt basique,S,2,19.9,0,39.8
16330,2026-04-16,C0039,Boutique,Accessoires,Sac banane,Unique,1,34.9,0,34.9
16331,2026-04-16,C0323,Boutique,Chaussures,Bottines,41,1,109.9,0,109.9
16331,2026-04-16,C0323,Boutique,T-shirts,T-shirt basique,M,1,19.9,0,19.9
16332,2026-04-16,C0586,En ligne,T-shirts,T-shirt basique,L,1,19.9,0,19.9
16333,2026-04-16,C0732,Boutique,Pantalons,Jogging,M,1,34.9,0,34.9
16334,2026-04-16,C0044,Boutique,Accessoires,Ceinture,Unique,1,29.9,0,29.9
16335,2026-04-16,C0064,En ligne,Chaussures,Sneakers running,42,1,99.9,0,99.9
16336,2026-04-16,C0052,Boutique,Pulls & sweats,Pull en laine,M,1,59.9,0,59.9
16337,2026-04-16,C0262,Boutique,T-shirts,T-shirt oversize,M,1,29.9,0,29.9
16337,2026-04-16,C0262,Boutique,Vestes,Coupe-vent,XL,2,64.9,0,129.8
16338,2026-04-16,C0039,Boutique,Pantalons,Pantalon cargo,S,1,49.9,0,49.9
16339,2026-04-17,C0087,En ligne,Chaussures,Baskets blanches,42,1,89.9,0,89.9
16339,2026-04-17,C0087,En ligne,T-shirts,T-shirt basique,M,1,19.9,0,19.9
16339,2026-04-17,C0087,En ligne,Pulls & sweats,Sweat col rond,XS,1,39.9,0,39.9
16340,2026-04-17,C0103,Boutique,T-shirts,T-shirt imprimé,S,1,24.9,0,24.9
16340,2026-04-17,C0103,Boutique,Vestes,Veste en jean,S,1,79.9,0,79.9
16340,2026-04-17,C0103,Boutique,Accessoires,Ceinture,Unique,1,29.9,0,29.9
16341,2026-04-17,C0059,Boutique,Pulls & sweats,Sweat col rond,S,1,39.9,0,39.9
16342,2026-04-17,C0007,Boutique,Accessoires,Écharpe,Unique,1,24.9,0,24.9
16343,2026-04-17,C0217,Boutique,Accessoires,Casquette,Unique,1,19.9,0,19.9
16344,2026-04-17,C0282,En ligne,Vestes,Veste en jean,L,1,79.9,0,79.9
16344,2026-04-17,C0282,En ligne,Chaussures,Baskets blanches,43,1,89.9,0,89.9
16345,2026-04-17,C0042,En ligne,Accessoires,Bonnet,Unique,1,17.9,0,17.9
16346,2026-04-17,C0100,En ligne,Pulls & sweats,Sweat col rond,L,1,39.9,0,39.9
16346,2026-04-17,C0100,En ligne,Vestes,Doudoune,XS,2,119.9,0,239.8
16346,2026-04-17,C0100,En ligne,Chaussures,Baskets blanches,41,1,89.9,0,89.9
16347,2026-04-17,C0103,En ligne,T-shirts,T-shirt basique,M,1,19.9,0,19.9
16347,2026-04-17,C0103,En ligne,T-shirts,T-shirt basique,L,1,19.9,0,19.9
16348,2026-04-17,C0046,En ligne,T-shirts,T-shirt imprimé,L,1,24.9,0,24.9
16349,2026-04-17,C0125,Boutique,T-shirts,T-shirt imprimé,M,1,24.9,0,24.9
16350,2026-04-17,C0559,En ligne,Accessoires,Écharpe,Unique,2,24.9,0,49.8
16351,2026-04-18,C0015,En ligne,T-shirts,T-shirt basique,M,1,19.9,0,19.9
16352,2026-04-18,C0264,En ligne,Pulls & sweats,Sweat col rond,M,1,39.9,0,39.9
16352,2026-04-18,C0264,En ligne,Pantalons,Jean slim,S,1,54.9,0,54.9
16353,2026-04-18,C0103,Boutique,Accessoires,Bonnet,Unique,1,17.9,0,17.9
16353,2026-04-18,C0103,Boutique,Pulls & sweats,Sweat col rond,L,1,39.9,0,39.9
16354,2026-04-18,C0078,En ligne,Chaussures,Bottines,39,2,109.9,0,219.8
16355,2026-04-18,C0076,En ligne,T-shirts,T-shirt imprimé,L,1,24.9,0,24.9
16355,2026-04-18,C0076,En ligne,Pulls & sweats,Sweat col rond,S,1,39.9,0,39.9
16356,2026-04-18,C0071,En ligne,Pulls & sweats,Pull en laine,M,1,59.9,0,59.9
16357,2026-04-18,C0064,En ligne,T-shirts,T-shirt basique,S,2,19.9,0,39.8
16358,2026-04-18,C0089,En ligne,Vestes,Doudoune,M,2,119.9,0,239.8
16359,2026-04-18,C0690,En ligne,Pantalons,Jean droit,M,1,59.9,0,59.9
16359,2026-04-18,C0690,En ligne,Pantalons,Jean droit,M,1,59.9,0,59.9
16360,2026-04-18,C0880,Boutique,T-shirts,T-shirt oversize,M,1,29.9,0,29.9
16361,2026-04-18,C0347,En ligne,T-shirts,T-shirt oversize,M,1,29.9,0,29.9
16361,2026-04-18,C0347,En ligne,T-shirts,T-shirt imprimé,L,2,24.9,0,49.8
16362,2026-04-18,C0102,En ligne,Pantalons,Jean slim,S,2,54.9,0,109.8
16363,2026-04-18,C0415,Boutique,Pantalons,Jean droit,M,1,59.9,0,59.9
16363,2026-04-18,C0415,Boutique,Pulls & sweats,Sweat à capuche,XS,1,49.9,0,49.9
16364,2026-04-18,C0026,Boutique,Accessoires,Bonnet,Unique,2,17.9,0,35.8
16365,2026-04-18,C0034,En ligne,T-shirts,T-shirt oversize,XL,1,29.9,0,29.9
16366,2026-04-18,C0524,En ligne,Pantalons,Jogging,XS,1,34.9,0,34.9
16367,2026-04-20,C0060,Boutique,Pantalons,Jean droit,M,1,59.9,0,59.9
16368,2026-04-20,C0163,Boutique,T-shirts,T-shirt oversize,S,1,29.9,0,29.9
16369,2026-04-20,C0794,En ligne,Pulls & sweats,Sweat col rond,L,1,39.9,0,39.9
16370,2026-04-20,C0836,Boutique,T-shirts,T-shirt oversize,M,1,29.9,0,29.9
16370,2026-04-20,C0836,Boutique,Pantalons,Jean droit,S,1,59.9,0,59.9
16371,2026-04-20,C0038,Boutique,Pantalons,Jogging,L,1,34.9,0,34.9
16371,2026-04-20,C0038,Boutique,Accessoires,Ceinture,Unique,1,29.9,0,29.9
16372,2026-04-20,C0016,Boutique,Vestes,Coupe-vent,XL,1,64.9,0,64.9
16372,2026-04-20,C0016,Boutique,Pantalons,Jean droit,L,1,59.9,0,59.9
16373,2026-04-20,C0529,En ligne,Vestes,Veste en jean,XL,1,79.9,0,79.9
16373,2026-04-20,C0529,En ligne,Pulls & sweats,Sweat à capuche,S,1,49.9,0,49.9
16374,2026-04-20,C0356,Boutique,T-shirts,T-shirt oversize,S,1,29.9,0,29.9
16374,2026-04-20,C0356,Boutique,Chaussures,Bottines,44,1,109.9,0,109.9
16374,2026-04-20,C0356,Boutique,Pantalons,Jean droit,S,1,59.9,0,59.9
16375,2026-04-20,C0291,Boutique,Accessoires,Écharpe,Unique,1,24.9,0,24.9
16376,2026-04-20,C0570,En ligne,Chaussures,Bottines,44,1,109.9,0,109.9
16377,2026-04-21,C0066,Boutique,Chaussures,Bottines,44,1,109.9,0,109.9
16378,2026-04-21,C0057,Boutique,Pantalons,Jean slim,M,1,54.9,0,54.9
16378,2026-04-21,C0057,Boutique,Accessoires,Bonnet,Unique,2,17.9,0,35.8
16379,2026-04-21,C0623,Boutique,T-shirts,T-shirt oversize,XL,2,29.9,0,59.8
16380,2026-04-21,C0654,Boutique,Accessoires,Ceinture,Unique,1,29.9,0,29.9
16380,2026-04-21,C0654,Boutique,Chaussures,Bottines,43,1,109.9,0,109.9
16381,2026-04-21,C0100,Boutique,T-shirts,T-shirt basique,M,1,19.9,0,19.9
16382,2026-04-21,C0089,En ligne,Accessoires,Bonnet,Unique,1,17.9,0,17.9
16383,2026-04-21,C0008,Boutique,Accessoires,Écharpe,Unique,1,24.9,0,24.9
16384,2026-04-21,C0790,Boutique,Pantalons,Pantalon cargo,L,1,49.9,0,49.9
16384,2026-04-21,C0790,Boutique,Accessoires,Ceinture,Unique,1,29.9,0,29.9
16385,2026-04-21,C0384,En ligne,Pulls & sweats,Sweat col rond,S,1,39.9,0,39.9
16386,2026-04-21,C0610,En ligne,Accessoires,Sac banane,Unique,1,34.9,0,34.9
16386,2026-04-21,C0610,En ligne,Pantalons,Pantalon cargo,M,1,49.9,0,49.9
16386,2026-04-21,C0610,En ligne,Accessoires,Sac banane,Unique,1,34.9,0,34.9
16387,2026-04-21,C0806,En ligne,Vestes,Coupe-vent,M,1,64.9,0,64.9
16388,2026-04-21,C0041,Boutique,Accessoires,Écharpe,Unique,1,24.9,0,24.9
16389,2026-04-21,C0743,Boutique,Accessoires,Sac banane,Unique,1,34.9,0,34.9
16389,2026-04-21,C0743,Boutique,Vestes,Coupe-vent,L,1,64.9,0,64.9
16389,2026-04-21,C0743,Boutique,Pantalons,Jean droit,M,1,59.9,0,59.9
16390,2026-04-22,C0081,Boutique,T-shirts,T-shirt basique,M,1,19.9,0,19.9
16391,2026-04-22,C0881,Boutique,Pulls & sweats,Pull en laine,S,1,59.9,0,59.9
16391,2026-04-22,C0881,Boutique,Vestes,Veste en jean,S,1,79.9,0,79.9
16391,2026-04-22,C0881,Boutique,Accessoires,Bonnet,Unique,1,17.9,0,17.9
16392,2026-04-22,C0055,Boutique,Pulls & sweats,Sweat col rond,S,1,39.9,0,39.9
16392,2026-04-22,C0055,Boutique,Pulls & sweats,Pull en laine,L,1,59.9,0,59.9
16393,2026-04-22,C0051,En ligne,Pantalons,Jean slim,L,1,54.9,0,54.9
16393,2026-04-22,C0051,En ligne,Pantalons,Jean slim,M,1,54.9,0,54.9
16394,2026-04-22,C0021,En ligne,T-shirts,T-shirt oversize,M,1,29.9,0,29.9
16394,2026-04-22,C0021,En ligne,Pulls & sweats,Sweat à capuche,L,1,49.9,0,49.9
16394,2026-04-22,C0021,En ligne,Pantalons,Jean slim,M,1,54.9,0,54.9
16395,2026-04-22,C0060,En ligne,T-shirts,T-shirt imprimé,XL,2,24.9,0,49.8
16395,2026-04-22,C0060,En ligne,Pantalons,Jogging,S,1,34.9,0,34.9
16396,2026-04-22,C0012,Boutique,Chaussures,Sneakers running,41,1,99.9,0,99.9
16397,2026-04-22,C0003,Boutique,Pulls & sweats,Sweat col rond,XS,2,39.9,0,79.8
16398,2026-04-22,C0485,Boutique,T-shirts,T-shirt imprimé,S,1,24.9,0,24.9
16399,2026-04-22,C0100,En ligne,Vestes,Doudoune,S,1,119.9,0,119.9
16399,2026-04-22,C0100,En ligne,T-shirts,T-shirt basique,M,2,19.9,0,39.8
16400,2026-04-22,C0189,En ligne,T-shirts,T-shirt basique,XL,2,19.9,0,39.8
16401,2026-04-22,C0234,Boutique,T-shirts,T-shirt imprimé,M,1,24.9,0,24.9
16402,2026-04-22,C0829,En ligne,T-shirts,T-shirt basique,L,1,19.9,0,19.9
16402,2026-04-22,C0829,En ligne,T-shirts,T-shirt oversize,XS,1,29.9,0,29.9
16403,2026-04-22,C0492,Boutique,Accessoires,Ceinture,Unique,2,29.9,0,59.8
16403,2026-04-22,C0492,Boutique,Chaussures,Bottines,39,1,109.9,0,109.9
16403,2026-04-22,C0492,Boutique,Chaussures,Sneakers running,42,2,99.9,0,199.8
16404,2026-04-22,C0439,En ligne,Accessoires,Ceinture,Unique,1,29.9,0,29.9
16405,2026-04-22,C0012,Boutique,Chaussures,Baskets blanches,44,1,89.9,0,89.9
16406,2026-04-22,C0038,Boutique,Vestes,Veste en jean,M,1,79.9,0,79.9
16407,2026-04-23,C0773,Boutique,T-shirts,T-shirt basique,L,1,19.9,0,19.9
16408,2026-04-23,C0360,Boutique,T-shirts,T-shirt oversize,XS,1,29.9,0,29.9
16409,2026-04-23,C0081,En ligne,Accessoires,Bonnet,Unique,1,17.9,0,17.9
16410,2026-04-23,C0137,Boutique,Pantalons,Jean droit,L,1,59.9,0,59.9
16411,2026-04-23,C0550,En ligne,Chaussures,Sneakers running,43,1,99.9,0,99.9
16411,2026-04-23,C0550,En ligne,Pantalons,Jogging,XL,1,34.9,0,34.9
16411,2026-04-23,C0550,En ligne,Accessoires,Sac banane,Unique,1,34.9,0,34.9
16412,2026-04-23,C0523,Boutique,T-shirts,T-shirt oversize,XL,2,29.9,0,59.8
16413,2026-04-23,C0504,Boutique,Pulls & sweats,Sweat à capuche,L,1,49.9,0,49.9
16414,2026-04-23,C0259,Boutique,Accessoires,Sac banane,Unique,1,34.9,0,34.9
16414,2026-04-23,C0259,Boutique,T-shirts,T-shirt imprimé,M,1,24.9,0,24.9
16415,2026-04-23,C0110,Boutique,Vestes,Coupe-vent,L,1,64.9,0,64.9
16416,2026-04-23,C0240,En ligne,Pantalons,Pantalon cargo,L,1,49.9,0,49.9
16416,2026-04-23,C0240,En ligne,Accessoires,Casquette,Unique,1,19.9,0,19.9
16417,2026-04-23,C0154,Boutique,T-shirts,T-shirt basique,M,1,19.9,0,19.9
16418,2026-04-23,C0069,En ligne,Accessoires,Sac banane,Unique,1,34.9,0,34.9
16419,2026-04-24,C0485,Boutique,T-shirts,T-shirt imprimé,L,1,24.9,0,24.9
16420,2026-04-24,C0090,Boutique,Accessoires,Bonnet,Unique,1,17.9,0,17.9
16421,2026-04-24,C0138,En ligne,T-shirts,T-shirt oversize,L,1,29.9,0,29.9
16422,2026-04-24,C0113,En ligne,Pulls & sweats,Sweat col rond,S,1,39.9,0,39.9
16423,2026-04-24,C0097,Boutique,T-shirts,T-shirt imprimé,M,1,24.9,0,24.9
16423,2026-04-24,C0097,Boutique,Pantalons,Jean slim,XS,2,54.9,0,109.8
16423,2026-04-24,C0097,Boutique,Accessoires,Sac banane,Unique,1,34.9,0,34.9
16424,2026-04-24,C0483,Boutique,Accessoires,Écharpe,Unique,1,24.9,0,24.9
16425,2026-04-24,C0170,En ligne,Pulls & sweats,Pull en laine,XL,1,59.9,0,59.9
16426,2026-04-24,C0081,Boutique,Pulls & sweats,Pull en laine,XS,1,59.9,0,59.9
16427,2026-04-25,C0120,Boutique,Pantalons,Jean slim,XL,1,54.9,0,54.9
16428,2026-04-25,C0243,Boutique,Pulls & sweats,Sweat à capuche,S,1,49.9,0,49.9
16429,2026-04-25,C0707,Boutique,Accessoires,Écharpe,Unique,2,24.9,0,49.8
16429,2026-04-25,C0707,Boutique,Vestes,Doudoune,M,1,119.9,0,119.9
16430,2026-04-25,C0045,Boutique,Vestes,Doudoune,M,1,119.9,0,119.9
16430,2026-04-25,C0045,Boutique,Accessoires,Ceinture,Unique,2,29.9,0,59.8
16431,2026-04-25,C0233,Boutique,Accessoires,Sac banane,Unique,1,34.9,0,34.9
16431,2026-04-25,C0233,Boutique,T-shirts,T-shirt oversize,S,2,29.9,0,59.8
16432,2026-04-25,C0767,Boutique,Accessoires,Casquette,Unique,1,19.9,0,19.9
16433,2026-04-25,C0592,Boutique,Pantalons,Jogging,XS,2,34.9,0,69.8
16433,2026-04-25,C0592,Boutique,T-shirts,T-shirt basique,XL,1,19.9,0,19.9
16434,2026-04-25,C0734,Boutique,Pulls & sweats,Pull en laine,M,2,59.9,0,119.8
16435,2026-04-25,C0116,Boutique,T-shirts,T-shirt oversize,S,1,29.9,0,29.9
16436,2026-04-25,C0508,Boutique,T-shirts,T-shirt imprimé,S,1,24.9,0,24.9
16437,2026-04-25,C0862,Boutique,Accessoires,Bonnet,Unique,1,17.9,0,17.9
16437,2026-04-25,C0862,Boutique,Chaussures,Bottines,44,1,109.9,0,109.9
16438,2026-04-25,C0030,En ligne,Accessoires,Écharpe,Unique,1,24.9,0,24.9
16439,2026-04-25,C0757,Boutique,Accessoires,Ceinture,Unique,2,29.9,0,59.8
16440,2026-04-25,C0340,Boutique,Vestes,Doudoune,XS,2,119.9,0,239.8
16440,2026-04-25,C0340,Boutique,T-shirts,T-shirt oversize,L,1,29.9,0,29.9
16440,2026-04-25,C0340,Boutique,Accessoires,Écharpe,Unique,1,24.9,0,24.9
16441,2026-04-25,C0334,Boutique,Chaussures,Bottines,41,1,109.9,0,109.9
16442,2026-04-25,C0291,En ligne,T-shirts,T-shirt imprimé,L,1,24.9,0,24.9
16443,2026-04-25,C0099,Boutique,Pantalons,Jogging,S,1,34.9,0,34.9
16444,2026-04-25,C0008,En ligne,Pantalons,Jean slim,L,1,54.9,0,54.9
16445,2026-04-25,C0817,En ligne,Accessoires,Ceinture,Unique,1,29.9,0,29.9
16446,2026-04-25,C0022,En ligne,Pantalons,Pantalon cargo,XL,1,49.9,0,49.9
16446,2026-04-25,C0022,En ligne,Chaussures,Sneakers running,43,1,99.9,0,99.9
16447,2026-04-27,C0520,Boutique,T-shirts,T-shirt basique,M,2,19.9,0,39.8
16448,2026-04-27,C0097,Boutique,Accessoires,Bonnet,Unique,1,17.9,0,17.9
16448,2026-04-27,C0097,Boutique,Accessoires,Ceinture,Unique,1,29.9,0,29.9
16449,2026-04-27,C0456,En ligne,Accessoires,Sac banane,Unique,1,34.9,0,34.9
16449,2026-04-27,C0456,En ligne,Accessoires,Casquette,Unique,1,19.9,0,19.9
16450,2026-04-27,C0005,En ligne,Pantalons,Pantalon cargo,L,1,49.9,0,49.9
16451,2026-04-27,C0359,En ligne,Accessoires,Sac banane,Unique,1,34.9,0,34.9
16451,2026-04-27,C0359,En ligne,T-shirts,T-shirt imprimé,M,1,24.9,0,24.9
16452,2026-04-27,C0146,Boutique,Pantalons,Jogging,M,1,34.9,0,34.9
16453,2026-04-27,C0879,Boutique,Pantalons,Jean slim,L,2,54.9,0,109.8
16453,2026-04-27,C0879,Boutique,Pulls & sweats,Sweat col rond,XL,2,39.9,0,79.8
16454,2026-04-27,C0253,En ligne,Pantalons,Jogging,M,1,34.9,0,34.9
16454,2026-04-27,C0253,En ligne,T-shirts,T-shirt basique,M,1,19.9,0,19.9
16455,2026-04-27,C0248,Boutique,Accessoires,Ceinture,Unique,1,29.9,0,29.9
16455,2026-04-27,C0248,Boutique,Chaussures,Baskets blanches,44,2,89.9,0,179.8
16456,2026-04-27,C0884,Boutique,Pantalons,Jean slim,M,2,54.9,0,109.8
16457,2026-04-27,C0118,En ligne,Pantalons,Jean slim,XS,1,54.9,0,54.9
16458,2026-04-27,C0703,Boutique,Vestes,Coupe-vent,XS,1,64.9,0,64.9
16458,2026-04-27,C0703,Boutique,Pulls & sweats,Sweat col rond,L,1,39.9,0,39.9
16459,2026-04-27,C0555,Boutique,Pantalons,Jogging,S,1,34.9,0,34.9
16460,2026-04-27,C0010,Boutique,Pantalons,Jean slim,L,2,54.9,0,109.8
16461,2026-04-27,C0092,En ligne,T-shirts,T-shirt basique,L,1,19.9,0,19.9
16461,2026-04-27,C0092,En ligne,Chaussures,Sneakers running,39,1,99.9,0,99.9
16462,2026-04-27,C0539,Boutique,T-shirts,T-shirt basique,L,1,19.9,0,19.9
16462,2026-04-27,C0539,Boutique,T-shirts,T-shirt basique,L,1,19.9,0,19.9
16463,2026-04-27,C0810,Boutique,T-shirts,T-shirt basique,XS,1,19.9,0,19.9
16464,2026-04-28,C0518,Boutique,Accessoires,Écharpe,Unique,2,24.9,0,49.8
16464,2026-04-28,C0518,Boutique,Pulls & sweats,Sweat col rond,M,2,39.9,0,79.8
16465,2026-04-28,C0762,Boutique,Pulls & sweats,Sweat à capuche,M,1,49.9,0,49.9
16465,2026-04-28,C0762,Boutique,Pulls & sweats,Sweat à capuche,S,1,49.9,0,49.9
16466,2026-04-28,C0624,Boutique,T-shirts,T-shirt imprimé,S,1,24.9,0,24.9
16466,2026-04-28,C0624,Boutique,T-shirts,T-shirt basique,XL,2,19.9,0,39.8
16467,2026-04-28,C0261,Boutique,Chaussures,Baskets blanches,41,1,89.9,0,89.9
16468,2026-04-28,C0111,Boutique,T-shirts,T-shirt oversize,L,1,29.9,0,29.9
16469,2026-04-28,C0012,Boutique,Chaussures,Baskets blanches,41,1,89.9,0,89.9
16469,2026-04-28,C0012,Boutique,Pantalons,Jogging,S,2,34.9,0,69.8
16470,2026-04-28,C0669,En ligne,T-shirts,T-shirt oversize,S,2,29.9,0,59.8
16471,2026-04-28,C0084,Boutique,Accessoires,Ceinture,Unique,1,29.9,0,29.9
16472,2026-04-28,C0056,Boutique,T-shirts,T-shirt basique,M,1,19.9,0,19.9
16472,2026-04-28,C0056,Boutique,Vestes,Coupe-vent,XS,2,64.9,0,129.8
16473,2026-04-28,C0014,Boutique,Vestes,Doudoune,XS,1,119.9,0,119.9
16474,2026-04-28,C0584,En ligne,T-shirts,T-shirt oversize,S,1,29.9,0,29.9
16475,2026-04-28,C0620,En ligne,Vestes,Veste en jean,XS,1,79.9,0,79.9
16475,2026-04-28,C0620,En ligne,T-shirts,T-shirt oversize,M,1,29.9,0,29.9
16476,2026-04-28,C0680,Boutique,Pantalons,Pantalon cargo,L,1,49.9,0,49.9
16476,2026-04-28,C0680,Boutique,Accessoires,Sac banane,Unique,1,34.9,0,34.9
16477,2026-04-28,C0255,Boutique,Chaussures,Baskets blanches,43,1,89.9,0,89.9
16478,2026-04-28,C0793,Boutique,Accessoires,Ceinture,Unique,1,29.9,0,29.9
16478,2026-04-28,C0793,Boutique,Pantalons,Jogging,S,1,34.9,0,34.9
16479,2026-04-29,C0034,En ligne,Chaussures,Sneakers running,44,1,99.9,0,99.9
16479,2026-04-29,C0034,En ligne,Chaussures,Bottines,39,1,109.9,0,109.9
16479,2026-04-29,C0034,En ligne,Chaussures,Sneakers running,42,1,99.9,0,99.9
16480,2026-04-29,C0019,Boutique,Accessoires,Écharpe,Unique,2,24.9,0,49.8
16480,2026-04-29,C0019,Boutique,Accessoires,Bonnet,Unique,2,17.9,0,35.8
16481,2026-04-29,C0568,Boutique,Pulls & sweats,Pull en laine,M,1,59.9,0,59.9
16482,2026-04-29,C0213,Boutique,Chaussures,Baskets blanches,43,1,89.9,0,89.9
16483,2026-04-29,C0098,Boutique,Pantalons,Jean slim,L,1,54.9,0,54.9
16484,2026-04-29,C0552,Boutique,Accessoires,Écharpe,Unique,1,24.9,0,24.9
16484,2026-04-29,C0552,Boutique,Pantalons,Jean droit,S,1,59.9,0,59.9
16485,2026-04-29,C0224,En ligne,T-shirts,T-shirt oversize,XL,1,29.9,0,29.9
16485,2026-04-29,C0224,En ligne,Pulls & sweats,Sweat col rond,L,1,39.9,0,39.9
16486,2026-04-29,C0299,En ligne,Pulls & sweats,Sweat col rond,M,1,39.9,0,39.9
16487,2026-04-29,C0622,Boutique,Pantalons,Jean slim,M,1,54.9,0,54.9
16487,2026-04-29,C0622,Boutique,T-shirts,T-shirt basique,S,2,19.9,0,39.8
16488,2026-04-29,C0082,En ligne,Vestes,Doudoune,M,1,119.9,0,119.9
16488,2026-04-29,C0082,En ligne,Pulls & sweats,Pull en laine,XL,1,59.9,0,59.9
16489,2026-04-29,C0822,Boutique,Chaussures,Bottines,39,1,109.9,0,109.9
16490,2026-04-29,C0278,Boutique,Pulls & sweats,Sweat col rond,L,1,39.9,0,39.9
16490,2026-04-29,C0278,Boutique,Chaussures,Baskets blanches,42,1,89.9,0,89.9
16491,2026-04-29,C0057,Boutique,Pantalons,Jean droit,S,1,59.9,0,59.9
16492,2026-04-29,C0715,Boutique,Accessoires,Sac banane,Unique,1,34.9,0,34.9
16492,2026-04-29,C0715,Boutique,Accessoires,Bonnet,Unique,1,17.9,0,17.9
16493,2026-04-29,C0055,En ligne,Accessoires,Casquette,Unique,1,19.9,0,19.9
16493,2026-04-29,C0055,En ligne,Pulls & sweats,Pull en laine,S,1,59.9,0,59.9
16494,2026-04-29,C0120,En ligne,Pantalons,Pantalon cargo,L,1,49.9,0,49.9
16494,2026-04-29,C0120,En ligne,T-shirts,T-shirt oversize,S,1,29.9,0,29.9
16495,2026-04-29,C0794,En ligne,Pulls & sweats,Sweat à capuche,M,2,49.9,0,99.8
16495,2026-04-29,C0794,En ligne,T-shirts,T-shirt oversize,S,1,29.9,0,29.9
16496,2026-04-30,C0065,En ligne,T-shirts,T-shirt basique,S,1,19.9,0,19.9
16496,2026-04-30,C0065,En ligne,Chaussures,Baskets blanches,43,1,89.9,0,89.9
16497,2026-04-30,C0892,En ligne,T-shirts,T-shirt basique,L,1,19.9,0,19.9
16498,2026-04-30,C0869,Boutique,Pantalons,Pantalon cargo,XL,1,49.9,0,49.9
16498,2026-04-30,C0869,Boutique,Pulls & sweats,Pull en laine,L,1,59.9,0,59.9
16498,2026-04-30,C0869,Boutique,T-shirts,T-shirt oversize,XL,1,29.9,0,29.9
16499,2026-04-30,C0022,En ligne,T-shirts,T-shirt oversize,S,1,29.9,0,29.9
16499,2026-04-30,C0022,En ligne,Pantalons,Jogging,S,1,34.9,0,34.9
16500,2026-04-30,C0842,Boutique,Pantalons,Pantalon cargo,L,2,49.9,0,99.8
16500,2026-04-30,C0842,Boutique,Accessoires,Bonnet,Unique,1,17.9,0,17.9
16501,2026-04-30,C0539,En ligne,Chaussures,Bottines,40,1,109.9,0,109.9
16502,2026-04-30,C0102,Boutique,Pulls & sweats,Sweat col rond,L,1,39.9,0,39.9
16503,2026-04-30,C0412,Boutique,Pulls & sweats,Pull en laine,S,1,59.9,0,59.9
16503,2026-04-30,C0412,Boutique,Pantalons,Pantalon cargo,M,1,49.9,0,49.9
16504,2026-04-30,C0812,Boutique,Accessoires,Ceinture,Unique,1,29.9,0,29.9
16505,2026-04-30,C0113,Boutique,Pantalons,Jogging,S,1,34.9,0,34.9
16505,2026-04-30,C0113,Boutique,Pantalons,Jean slim,L,1,54.9,0,54.9
16506,2026-04-30,C0035,Boutique,Accessoires,Ceinture,Unique,1,29.9,0,29.9
16506,2026-04-30,C0035,Boutique,Chaussures,Bottines,44,1,109.9,0,109.9
16507,2026-04-30,C0278,Boutique,Chaussures,Sneakers running,42,1,99.9,0,99.9
16508,2026-04-30,C0051,En ligne,Pulls & sweats,Sweat à capuche,S,1,49.9,0,49.9
16509,2026-04-30,C0463,En ligne,Pulls & sweats,Sweat col rond,L,1,39.9,0,39.9
16510,2026-04-30,C0009,Boutique,Accessoires,Sac banane,Unique,1,34.9,0,34.9
16510,2026-04-30,C0009,Boutique,Vestes,Coupe-vent,M,1,64.9,0,64.9
16510,2026-04-30,C0009,Boutique,Chaussures,Baskets blanches,42,1,89.9,0,89.9
16511,2026-04-30,C0676,Boutique,Vestes,Coupe-vent,S,1,64.9,0,64.9
16511,2026-04-30,C0676,Boutique,Accessoires,Bonnet,Unique,1,17.9,0,17.9
16512,2026-04-30,C0889,Boutique,Pantalons,Jean slim,M,1,54.9,0,54.9
16512,2026-04-30,C0889,Boutique,Chaussures,Sneakers running,44,2,99.9,0,199.8
16513,2026-04-30,C0003,Boutique,Vestes,Doudoune,L,2,119.9,0,239.8
16513,2026-04-30,C0003,Boutique,Pantalons,Jean slim,L,1,54.9,0,54.9
16513,2026-04-30,C0003,Boutique,Pantalons,Jean droit,M,1,59.9,0,59.9
16514,2026-04-30,C0079,En ligne,Chaussures,Sneakers running,42,1,99.9,0,99.9
16514,2026-04-30,C0079,En ligne,Pantalons,Pantalon cargo,M,2,49.9,0,99.8
16515,2026-04-30,C0745,Boutique,Accessoires,Écharpe,Unique,1,24.9,0,24.9
16516,2026-04-30,C0049,Boutique,Pantalons,Pantalon cargo,M,1,49.9,0,49.9
16517,2026-05-01,C0012,Boutique,Pantalons,Pantalon cargo,S,1,49.9,0,49.9
16517,2026-05-01,C0012,Boutique,T-shirts,T-shirt oversize,L,2,29.9,0,59.8
16518,2026-05-01,C0103,Boutique,Accessoires,Casquette,Unique,2,19.9,0,39.8
16518,2026-05-01,C0103,Boutique,Accessoires,Écharpe,Unique,1,24.9,0,24.9
16519,2026-05-01,C0527,En ligne,Accessoires,Ceinture,Unique,2,29.9,0,59.8
16520,2026-05-01,C0035,Boutique,Accessoires,Casquette,Unique,1,19.9,0,19.9
16521,2026-05-01,C0413,Boutique,Pantalons,Pantalon cargo,M,1,49.9,0,49.9
16522,2026-05-01,C0112,En ligne,Pantalons,Jean slim,M,1,54.9,0,54.9
16523,2026-05-01,C0557,Boutique,Pulls & sweats,Sweat à capuche,S,2,49.9,0,99.8
16524,2026-05-01,C0037,En ligne,Accessoires,Casquette,Unique,1,19.9,0,19.9
16524,2026-05-01,C0037,En ligne,Accessoires,Bonnet,Unique,1,17.9,0,17.9
16525,2026-05-01,C0018,En ligne,T-shirts,T-shirt oversize,XL,1,29.9,0,29.9
16526,2026-05-01,C0106,En ligne,Pulls & sweats,Pull en laine,L,1,59.9,0,59.9
16526,2026-05-01,C0106,En ligne,T-shirts,T-shirt basique,L,1,19.9,0,19.9
16526,2026-05-01,C0106,En ligne,Pantalons,Jean droit,S,1,59.9,0,59.9
16527,2026-05-01,C0736,Boutique,Vestes,Doudoune,M,1,119.9,0,119.9
16528,2026-05-01,C0498,En ligne,T-shirts,T-shirt imprimé,L,1,24.9,0,24.9
16529,2026-05-01,C0013,En ligne,Accessoires,Sac banane,Unique,1,34.9,0,34.9
16530,2026-05-02,C0890,En ligne,Pulls & sweats,Sweat à capuche,S,1,49.9,0,49.9
16530,2026-05-02,C0890,En ligne,T-shirts,T-shirt oversize,XL,1,29.9,0,29.9
16531,2026-05-02,C0223,Boutique,T-shirts,T-shirt oversize,XL,1,29.9,0,29.9
16531,2026-05-02,C0223,Boutique,Accessoires,Casquette,Unique,1,19.9,0,19.9
16532,2026-05-02,C0030,En ligne,T-shirts,T-shirt imprimé,L,1,24.9,0,24.9
16533,2026-05-02,C0109,En ligne,T-shirts,T-shirt oversize,L,1,29.9,0,29.9
16533,2026-05-02,C0109,En ligne,Accessoires,Casquette,Unique,1,19.9,0,19.9
16534,2026-05-02,C0657,En ligne,T-shirts,T-shirt oversize,L,1,29.9,0,29.9
16534,2026-05-02,C0657,En ligne,Accessoires,Bonnet,Unique,1,17.9,0,17.9
16535,2026-05-02,C0729,Boutique,Chaussures,Baskets blanches,43,1,89.9,0,89.9
16535,2026-05-02,C0729,Boutique,Pantalons,Jean slim,S,1,54.9,0,54.9
16536,2026-05-02,C0609,Boutique,Accessoires,Casquette,Unique,1,19.9,0,19.9
16536,2026-05-02,C0609,Boutique,T-shirts,T-shirt basique,L,1,19.9,0,19.9
16537,2026-05-02,C0054,En ligne,Accessoires,Casquette,Unique,2,19.9,0,39.8
16538,2026-05-02,C0691,Boutique,Pantalons,Jean slim,L,1,54.9,0,54.9
16538,2026-05-02,C0691,Boutique,Pulls & sweats,Sweat à capuche,XS,1,49.9,0,49.9
16539,2026-05-02,C0071,En ligne,Pantalons,Jogging,S,1,34.9,0,34.9
16540,2026-05-02,C0577,Boutique,T-shirts,T-shirt oversize,S,1,29.9,0,29.9
16540,2026-05-02,C0577,Boutique,Chaussures,Sneakers running,41,1,99.9,0,99.9
16541,2026-05-02,C0749,Boutique,Accessoires,Ceinture,Unique,1,29.9,0,29.9
16541,2026-05-02,C0749,Boutique,Accessoires,Bonnet,Unique,1,17.9,0,17.9
16542,2026-05-02,C0632,En ligne,T-shirts,T-shirt basique,XL,1,19.9,0,19.9
16543,2026-05-02,C0329,Boutique,Chaussures,Bottines,43,1,109.9,0,109.9
16544,2026-05-02,C0045,Boutique,Pulls & sweats,Pull en laine,M,2,59.9,0,119.8
16545,2026-05-02,C0861,Boutique,T-shirts,T-shirt basique,XL,1,19.9,0,19.9
16546,2026-05-02,C0089,En ligne,Pulls & sweats,Pull en laine,M,1,59.9,0,59.9
16546,2026-05-02,C0089,En ligne,T-shirts,T-shirt imprimé,M,1,24.9,0,24.9
16547,2026-05-02,C0088,En ligne,Pantalons,Jean droit,L,1,59.9,0,59.9
16548,2026-05-02,C0015,Boutique,T-shirts,T-shirt imprimé,L,1,24.9,0,24.9
16549,2026-05-02,C0724,Boutique,Accessoires,Casquette,Unique,1,19.9,0,19.9
16550,2026-05-02,C0309,Boutique,T-shirts,T-shirt imprimé,S,1,24.9,0,24.9
16551,2026-05-02,C0526,En ligne,T-shirts,T-shirt imprimé,M,1,24.9,0,24.9
16551,2026-05-02,C0526,En ligne,Accessoires,Casquette,Unique,1,19.9,0,19.9
16552,2026-05-02,C0077,Boutique,T-shirts,T-shirt basique,L,1,19.9,0,19.9
16553,2026-05-02,C0052,Boutique,T-shirts,T-shirt imprimé,M,1,24.9,0,24.9
16553,2026-05-02,C0052,Boutique,Pantalons,Jean droit,XS,1,59.9,0,59.9
16554,2026-05-02,C0367,Boutique,Accessoires,Casquette,Unique,1,19.9,0,19.9
16554,2026-05-02,C0367,Boutique,Pantalons,Pantalon cargo,L,1,49.9,0,49.9
16555,2026-05-04,C0113,En ligne,Vestes,Coupe-vent,XL,1,64.9,0,64.9
16555,2026-05-04,C0113,En ligne,Accessoires,Sac banane,Unique,1,34.9,0,34.9
16556,2026-05-04,C0774,Boutique,T-shirts,T-shirt imprimé,M,1,24.9,0,24.9
16557,2026-05-04,C0068,En ligne,Accessoires,Sac banane,Unique,2,34.9,0,69.8
16557,2026-05-04,C0068,En ligne,Accessoires,Sac banane,Unique,1,34.9,0,34.9
16558,2026-05-04,C0017,En ligne,T-shirts,T-shirt oversize,L,1,29.9,0,29.9
16559,2026-05-04,C0895,En ligne,Accessoires,Sac banane,Unique,1,34.9,0,34.9
16560,2026-05-04,C0225,En ligne,Accessoires,Écharpe,Unique,1,24.9,0,24.9
16561,2026-05-04,C0892,En ligne,Vestes,Veste en jean,XS,1,79.9,0,79.9
16562,2026-05-04,C0560,Boutique,Vestes,Doudoune,L,1,119.9,0,119.9
16563,2026-05-04,C0108,Boutique,T-shirts,T-shirt basique,XL,1,19.9,0,19.9
16564,2026-05-04,C0897,En ligne,Accessoires,Casquette,Unique,1,19.9,0,19.9
16565,2026-05-04,C0379,Boutique,Pulls & sweats,Sweat col rond,S,1,39.9,0,39.9
16565,2026-05-04,C0379,Boutique,T-shirts,T-shirt oversize,L,1,29.9,0,29.9
16566,2026-05-04,C0041,Boutique,T-shirts,T-shirt imprimé,XS,1,24.9,0,24.9
16566,2026-05-04,C0041,Boutique,Vestes,Coupe-vent,XL,1,64.9,0,64.9
16567,2026-05-04,C0052,Boutique,T-shirts,T-shirt imprimé,XL,2,24.9,0,49.8
16567,2026-05-04,C0052,Boutique,Accessoires,Écharpe,Unique,1,24.9,0,24.9
16568,2026-05-04,C0707,Boutique,Accessoires,Ceinture,Unique,1,29.9,0,29.9
16568,2026-05-04,C0707,Boutique,Pulls & sweats,Pull en laine,S,2,59.9,0,119.8
16569,2026-05-04,C0051,En ligne,Pulls & sweats,Pull en laine,M,1,59.9,0,59.9
16569,2026-05-04,C0051,En ligne,Pulls & sweats,Pull en laine,XS,1,59.9,0,59.9
16570,2026-05-04,C0050,En ligne,T-shirts,T-shirt basique,M,1,19.9,0,19.9
16571,2026-05-04,C0471,Boutique,Vestes,Doudoune,M,1,119.9,0,119.9
16572,2026-05-05,C0159,En ligne,Pulls & sweats,Sweat à capuche,M,1,49.9,0,49.9
16573,2026-05-05,C0024,Boutique,Pantalons,Pantalon cargo,L,1,49.9,0,49.9
16574,2026-05-05,C0095,En ligne,Pulls & sweats,Sweat à capuche,XL,1,49.9,0,49.9
16574,2026-05-05,C0095,En ligne,Accessoires,Ceinture,Unique,1,29.9,0,29.9
16575,2026-05-05,C0047,En ligne,Accessoires,Casquette,Unique,1,19.9,0,19.9
16576,2026-05-05,C0860,Boutique,Pulls & sweats,Sweat col rond,L,1,39.9,0,39.9
16576,2026-05-05,C0860,Boutique,Accessoires,Sac banane,Unique,1,34.9,0,34.9
16576,2026-05-05,C0860,Boutique,Pantalons,Jean slim,M,1,54.9,0,54.9
16577,2026-05-06,C0101,Boutique,Accessoires,Écharpe,Unique,2,24.9,0,49.8
16578,2026-05-06,C0314,Boutique,T-shirts,T-shirt imprimé,S,2,24.9,0,49.8
16578,2026-05-06,C0314,Boutique,T-shirts,T-shirt imprimé,L,1,24.9,0,24.9
16579,2026-05-06,C0148,Boutique,Accessoires,Bonnet,Unique,1,17.9,0,17.9
16579,2026-05-06,C0148,Boutique,T-shirts,T-shirt imprimé,M,1,24.9,0,24.9
16579,2026-05-06,C0148,Boutique,Pantalons,Jogging,M,1,34.9,0,34.9
16580,2026-05-06,C0088,Boutique,Pantalons,Jean droit,M,1,59.9,0,59.9
16581,2026-05-06,C0101,Boutique,Chaussures,Bottines,41,1,109.9,0,109.9
16582,2026-05-06,C0443,Boutique,Chaussures,Bottines,42,1,109.9,0,109.9
16582,2026-05-06,C0443,Boutique,T-shirts,T-shirt basique,S,1,19.9,0,19.9
16583,2026-05-06,C0759,Boutique,T-shirts,T-shirt oversize,L,1,29.9,0,29.9
16583,2026-05-06,C0759,Boutique,Pulls & sweats,Pull en laine,L,1,59.9,0,59.9
16584,2026-05-06,C0090,Boutique,Chaussures,Baskets blanches,41,1,89.9,0,89.9
16585,2026-05-06,C0652,En ligne,Accessoires,Écharpe,Unique,2,24.9,0,49.8
16586,2026-05-06,C0827,En ligne,T-shirts,T-shirt oversize,M,1,29.9,0,29.9
16587,2026-05-06,C0081,En ligne,Pulls & sweats,Pull en laine,XS,2,59.9,0,119.8
16588,2026-05-07,C0032,Boutique,T-shirts,T-shirt imprimé,M,1,24.9,0,24.9
16588,2026-05-07,C0032,Boutique,Pantalons,Jogging,M,1,34.9,0,34.9
16589,2026-05-07,C0315,Boutique,Vestes,Veste en jean,S,1,79.9,0,79.9
16590,2026-05-07,C0025,En ligne,Accessoires,Ceinture,Unique,2,29.9,0,59.8
16591,2026-05-07,C0219,Boutique,T-shirts,T-shirt imprimé,S,1,24.9,0,24.9
16591,2026-05-07,C0219,Boutique,T-shirts,T-shirt imprimé,M,1,24.9,0,24.9
16592,2026-05-07,C0692,En ligne,Pulls & sweats,Pull en laine,M,1,59.9,0,59.9
16592,2026-05-07,C0692,En ligne,Pantalons,Jogging,L,1,34.9,0,34.9
16593,2026-05-07,C0014,En ligne,T-shirts,T-shirt oversize,M,2,29.9,0,59.8
16594,2026-05-07,C0269,Boutique,Pantalons,Jogging,L,1,34.9,0,34.9
16594,2026-05-07,C0269,Boutique,T-shirts,T-shirt oversize,S,1,29.9,0,29.9
16595,2026-05-07,C0250,Boutique,T-shirts,T-shirt oversize,S,1,29.9,0,29.9
16596,2026-05-07,C0236,En ligne,Accessoires,Écharpe,Unique,1,24.9,0,24.9
16597,2026-05-07,C0118,Boutique,Chaussures,Baskets blanches,44,1,89.9,0,89.9
16597,2026-05-07,C0118,Boutique,Pantalons,Jean droit,XL,1,59.9,0,59.9
16598,2026-05-07,C0615,En ligne,Chaussures,Sneakers running,44,1,99.9,0,99.9
16599,2026-05-07,C0531,En ligne,Chaussures,Bottines,42,1,109.9,0,109.9
16600,2026-05-07,C0046,En ligne,T-shirts,T-shirt basique,M,1,19.9,0,19.9
16601,2026-05-07,C0092,Boutique,Chaussures,Baskets blanches,43,2,89.9,0,179.8
16602,2026-05-07,C0406,Boutique,Pantalons,Pantalon cargo,L,1,49.9,0,49.9
16603,2026-05-08,C0087,En ligne,T-shirts,T-shirt basique,M,2,19.9,0,39.8
16603,2026-05-08,C0087,En ligne,Vestes,Doudoune,M,1,119.9,0,119.9
16604,2026-05-08,C0031,En ligne,Pulls & sweats,Pull en laine,L,1,59.9,0,59.9
16605,2026-05-08,C0042,Boutique,Accessoires,Bonnet,Unique,1,17.9,0,17.9
16605,2026-05-08,C0042,Boutique,Pulls & sweats,Pull en laine,M,1,59.9,0,59.9
16606,2026-05-08,C0137,Boutique,Pantalons,Jean droit,M,2,59.9,0,119.8
16606,2026-05-08,C0137,Boutique,Pulls & sweats,Sweat col rond,L,1,39.9,0,39.9
16607,2026-05-08,C0692,Boutique,Vestes,Coupe-vent,XS,1,64.9,0,64.9
16608,2026-05-08,C0690,Boutique,Pantalons,Jogging,S,1,34.9,0,34.9
16609,2026-05-08,C0829,Boutique,Pulls & sweats,Sweat col rond,XL,2,39.9,0,79.8
16610,2026-05-08,C0690,En ligne,Accessoires,Ceinture,Unique,1,29.9,0,29.9
16610,2026-05-08,C0690,En ligne,Pulls & sweats,Pull en laine,S,1,59.9,0,59.9
16611,2026-05-08,C0689,En ligne,T-shirts,T-shirt basique,XS,1,19.9,0,19.9
16612,2026-05-08,C0509,En ligne,Pantalons,Jean slim,M,1,54.9,0,54.9
16613,2026-05-08,C0203,En ligne,Chaussures,Baskets blanches,40,1,89.9,0,89.9
16614,2026-05-08,C0625,En ligne,T-shirts,T-shirt basique,XL,1,19.9,0,19.9
16615,2026-05-08,C0117,En ligne,Pantalons,Jean droit,XS,1,59.9,0,59.9
16616,2026-05-08,C0040,Boutique,Pantalons,Pantalon cargo,S,1,49.9,0,49.9
16616,2026-05-08,C0040,Boutique,Accessoires,Écharpe,Unique,1,24.9,0,24.9
16617,2026-05-09,C0495,Boutique,Pantalons,Jean droit,XS,1,59.9,0,59.9
16617,2026-05-09,C0495,Boutique,Pantalons,Jogging,XL,1,34.9,0,34.9
16618,2026-05-09,C0815,Boutique,Accessoires,Écharpe,Unique,1,24.9,0,24.9
16618,2026-05-09,C0815,Boutique,Vestes,Doudoune,L,1,119.9,0,119.9
16619,2026-05-09,C0058,En ligne,Chaussures,Bottines,41,1,109.9,0,109.9
16620,2026-05-09,C0032,En ligne,Accessoires,Écharpe,Unique,1,24.9,0,24.9
16621,2026-05-09,C0035,En ligne,Pulls & sweats,Pull en laine,M,1,59.9,0,59.9
16622,2026-05-09,C0665,Boutique,Pantalons,Jean droit,S,1,59.9,0,59.9
16622,2026-05-09,C0665,Boutique,Chaussures,Bottines,43,1,109.9,0,109.9
16623,2026-05-09,C0092,Boutique,Accessoires,Sac banane,Unique,1,34.9,0,34.9
16623,2026-05-09,C0092,Boutique,Chaussures,Sneakers running,41,1,99.9,0,99.9
16624,2026-05-09,C0463,Boutique,Chaussures,Baskets blanches,44,2,89.9,0,179.8
16624,2026-05-09,C0463,Boutique,T-shirts,T-shirt imprimé,M,1,24.9,0,24.9
16624,2026-05-09,C0463,Boutique,Vestes,Veste en jean,M,1,79.9,0,79.9
16625,2026-05-09,C0877,Boutique,Accessoires,Écharpe,Unique,1,24.9,0,24.9
16625,2026-05-09,C0877,Boutique,Chaussures,Baskets blanches,43,1,89.9,0,89.9
16626,2026-05-09,C0009,Boutique,Accessoires,Ceinture,Unique,1,29.9,0,29.9
16627,2026-05-09,C0646,En ligne,Pulls & sweats,Sweat col rond,L,1,39.9,0,39.9
16627,2026-05-09,C0646,En ligne,Chaussures,Bottines,43,1,109.9,0,109.9
16627,2026-05-09,C0646,En ligne,T-shirts,T-shirt oversize,L,1,29.9,0,29.9
16628,2026-05-09,C0101,En ligne,Pantalons,Pantalon cargo,S,1,49.9,0,49.9
16629,2026-05-09,C0058,En ligne,T-shirts,T-shirt oversize,S,1,29.9,0,29.9
16630,2026-05-09,C0355,Boutique,Chaussures,Bottines,44,1,109.9,0,109.9
16631,2026-05-09,C0049,En ligne,Accessoires,Ceinture,Unique,1,29.9,0,29.9
16631,2026-05-09,C0049,En ligne,Pantalons,Pantalon cargo,M,1,49.9,0,49.9
16631,2026-05-09,C0049,En ligne,Pantalons,Jogging,XL,1,34.9,0,34.9
16632,2026-05-09,C0734,En ligne,Pulls & sweats,Sweat à capuche,S,1,49.9,0,49.9
16633,2026-05-09,C0028,Boutique,Accessoires,Écharpe,Unique,2,24.9,0,49.8
16634,2026-05-09,C0654,Boutique,Pulls & sweats,Sweat à capuche,M,1,49.9,0,49.9
16635,2026-05-09,C0472,Boutique,Chaussures,Baskets blanches,39,2,89.9,0,179.8
16636,2026-05-09,C0087,Boutique,Pantalons,Jean slim,S,1,54.9,0,54.9
16637,2026-05-09,C0520,Boutique,T-shirts,T-shirt oversize,L,1,29.9,0,29.9
16638,2026-05-09,C0077,Boutique,T-shirts,T-shirt oversize,S,1,29.9,0,29.9
16639,2026-05-11,C0647,En ligne,T-shirts,T-shirt basique,M,1,19.9,0,19.9
16640,2026-05-11,C0022,En ligne,Pantalons,Pantalon cargo,XL,1,49.9,0,49.9
16640,2026-05-11,C0022,En ligne,T-shirts,T-shirt imprimé,S,1,24.9,0,24.9
16641,2026-05-11,C0090,Boutique,Pulls & sweats,Sweat col rond,L,1,39.9,0,39.9
16642,2026-05-11,C0018,En ligne,Chaussures,Sneakers running,42,1,99.9,0,99.9
16643,2026-05-11,C0516,En ligne,Vestes,Veste en jean,L,1,79.9,0,79.9
16644,2026-05-11,C0015,Boutique,T-shirts,T-shirt basique,M,1,19.9,0,19.9
16644,2026-05-11,C0015,Boutique,Vestes,Veste en jean,M,1,79.9,0,79.9
16645,2026-05-11,C0096,Boutique,Pantalons,Jean droit,S,1,59.9,0,59.9
16646,2026-05-12,C0108,En ligne,Accessoires,Sac banane,Unique,2,34.9,0,69.8
16646,2026-05-12,C0108,En ligne,T-shirts,T-shirt oversize,L,1,29.9,0,29.9
16647,2026-05-12,C0476,En ligne,Pulls & sweats,Pull en laine,XL,1,59.9,0,59.9
16647,2026-05-12,C0476,En ligne,Chaussures,Bottines,43,1,109.9,0,109.9
16648,2026-05-12,C0109,En ligne,Pulls & sweats,Pull en laine,S,2,59.9,0,119.8
16648,2026-05-12,C0109,En ligne,Pantalons,Jogging,M,1,34.9,0,34.9
16649,2026-05-12,C0097,Boutique,Pantalons,Pantalon cargo,XL,2,49.9,0,99.8
16650,2026-05-12,C0076,Boutique,Accessoires,Bonnet,Unique,1,17.9,0,17.9
16650,2026-05-12,C0076,Boutique,T-shirts,T-shirt basique,S,1,19.9,0,19.9
16651,2026-05-12,C0039,Boutique,Vestes,Veste en jean,M,1,79.9,0,79.9
16652,2026-05-12,C0787,Boutique,Pulls & sweats,Pull en laine,M,1,59.9,0,59.9
16653,2026-05-12,C0017,En ligne,Vestes,Veste en jean,S,1,79.9,0,79.9
16654,2026-05-12,C0068,Boutique,Accessoires,Casquette,Unique,1,19.9,0,19.9
16655,2026-05-12,C0041,En ligne,Pantalons,Jean slim,XS,1,54.9,0,54.9
16655,2026-05-12,C0041,En ligne,T-shirts,T-shirt imprimé,L,1,24.9,0,24.9
16656,2026-05-12,C0009,Boutique,Accessoires,Écharpe,Unique,1,24.9,0,24.9
16656,2026-05-12,C0009,Boutique,T-shirts,T-shirt basique,L,1,19.9,0,19.9
16657,2026-05-12,C0160,Boutique,Pulls & sweats,Pull en laine,XL,1,59.9,0,59.9
16657,2026-05-12,C0160,Boutique,Accessoires,Ceinture,Unique,1,29.9,0,29.9
16657,2026-05-12,C0160,Boutique,T-shirts,T-shirt basique,XS,1,19.9,0,19.9
16658,2026-05-12,C0106,En ligne,Accessoires,Écharpe,Unique,2,24.9,0,49.8
16658,2026-05-12,C0106,En ligne,Accessoires,Ceinture,Unique,1,29.9,0,29.9
16658,2026-05-12,C0106,En ligne,Pulls & sweats,Sweat col rond,XL,2,39.9,0,79.8
16659,2026-05-12,C0044,Boutique,T-shirts,T-shirt basique,XL,1,19.9,0,19.9
16660,2026-05-12,C0789,En ligne,Accessoires,Sac banane,Unique,1,34.9,0,34.9
16660,2026-05-12,C0789,En ligne,Accessoires,Ceinture,Unique,1,29.9,0,29.9
16661,2026-05-12,C0736,Boutique,Pantalons,Jogging,XL,1,34.9,0,34.9
16661,2026-05-12,C0736,Boutique,Pantalons,Jean slim,M,1,54.9,0,54.9
16662,2026-05-13,C0081,Boutique,Vestes,Veste en jean,XS,1,79.9,0,79.9
16663,2026-05-13,C0070,Boutique,Pulls & sweats,Pull en laine,XL,2,59.9,0,119.8
16664,2026-05-13,C0010,Boutique,T-shirts,T-shirt imprimé,XS,1,24.9,0,24.9
16664,2026-05-13,C0010,Boutique,Pantalons,Pantalon cargo,L,1,49.9,0,49.9
16665,2026-05-13,C0529,En ligne,Accessoires,Bonnet,Unique,2,17.9,0,35.8
16666,2026-05-13,C0555,Boutique,Accessoires,Écharpe,Unique,1,24.9,0,24.9
16666,2026-05-13,C0555,Boutique,T-shirts,T-shirt basique,L,1,19.9,0,19.9
16666,2026-05-13,C0555,Boutique,Pantalons,Pantalon cargo,M,1,49.9,0,49.9
16667,2026-05-13,C0199,Boutique,T-shirts,T-shirt basique,L,1,19.9,0,19.9
16667,2026-05-13,C0199,Boutique,T-shirts,T-shirt basique,XL,2,19.9,0,39.8
16668,2026-05-13,C0003,Boutique,Accessoires,Bonnet,Unique,2,17.9,0,35.8
16668,2026-05-13,C0003,Boutique,T-shirts,T-shirt imprimé,XL,1,24.9,0,24.9
16669,2026-05-13,C0007,Boutique,T-shirts,T-shirt basique,S,2,19.9,0,39.8
16669,2026-05-13,C0007,Boutique,Pantalons,Jogging,XS,1,34.9,0,34.9
16669,2026-05-13,C0007,Boutique,Chaussures,Sneakers running,40,1,99.9,0,99.9
16670,2026-05-14,C0207,En ligne,Pantalons,Pantalon cargo,M,1,49.9,0,49.9
16671,2026-05-14,C0045,Boutique,Pulls & sweats,Pull en laine,L,2,59.9,0,119.8
16672,2026-05-14,C0536,Boutique,T-shirts,T-shirt imprimé,XL,1,24.9,0,24.9
16673,2026-05-14,C0511,Boutique,T-shirts,T-shirt basique,S,1,19.9,0,19.9
16673,2026-05-14,C0511,Boutique,Chaussures,Sneakers running,44,1,99.9,0,99.9
16674,2026-05-14,C0634,En ligne,Pantalons,Pantalon cargo,S,1,49.9,0,49.9
16674,2026-05-14,C0634,En ligne,Pantalons,Jean slim,M,1,54.9,0,54.9
16675,2026-05-14,C0028,Boutique,Pulls & sweats,Pull en laine,S,1,59.9,0,59.9
16676,2026-05-14,C0207,Boutique,T-shirts,T-shirt imprimé,L,1,24.9,0,24.9
16676,2026-05-14,C0207,Boutique,Chaussures,Bottines,39,1,109.9,0,109.9
16677,2026-05-14,C0014,En ligne,T-shirts,T-shirt oversize,M,1,29.9,0,29.9
16678,2026-05-14,C0365,Boutique,Accessoires,Casquette,Unique,1,19.9,0,19.9
16678,2026-05-14,C0365,Boutique,Chaussures,Bottines,41,1,109.9,0,109.9
16679,2026-05-14,C0078,En ligne,Pulls & sweats,Pull en laine,S,1,59.9,0,59.9
16680,2026-05-14,C0870,Boutique,Pulls & sweats,Pull en laine,M,1,59.9,0,59.9
16681,2026-05-14,C0488,Boutique,Accessoires,Ceinture,Unique,2,29.9,0,59.8
16682,2026-05-14,C0010,En ligne,Accessoires,Ceinture,Unique,1,29.9,0,29.9
16682,2026-05-14,C0010,En ligne,Accessoires,Casquette,Unique,1,19.9,0,19.9
16683,2026-05-14,C0019,Boutique,Pantalons,Jean droit,L,2,59.9,0,119.8
16683,2026-05-14,C0019,Boutique,T-shirts,T-shirt oversize,XS,1,29.9,0,29.9
16684,2026-05-14,C0364,En ligne,Chaussures,Bottines,42,1,109.9,0,109.9
16684,2026-05-14,C0364,En ligne,Vestes,Doudoune,XL,1,119.9,0,119.9
16684,2026-05-14,C0364,En ligne,Pantalons,Jogging,M,1,34.9,0,34.9
16685,2026-05-14,C0108,En ligne,Vestes,Veste en jean,XS,1,79.9,0,79.9
16686,2026-05-14,C0586,Boutique,T-shirts,T-shirt basique,M,1,19.9,0,19.9
16686,2026-05-14,C0586,Boutique,Pantalons,Pantalon cargo,M,2,49.9,0,99.8
16687,2026-05-14,C0706,En ligne,Pantalons,Jean slim,XS,1,54.9,0,54.9
16688,2026-05-15,C0430,Boutique,Pantalons,Jean slim,XS,2,54.9,0,109.8
16688,2026-05-15,C0430,Boutique,Vestes,Doudoune,L,1,119.9,0,119.9
16688,2026-05-15,C0430,Boutique,T-shirts,T-shirt basique,L,2,19.9,0,39.8
16689,2026-05-15,C0057,En ligne,Pantalons,Pantalon cargo,M,1,49.9,0,49.9
16689,2026-05-15,C0057,En ligne,Pantalons,Jogging,M,1,34.9,0,34.9
16690,2026-05-15,C0101,Boutique,Chaussures,Bottines,44,1,109.9,0,109.9
16691,2026-05-15,C0039,En ligne,Vestes,Coupe-vent,M,1,64.9,0,64.9
16692,2026-05-15,C0102,Boutique,T-shirts,T-shirt imprimé,S,1,24.9,0,24.9
16692,2026-05-15,C0102,Boutique,Accessoires,Sac banane,Unique,1,34.9,0,34.9
16692,2026-05-15,C0102,Boutique,Chaussures,Sneakers running,44,1,99.9,0,99.9
16693,2026-05-15,C0503,Boutique,T-shirts,T-shirt oversize,M,2,29.9,0,59.8
16694,2026-05-15,C0650,Boutique,Chaussures,Bottines,41,1,109.9,0,109.9
16695,2026-05-15,C0849,Boutique,T-shirts,T-shirt imprimé,S,2,24.9,0,49.8
16695,2026-05-15,C0849,Boutique,Chaussures,Baskets blanches,39,1,89.9,0,89.9
16696,2026-05-15,C0635,En ligne,T-shirts,T-shirt imprimé,XS,1,24.9,0,24.9
16697,2026-05-15,C0500,En ligne,T-shirts,T-shirt basique,M,1,19.9,0,19.9
16697,2026-05-15,C0500,En ligne,T-shirts,T-shirt basique,M,1,19.9,0,19.9
16697,2026-05-15,C0500,En ligne,Vestes,Doudoune,S,1,119.9,0,119.9
16698,2026-05-15,C0704,En ligne,Chaussures,Sneakers running,43,1,99.9,0,99.9
16699,2026-05-15,C0010,En ligne,T-shirts,T-shirt oversize,L,1,29.9,0,29.9
16699,2026-05-15,C0010,En ligne,Pantalons,Jogging,M,1,34.9,0,34.9
16700,2026-05-15,C0189,En ligne,Pulls & sweats,Pull en laine,S,1,59.9,0,59.9
16701,2026-05-15,C0089,En ligne,T-shirts,T-shirt basique,L,1,19.9,0,19.9
16701,2026-05-15,C0089,En ligne,Pantalons,Jean slim,XL,2,54.9,0,109.8
16702,2026-05-15,C0003,Boutique,Accessoires,Sac banane,Unique,1,34.9,0,34.9
16703,2026-05-16,C0012,En ligne,Chaussures,Sneakers running,42,1,99.9,0,99.9
16703,2026-05-16,C0012,En ligne,Pulls & sweats,Sweat à capuche,S,2,49.9,0,99.8
16704,2026-05-16,C0057,Boutique,T-shirts,T-shirt basique,L,1,19.9,0,19.9
16705,2026-05-16,C0118,Boutique,Vestes,Veste en jean,M,1,79.9,0,79.9
16706,2026-05-16,C0381,Boutique,Chaussures,Bottines,44,1,109.9,0,109.9
16707,2026-05-16,C0022,Boutique,Pulls & sweats,Sweat à capuche,S,1,49.9,0,49.9
16707,2026-05-16,C0022,Boutique,Pantalons,Pantalon cargo,M,1,49.9,0,49.9
16708,2026-05-16,C0103,En ligne,Pantalons,Jean droit,M,1,59.9,0,59.9
16709,2026-05-16,C0292,Boutique,Accessoires,Casquette,Unique,1,19.9,0,19.9
16710,2026-05-16,C0048,En ligne,Pulls & sweats,Sweat col rond,XL,1,39.9,0,39.9
16711,2026-05-16,C0326,Boutique,Pantalons,Jean droit,S,1,59.9,0,59.9
16712,2026-05-16,C0348,Boutique,T-shirts,T-shirt imprimé,XL,2,24.9,0,49.8
16713,2026-05-16,C0309,Boutique,Accessoires,Casquette,Unique,1,19.9,0,19.9
16714,2026-05-16,C0700,En ligne,Chaussures,Bottines,43,1,109.9,0,109.9
16714,2026-05-16,C0700,En ligne,Accessoires,Ceinture,Unique,1,29.9,0,29.9
16715,2026-05-16,C0054,En ligne,Accessoires,Écharpe,Unique,1,24.9,0,24.9
16715,2026-05-16,C0054,En ligne,Accessoires,Écharpe,Unique,1,24.9,0,24.9
16716,2026-05-16,C0071,En ligne,Pulls & sweats,Pull en laine,XL,1,59.9,0,59.9
16717,2026-05-16,C0463,En ligne,Accessoires,Bonnet,Unique,2,17.9,0,35.8
16718,2026-05-16,C0060,Boutique,T-shirts,T-shirt basique,L,1,19.9,0,19.9
16718,2026-05-16,C0060,Boutique,T-shirts,T-shirt basique,XL,1,19.9,0,19.9
16719,2026-05-16,C0240,Boutique,Accessoires,Casquette,Unique,1,19.9,0,19.9
16720,2026-05-16,C0479,Boutique,Pantalons,Jogging,XL,2,34.9,0,69.8
16721,2026-05-16,C0001,En ligne,T-shirts,T-shirt oversize,M,1,29.9,0,29.9
16722,2026-05-16,C0305,Boutique,Pulls & sweats,Pull en laine,M,1,59.9,0,59.9
16723,2026-05-16,C0096,Boutique,T-shirts,T-shirt basique,M,1,19.9,0,19.9
16724,2026-05-16,C0714,Boutique,T-shirts,T-shirt basique,XL,1,19.9,0,19.9
16724,2026-05-16,C0714,Boutique,Accessoires,Écharpe,Unique,2,24.9,0,49.8
16725,2026-05-16,C0044,Boutique,Accessoires,Sac banane,Unique,1,34.9,0,34.9
16726,2026-05-16,C0695,Boutique,Pantalons,Jogging,L,1,34.9,0,34.9
16727,2026-05-16,C0011,En ligne,Accessoires,Ceinture,Unique,1,29.9,0,29.9
16728,2026-05-16,C0070,Boutique,Pantalons,Jean droit,S,1,59.9,0,59.9
16728,2026-05-16,C0070,Boutique,Pantalons,Jogging,S,2,34.9,0,69.8
16729,2026-05-18,C0054,Boutique,Pulls & sweats,Sweat à capuche,XS,1,49.9,0,49.9
16730,2026-05-18,C0279,Boutique,Pulls & sweats,Pull en laine,L,2,59.9,0,119.8
16731,2026-05-18,C0581,En ligne,T-shirts,T-shirt imprimé,L,1,24.9,0,24.9
16731,2026-05-18,C0581,En ligne,Accessoires,Sac banane,Unique,1,34.9,0,34.9
16732,2026-05-18,C0203,Boutique,T-shirts,T-shirt oversize,XL,1,29.9,0,29.9
16733,2026-05-18,C0178,Boutique,Pulls & sweats,Sweat col rond,S,1,39.9,0,39.9
16733,2026-05-18,C0178,Boutique,Pantalons,Jean droit,M,1,59.9,0,59.9
16734,2026-05-18,C0780,En ligne,T-shirts,T-shirt basique,S,1,19.9,0,19.9
16735,2026-05-18,C0087,Boutique,Accessoires,Sac banane,Unique,2,34.9,0,69.8
16736,2026-05-18,C0003,En ligne,Chaussures,Baskets blanches,39,1,89.9,0,89.9
16737,2026-05-18,C0058,Boutique,Chaussures,Sneakers running,42,1,99.9,0,99.9
16737,2026-05-18,C0058,Boutique,T-shirts,T-shirt imprimé,M,2,24.9,0,49.8
16738,2026-05-18,C0061,En ligne,Chaussures,Baskets blanches,41,1,89.9,0,89.9
16738,2026-05-18,C0061,En ligne,Pantalons,Jean droit,S,2,59.9,0,119.8
16738,2026-05-18,C0061,En ligne,Pantalons,Jean slim,XS,1,54.9,0,54.9
16739,2026-05-18,C0808,Boutique,Accessoires,Ceinture,Unique,2,29.9,0,59.8
16739,2026-05-18,C0808,Boutique,T-shirts,T-shirt imprimé,L,1,24.9,0,24.9
16739,2026-05-18,C0808,Boutique,Pulls & sweats,Pull en laine,L,1,59.9,0,59.9
16740,2026-05-18,C0696,Boutique,Pantalons,Jogging,XS,1,34.9,0,34.9
16740,2026-05-18,C0696,Boutique,T-shirts,T-shirt oversize,M,1,29.9,0,29.9
16741,2026-05-18,C0528,Boutique,Chaussures,Bottines,40,1,109.9,0,109.9
16741,2026-05-18,C0528,Boutique,Accessoires,Bonnet,Unique,1,17.9,0,17.9
16742,2026-05-18,C0015,En ligne,Vestes,Doudoune,M,1,119.9,0,119.9
16742,2026-05-18,C0015,En ligne,T-shirts,T-shirt basique,M,1,19.9,0,19.9
16742,2026-05-18,C0015,En ligne,Accessoires,Casquette,Unique,1,19.9,0,19.9
16743,2026-05-19,C0099,Boutique,Pantalons,Jogging,XL,1,34.9,0,34.9
16743,2026-05-19,C0099,Boutique,T-shirts,T-shirt oversize,L,2,29.9,0,59.8
16744,2026-05-19,C0855,En ligne,T-shirts,T-shirt oversize,S,1,29.9,0,29.9
16745,2026-05-19,C0089,En ligne,Pantalons,Jean droit,L,1,59.9,0,59.9
16746,2026-05-19,C0549,En ligne,Pulls & sweats,Sweat à capuche,XL,1,49.9,0,49.9
16746,2026-05-19,C0549,En ligne,T-shirts,T-shirt oversize,S,1,29.9,0,29.9
16747,2026-05-19,C0114,Boutique,Accessoires,Écharpe,Unique,1,24.9,0,24.9
16748,2026-05-19,C0058,Boutique,Pantalons,Jogging,L,1,34.9,0,34.9
16749,2026-05-19,C0075,En ligne,Chaussures,Baskets blanches,43,1,89.9,0,89.9
16750,2026-05-19,C0008,En ligne,T-shirts,T-shirt oversize,M,1,29.9,0,29.9
16750,2026-05-19,C0008,En ligne,Pulls & sweats,Pull en laine,S,1,59.9,0,59.9
16750,2026-05-19,C0008,En ligne,Accessoires,Sac banane,Unique,1,34.9,0,34.9
16751,2026-05-19,C0471,Boutique,Pantalons,Jogging,XL,1,34.9,0,34.9
16752,2026-05-19,C0225,En ligne,Pantalons,Jogging,S,1,34.9,0,34.9
16753,2026-05-19,C0080,Boutique,T-shirts,T-shirt basique,S,1,19.9,0,19.9
16754,2026-05-19,C0064,En ligne,Chaussures,Bottines,42,1,109.9,0,109.9
16754,2026-05-19,C0064,En ligne,T-shirts,T-shirt basique,S,1,19.9,0,19.9
16754,2026-05-19,C0064,En ligne,Pulls & sweats,Pull en laine,M,1,59.9,0,59.9
16755,2026-05-19,C0034,En ligne,Accessoires,Sac banane,Unique,1,34.9,0,34.9
16755,2026-05-19,C0034,En ligne,T-shirts,T-shirt imprimé,XL,1,24.9,0,24.9
16756,2026-05-19,C0039,En ligne,T-shirts,T-shirt basique,S,1,19.9,0,19.9
16757,2026-05-19,C0871,Boutique,Pulls & sweats,Pull en laine,L,1,59.9,0,59.9
16757,2026-05-19,C0871,Boutique,Accessoires,Bonnet,Unique,1,17.9,0,17.9
16758,2026-05-19,C0119,Boutique,Vestes,Doudoune,M,1,119.9,0,119.9
16758,2026-05-19,C0119,Boutique,Accessoires,Sac banane,Unique,2,34.9,0,69.8
16759,2026-05-19,C0173,Boutique,Pantalons,Jogging,S,1,34.9,0,34.9
16760,2026-05-19,C0508,Boutique,Accessoires,Casquette,Unique,1,19.9,0,19.9
16761,2026-05-19,C0105,Boutique,Pulls & sweats,Sweat col rond,M,1,39.9,0,39.9
16762,2026-05-20,C0072,En ligne,T-shirts,T-shirt imprimé,XL,1,24.9,0,24.9
16763,2026-05-20,C0015,Boutique,Pulls & sweats,Pull en laine,L,1,59.9,0,59.9
16764,2026-05-20,C0260,Boutique,Chaussures,Baskets blanches,44,1,89.9,0,89.9
16764,2026-05-20,C0260,Boutique,T-shirts,T-shirt oversize,M,1,29.9,0,29.9
16764,2026-05-20,C0260,Boutique,Pantalons,Jogging,M,2,34.9,0,69.8
16765,2026-05-20,C0294,En ligne,Accessoires,Bonnet,Unique,1,17.9,0,17.9
16766,2026-05-20,C0107,En ligne,Accessoires,Écharpe,Unique,1,24.9,0,24.9
16767,2026-05-20,C0381,Boutique,Chaussures,Bottines,42,2,109.9,0,219.8
16767,2026-05-20,C0381,Boutique,Accessoires,Bonnet,Unique,1,17.9,0,17.9
16767,2026-05-20,C0381,Boutique,Pantalons,Jean slim,XS,1,54.9,0,54.9
16768,2026-05-20,C0102,Boutique,T-shirts,T-shirt oversize,L,1,29.9,0,29.9
16769,2026-05-20,C0062,Boutique,Accessoires,Sac banane,Unique,1,34.9,0,34.9
16770,2026-05-20,C0013,Boutique,Pulls & sweats,Sweat col rond,M,1,39.9,0,39.9
16770,2026-05-20,C0013,Boutique,Pulls & sweats,Sweat à capuche,L,1,49.9,0,49.9
16771,2026-05-20,C0526,En ligne,Pulls & sweats,Sweat à capuche,M,1,49.9,0,49.9
16772,2026-05-20,C0030,Boutique,T-shirts,T-shirt basique,L,1,19.9,0,19.9
16773,2026-05-20,C0553,Boutique,Pantalons,Jean slim,M,1,54.9,0,54.9
16774,2026-05-20,C0005,Boutique,T-shirts,T-shirt imprimé,S,1,24.9,0,24.9
16775,2026-05-20,C0052,En ligne,T-shirts,T-shirt imprimé,XL,1,24.9,0,24.9
16776,2026-05-20,C0630,En ligne,Pulls & sweats,Sweat à capuche,XS,1,49.9,0,49.9
16777,2026-05-20,C0074,Boutique,Pulls & sweats,Sweat col rond,M,1,39.9,0,39.9
16778,2026-05-20,C0012,En ligne,Pantalons,Jean slim,L,1,54.9,0,54.9
16779,2026-05-21,C0113,Boutique,T-shirts,T-shirt oversize,M,1,29.9,0,29.9
16780,2026-05-21,C0158,Boutique,T-shirts,T-shirt basique,XL,1,19.9,0,19.9
16781,2026-05-21,C0084,Boutique,Pantalons,Jean droit,M,1,59.9,0,59.9
16782,2026-05-21,C0745,Boutique,Accessoires,Ceinture,Unique,1,29.9,0,29.9
16783,2026-05-21,C0647,Boutique,Pantalons,Jean droit,S,1,59.9,0,59.9
16784,2026-05-21,C0105,Boutique,T-shirts,T-shirt imprimé,M,1,24.9,0,24.9
16784,2026-05-21,C0105,Boutique,Pantalons,Jean droit,S,1,59.9,0,59.9
16785,2026-05-21,C0163,Boutique,Accessoires,Bonnet,Unique,1,17.9,0,17.9
16786,2026-05-21,C0058,En ligne,Vestes,Veste en jean,M,1,79.9,0,79.9
16787,2026-05-21,C0117,En ligne,T-shirts,T-shirt oversize,L,1,29.9,0,29.9
16788,2026-05-21,C0528,Boutique,Pantalons,Jean droit,XL,1,59.9,0,59.9
16788,2026-05-21,C0528,Boutique,Vestes,Veste en jean,L,1,79.9,0,79.9
16789,2026-05-21,C0232,En ligne,Pulls & sweats,Sweat à capuche,M,1,49.9,0,49.9
16789,2026-05-21,C0232,En ligne,T-shirts,T-shirt oversize,M,1,29.9,0,29.9
16790,2026-05-21,C0071,En ligne,Accessoires,Bonnet,Unique,1,17.9,0,17.9
16791,2026-05-22,C0011,En ligne,T-shirts,T-shirt oversize,S,1,29.9,0,29.9
16792,2026-05-22,C0145,Boutique,Vestes,Doudoune,M,1,119.9,0,119.9
16792,2026-05-22,C0145,Boutique,T-shirts,T-shirt basique,L,1,19.9,0,19.9
16793,2026-05-22,C0208,Boutique,Accessoires,Ceinture,Unique,1,29.9,0,29.9
16794,2026-05-22,C0887,En ligne,T-shirts,T-shirt oversize,XL,1,29.9,0,29.9
16795,2026-05-22,C0117,Boutique,T-shirts,T-shirt imprimé,XL,1,24.9,0,24.9
16796,2026-05-22,C0631,En ligne,Accessoires,Casquette,Unique,1,19.9,0,19.9
16796,2026-05-22,C0631,En ligne,T-shirts,T-shirt imprimé,L,1,24.9,0,24.9
16796,2026-05-22,C0631,En ligne,T-shirts,T-shirt oversize,S,1,29.9,0,29.9
16797,2026-05-22,C0238,En ligne,Vestes,Veste en jean,S,1,79.9,0,79.9
16798,2026-05-22,C0071,En ligne,T-shirts,T-shirt oversize,S,1,29.9,0,29.9
16798,2026-05-22,C0071,En ligne,T-shirts,T-shirt basique,L,1,19.9,0,19.9
16799,2026-05-22,C0120,Boutique,T-shirts,T-shirt basique,M,2,19.9,0,39.8
16799,2026-05-22,C0120,Boutique,Accessoires,Sac banane,Unique,2,34.9,0,69.8
16800,2026-05-22,C0646,Boutique,Accessoires,Ceinture,Unique,1,29.9,0,29.9
16800,2026-05-22,C0646,Boutique,Vestes,Coupe-vent,L,1,64.9,0,64.9
16800,2026-05-22,C0646,Boutique,Pulls & sweats,Sweat à capuche,XS,1,49.9,0,49.9
16801,2026-05-22,C0424,Boutique,Pantalons,Jean droit,L,2,59.9,0,119.8
16802,2026-05-23,C0464,En ligne,Accessoires,Sac banane,Unique,1,34.9,0,34.9
16803,2026-05-23,C0340,Boutique,T-shirts,T-shirt basique,XL,1,19.9,0,19.9
16803,2026-05-23,C0340,Boutique,Pulls & sweats,Sweat col rond,L,1,39.9,0,39.9
16803,2026-05-23,C0340,Boutique,Pulls & sweats,Sweat col rond,XL,1,39.9,0,39.9
16804,2026-05-23,C0017,Boutique,Pulls & sweats,Sweat col rond,S,1,39.9,0,39.9
16805,2026-05-23,C0129,En ligne,Accessoires,Casquette,Unique,1,19.9,0,19.9
16805,2026-05-23,C0129,En ligne,Accessoires,Bonnet,Unique,1,17.9,0,17.9
16805,2026-05-23,C0129,En ligne,T-shirts,T-shirt oversize,XL,2,29.9,0,59.8
16806,2026-05-23,C0073,Boutique,Pulls & sweats,Pull en laine,L,2,59.9,0,119.8
16806,2026-05-23,C0073,Boutique,Accessoires,Écharpe,Unique,1,24.9,0,24.9
16807,2026-05-23,C0301,Boutique,Accessoires,Ceinture,Unique,1,29.9,0,29.9
16807,2026-05-23,C0301,Boutique,Vestes,Doudoune,M,1,119.9,0,119.9
16808,2026-05-23,C0120,Boutique,Pantalons,Jean slim,XS,1,54.9,0,54.9
16809,2026-05-23,C0001,En ligne,T-shirts,T-shirt basique,M,1,19.9,0,19.9
16810,2026-05-23,C0314,Boutique,Accessoires,Casquette,Unique,1,19.9,0,19.9
16810,2026-05-23,C0314,Boutique,Accessoires,Sac banane,Unique,1,34.9,0,34.9
16811,2026-05-23,C0114,Boutique,T-shirts,T-shirt oversize,L,1,29.9,0,29.9
16811,2026-05-23,C0114,Boutique,T-shirts,T-shirt basique,XS,1,19.9,0,19.9
16811,2026-05-23,C0114,Boutique,Accessoires,Écharpe,Unique,1,24.9,0,24.9
16812,2026-05-23,C0839,En ligne,T-shirts,T-shirt basique,XS,1,19.9,0,19.9
16812,2026-05-23,C0839,En ligne,Accessoires,Ceinture,Unique,1,29.9,0,29.9
16813,2026-05-23,C0573,Boutique,Chaussures,Baskets blanches,44,1,89.9,0,89.9
16813,2026-05-23,C0573,Boutique,Accessoires,Casquette,Unique,1,19.9,0,19.9
16813,2026-05-23,C0573,Boutique,Accessoires,Casquette,Unique,1,19.9,0,19.9
16814,2026-05-23,C0049,Boutique,Accessoires,Écharpe,Unique,1,24.9,0,24.9
16815,2026-05-23,C0289,Boutique,Chaussures,Sneakers running,42,1,99.9,0,99.9
16815,2026-05-23,C0289,Boutique,Accessoires,Ceinture,Unique,1,29.9,0,29.9
16816,2026-05-23,C0844,En ligne,T-shirts,T-shirt imprimé,XS,1,24.9,0,24.9
16816,2026-05-23,C0844,En ligne,Chaussures,Sneakers running,40,1,99.9,0,99.9
16816,2026-05-23,C0844,En ligne,T-shirts,T-shirt basique,L,1,19.9,0,19.9
16817,2026-05-23,C0061,En ligne,Pantalons,Jean droit,M,1,59.9,0,59.9
16817,2026-05-23,C0061,En ligne,Pantalons,Jogging,S,1,34.9,0,34.9
16818,2026-05-23,C0797,Boutique,T-shirts,T-shirt oversize,M,1,29.9,0,29.9
16818,2026-05-23,C0797,Boutique,Accessoires,Écharpe,Unique,1,24.9,0,24.9
16818,2026-05-23,C0797,Boutique,T-shirts,T-shirt oversize,L,2,29.9,0,59.8
16819,2026-05-23,C0220,Boutique,Accessoires,Ceinture,Unique,1,29.9,0,29.9
16820,2026-05-23,C0486,Boutique,Chaussures,Baskets blanches,42,1,89.9,0,89.9
16820,2026-05-23,C0486,Boutique,T-shirts,T-shirt basique,XL,1,19.9,0,19.9
16821,2026-05-23,C0048,Boutique,Pulls & sweats,Sweat col rond,L,1,39.9,0,39.9
16822,2026-05-23,C0028,Boutique,Pantalons,Jean slim,M,1,54.9,0,54.9
16822,2026-05-23,C0028,Boutique,Pantalons,Jean droit,L,1,59.9,0,59.9
16823,2026-05-23,C0238,Boutique,Accessoires,Écharpe,Unique,1,24.9,0,24.9
16823,2026-05-23,C0238,Boutique,T-shirts,T-shirt imprimé,S,2,24.9,0,49.8
16824,2026-05-23,C0106,En ligne,T-shirts,T-shirt imprimé,S,1,24.9,0,24.9
16824,2026-05-23,C0106,En ligne,Vestes,Doudoune,XS,1,119.9,0,119.9
16825,2026-05-23,C0050,Boutique,Pantalons,Jean slim,M,1,54.9,0,54.9
16825,2026-05-23,C0050,Boutique,Vestes,Doudoune,S,1,119.9,0,119.9
16826,2026-05-23,C0039,En ligne,Pulls & sweats,Sweat col rond,M,1,39.9,0,39.9
16827,2026-05-23,C0205,Boutique,T-shirts,T-shirt basique,M,1,19.9,0,19.9
16828,2026-05-23,C0067,En ligne,Accessoires,Ceinture,Unique,1,29.9,0,29.9
16828,2026-05-23,C0067,En ligne,Chaussures,Bottines,43,1,109.9,0,109.9
16828,2026-05-23,C0067,En ligne,Pulls & sweats,Sweat col rond,M,1,39.9,0,39.9
16829,2026-05-25,C0718,Boutique,Pantalons,Jogging,XL,2,34.9,0,69.8
16830,2026-05-25,C0089,Boutique,Pulls & sweats,Pull en laine,XL,1,59.9,0,59.9
16831,2026-05-25,C0087,Boutique,T-shirts,T-shirt basique,XL,1,19.9,0,19.9
16831,2026-05-25,C0087,Boutique,Chaussures,Bottines,41,1,109.9,0,109.9
16831,2026-05-25,C0087,Boutique,Accessoires,Sac banane,Unique,1,34.9,0,34.9
16832,2026-05-25,C0823,En ligne,Pulls & sweats,Pull en laine,XL,1,59.9,0,59.9
16833,2026-05-25,C0014,En ligne,Pantalons,Pantalon cargo,L,2,49.9,0,99.8
16833,2026-05-25,C0014,En ligne,Accessoires,Sac banane,Unique,1,34.9,0,34.9
16834,2026-05-25,C0692,En ligne,T-shirts,T-shirt imprimé,M,1,24.9,0,24.9
16834,2026-05-25,C0692,En ligne,Accessoires,Écharpe,Unique,1,24.9,0,24.9
16835,2026-05-25,C0652,En ligne,Accessoires,Ceinture,Unique,1,29.9,0,29.9
16836,2026-05-25,C0466,Boutique,T-shirts,T-shirt basique,L,1,19.9,0,19.9
16837,2026-05-25,C0035,En ligne,Accessoires,Ceinture,Unique,1,29.9,0,29.9
16838,2026-05-25,C0004,Boutique,T-shirts,T-shirt imprimé,S,2,24.9,0,49.8
16839,2026-05-25,C0317,En ligne,Pulls & sweats,Pull en laine,L,1,59.9,0,59.9
16840,2026-05-26,C0053,En ligne,Pantalons,Pantalon cargo,M,1,49.9,0,49.9
16841,2026-05-26,C0461,Boutique,Chaussures,Bottines,43,1,109.9,0,109.9
16842,2026-05-26,C0034,Boutique,Chaussures,Bottines,41,1,109.9,0,109.9
16842,2026-05-26,C0034,Boutique,T-shirts,T-shirt imprimé,L,1,24.9,0,24.9
16842,2026-05-26,C0034,Boutique,Accessoires,Bonnet,Unique,1,17.9,0,17.9
16843,2026-05-26,C0101,Boutique,T-shirts,T-shirt basique,M,1,19.9,0,19.9
16843,2026-05-26,C0101,Boutique,Accessoires,Sac banane,Unique,1,34.9,0,34.9
16844,2026-05-26,C0004,En ligne,T-shirts,T-shirt imprimé,L,1,24.9,0,24.9
16845,2026-05-26,C0044,Boutique,Vestes,Coupe-vent,S,2,64.9,0,129.8
16846,2026-05-26,C0042,Boutique,Accessoires,Bonnet,Unique,1,17.9,0,17.9
16846,2026-05-26,C0042,Boutique,Accessoires,Bonnet,Unique,1,17.9,0,17.9
16846,2026-05-26,C0042,Boutique,Pantalons,Jogging,L,1,34.9,0,34.9
16847,2026-05-26,C0064,En ligne,T-shirts,T-shirt imprimé,M,1,24.9,0,24.9
16848,2026-05-26,C0056,Boutique,Pantalons,Jogging,XS,1,34.9,0,34.9
16848,2026-05-26,C0056,Boutique,Accessoires,Ceinture,Unique,1,29.9,0,29.9
16849,2026-05-26,C0076,Boutique,Pantalons,Pantalon cargo,S,1,49.9,0,49.9
16849,2026-05-26,C0076,Boutique,T-shirts,T-shirt oversize,XS,1,29.9,0,29.9
16850,2026-05-26,C0088,En ligne,Accessoires,Ceinture,Unique,1,29.9,0,29.9
16851,2026-05-26,C0156,Boutique,Accessoires,Écharpe,Unique,2,24.9,0,49.8
16852,2026-05-26,C0312,Boutique,Accessoires,Écharpe,Unique,2,24.9,0,49.8
16853,2026-05-26,C0045,Boutique,T-shirts,T-shirt imprimé,M,1,24.9,0,24.9
16853,2026-05-26,C0045,Boutique,T-shirts,T-shirt oversize,L,1,29.9,0,29.9
16853,2026-05-26,C0045,Boutique,Pulls & sweats,Sweat à capuche,M,2,49.9,0,99.8
16854,2026-05-26,C0119,Boutique,Pulls & sweats,Pull en laine,L,1,59.9,0,59.9
16855,2026-05-26,C0276,Boutique,Chaussures,Bottines,41,1,109.9,0,109.9
16856,2026-05-26,C0803,Boutique,Pantalons,Pantalon cargo,S,1,49.9,0,49.9
16857,2026-05-26,C0021,Boutique,T-shirts,T-shirt oversize,M,1,29.9,0,29.9
16858,2026-05-27,C0097,En ligne,Accessoires,Écharpe,Unique,1,24.9,0,24.9
16859,2026-05-27,C0711,Boutique,T-shirts,T-shirt basique,XL,1,19.9,0,19.9
16859,2026-05-27,C0711,Boutique,Accessoires,Casquette,Unique,1,19.9,0,19.9
16859,2026-05-27,C0711,Boutique,Pantalons,Jean slim,S,1,54.9,0,54.9
16860,2026-05-27,C0740,En ligne,Accessoires,Sac banane,Unique,2,34.9,0,69.8
16861,2026-05-27,C0320,Boutique,Pantalons,Jogging,XS,1,34.9,0,34.9
16861,2026-05-27,C0320,Boutique,Chaussures,Baskets blanches,44,1,89.9,0,89.9
16861,2026-05-27,C0320,Boutique,T-shirts,T-shirt basique,L,1,19.9,0,19.9
16862,2026-05-27,C0791,Boutique,Accessoires,Ceinture,Unique,1,29.9,0,29.9
16863,2026-05-27,C0072,Boutique,Pulls & sweats,Pull en laine,M,1,59.9,0,59.9
16864,2026-05-27,C0341,Boutique,T-shirts,T-shirt imprimé,L,1,24.9,0,24.9
16865,2026-05-27,C0514,Boutique,Pulls & sweats,Sweat à capuche,L,1,49.9,0,49.9
16866,2026-05-27,C0118,En ligne,Accessoires,Écharpe,Unique,1,24.9,0,24.9
16867,2026-05-27,C0063,Boutique,T-shirts,T-shirt oversize,S,1,29.9,0,29.9
16867,2026-05-27,C0063,Boutique,Chaussures,Baskets blanches,41,1,89.9,0,89.9
16868,2026-05-27,C0238,Boutique,Accessoires,Casquette,Unique,1,19.9,0,19.9
16868,2026-05-27,C0238,Boutique,Vestes,Veste en jean,S,2,79.9,0,159.8
16869,2026-05-28,C0018,En ligne,T-shirts,T-shirt imprimé,XL,1,24.9,0,24.9
16870,2026-05-28,C0070,Boutique,Pulls & sweats,Sweat col rond,S,1,39.9,0,39.9
16871,2026-05-28,C0787,Boutique,T-shirts,T-shirt oversize,S,1,29.9,0,29.9
16872,2026-05-28,C0066,En ligne,Vestes,Doudoune,M,1,119.9,0,119.9
16873,2026-05-28,C0044,En ligne,Vestes,Doudoune,M,2,119.9,0,239.8
16874,2026-05-28,C0029,En ligne,Accessoires,Ceinture,Unique,1,29.9,0,29.9
16875,2026-05-28,C0463,Boutique,T-shirts,T-shirt oversize,L,1,29.9,0,29.9
16875,2026-05-28,C0463,Boutique,Chaussures,Sneakers running,44,1,99.9,0,99.9
16876,2026-05-28,C0081,Boutique,T-shirts,T-shirt imprimé,M,1,24.9,0,24.9
16876,2026-05-28,C0081,Boutique,T-shirts,T-shirt imprimé,M,2,24.9,0,49.8
16877,2026-05-28,C0171,Boutique,Accessoires,Casquette,Unique,2,19.9,0,39.8
16878,2026-05-28,C0681,Boutique,Pantalons,Pantalon cargo,XS,1,49.9,0,49.9
16879,2026-05-28,C0115,En ligne,Pantalons,Jogging,S,1,34.9,0,34.9
16879,2026-05-28,C0115,En ligne,T-shirts,T-shirt basique,XS,1,19.9,0,19.9
16879,2026-05-28,C0115,En ligne,Chaussures,Sneakers running,42,1,99.9,0,99.9
16880,2026-05-28,C0100,Boutique,Chaussures,Sneakers running,43,1,99.9,0,99.9
16880,2026-05-28,C0100,Boutique,T-shirts,T-shirt imprimé,S,1,24.9,0,24.9
16881,2026-05-28,C0066,Boutique,Pulls & sweats,Sweat à capuche,M,2,49.9,0,99.8
16882,2026-05-28,C0532,En ligne,Accessoires,Casquette,Unique,1,19.9,0,19.9
16883,2026-05-28,C0065,Boutique,Accessoires,Ceinture,Unique,1,29.9,0,29.9
16884,2026-05-28,C0659,En ligne,Pulls & sweats,Pull en laine,XL,1,59.9,0,59.9
16885,2026-05-28,C0052,Boutique,Accessoires,Casquette,Unique,1,19.9,0,19.9
16886,2026-05-29,C0821,Boutique,Vestes,Coupe-vent,S,2,64.9,0,129.8
16887,2026-05-29,C0012,Boutique,Pulls & sweats,Sweat à capuche,M,1,49.9,0,49.9
16887,2026-05-29,C0012,Boutique,T-shirts,T-shirt imprimé,XL,1,24.9,0,24.9
16888,2026-05-29,C0119,Boutique,Pantalons,Jean droit,XS,1,59.9,0,59.9
16889,2026-05-29,C0036,Boutique,Pantalons,Jogging,M,1,34.9,0,34.9
16890,2026-05-29,C0645,En ligne,Chaussures,Baskets blanches,42,1,89.9,0,89.9
16890,2026-05-29,C0645,En ligne,T-shirts,T-shirt basique,XS,1,19.9,0,19.9
16891,2026-05-29,C0062,Boutique,T-shirts,T-shirt oversize,M,2,29.9,0,59.8
16891,2026-05-29,C0062,Boutique,Pulls & sweats,Sweat col rond,M,2,39.9,0,79.8
16892,2026-05-29,C0044,Boutique,T-shirts,T-shirt basique,XS,1,19.9,0,19.9
16893,2026-05-29,C0054,Boutique,Pulls & sweats,Pull en laine,XL,2,59.9,0,119.8
16894,2026-05-29,C0658,Boutique,T-shirts,T-shirt imprimé,M,1,24.9,0,24.9
16894,2026-05-29,C0658,Boutique,Pulls & sweats,Sweat col rond,XS,1,39.9,0,39.9
16895,2026-05-29,C0353,Boutique,T-shirts,T-shirt basique,XS,1,19.9,0,19.9
16896,2026-05-29,C0032,Boutique,T-shirts,T-shirt oversize,M,2,29.9,0,59.8
16896,2026-05-29,C0032,Boutique,Accessoires,Écharpe,Unique,1,24.9,0,24.9
16896,2026-05-29,C0032,Boutique,Accessoires,Casquette,Unique,1,19.9,0,19.9
16897,2026-05-29,C0001,En ligne,Pantalons,Jogging,L,1,34.9,0,34.9
16898,2026-05-29,C0076,En ligne,Chaussures,Sneakers running,44,1,99.9,0,99.9
16899,2026-05-29,C0524,Boutique,Accessoires,Ceinture,Unique,1,29.9,0,29.9
16900,2026-05-29,C0330,En ligne,Accessoires,Sac banane,Unique,2,34.9,0,69.8
16900,2026-05-29,C0330,En ligne,Vestes,Veste en jean,S,1,79.9,0,79.9
16901,2026-05-29,C0696,En ligne,Pantalons,Jogging,L,1,34.9,0,34.9
16902,2026-05-29,C0859,En ligne,Accessoires,Sac banane,Unique,1,34.9,0,34.9
16902,2026-05-29,C0859,En ligne,T-shirts,T-shirt oversize,L,1,29.9,0,29.9
16902,2026-05-29,C0859,En ligne,Accessoires,Ceinture,Unique,1,29.9,0,29.9
16903,2026-05-30,C0540,En ligne,Chaussures,Sneakers running,41,1,99.9,0,99.9
16904,2026-05-30,C0855,En ligne,Pulls & sweats,Sweat à capuche,XL,1,49.9,0,49.9
16905,2026-05-30,C0421,Boutique,Vestes,Veste en jean,XL,1,79.9,0,79.9
16905,2026-05-30,C0421,Boutique,Pantalons,Jogging,S,2,34.9,0,69.8
16905,2026-05-30,C0421,Boutique,Pantalons,Jean slim,M,1,54.9,0,54.9
16906,2026-05-30,C0013,Boutique,Chaussures,Bottines,41,1,109.9,0,109.9
16907,2026-05-30,C0010,En ligne,Accessoires,Sac banane,Unique,1,34.9,0,34.9
16907,2026-05-30,C0010,En ligne,Accessoires,Ceinture,Unique,1,29.9,0,29.9
16907,2026-05-30,C0010,En ligne,Accessoires,Sac banane,Unique,1,34.9,0,34.9
16908,2026-05-30,C0164,En ligne,Chaussures,Sneakers running,44,1,99.9,0,99.9
16909,2026-05-30,C0153,En ligne,T-shirts,T-shirt basique,L,2,19.9,0,39.8
16909,2026-05-30,C0153,En ligne,Accessoires,Casquette,Unique,1,19.9,0,19.9
16910,2026-05-30,C0764,Boutique,Pantalons,Pantalon cargo,S,2,49.9,0,99.8
16911,2026-05-30,C0114,Boutique,T-shirts,T-shirt oversize,L,1,29.9,0,29.9
16912,2026-05-30,C0113,Boutique,Pantalons,Jogging,S,1,34.9,0,34.9
16913,2026-05-30,C0100,Boutique,T-shirts,T-shirt imprimé,L,1,24.9,0,24.9
16913,2026-05-30,C0100,Boutique,T-shirts,T-shirt oversize,XL,1,29.9,0,29.9
16913,2026-05-30,C0100,Boutique,Accessoires,Ceinture,Unique,1,29.9,0,29.9
16914,2026-05-30,C0304,Boutique,Pulls & sweats,Sweat col rond,S,1,39.9,0,39.9
16915,2026-05-30,C0571,Boutique,T-shirts,T-shirt imprimé,XL,1,24.9,0,24.9
16916,2026-05-30,C0214,Boutique,Pantalons,Jean slim,L,2,54.9,0,109.8
16916,2026-05-30,C0214,Boutique,Pantalons,Jean droit,M,1,59.9,0,59.9
16917,2026-05-30,C0140,Boutique,Chaussures,Baskets blanches,43,1,89.9,0,89.9
16917,2026-05-30,C0140,Boutique,Vestes,Veste en jean,M,1,79.9,0,79.9
16918,2026-05-30,C0309,En ligne,Pulls & sweats,Sweat col rond,M,2,39.9,0,79.8
16919,2026-05-30,C0198,En ligne,T-shirts,T-shirt imprimé,S,1,24.9,0,24.9
16920,2026-05-30,C0482,En ligne,Accessoires,Écharpe,Unique,1,24.9,0,24.9
16921,2026-05-30,C0027,En ligne,Accessoires,Écharpe,Unique,2,24.9,0,49.8
16922,2026-05-30,C0054,Boutique,T-shirts,T-shirt oversize,L,1,29.9,0,29.9
16923,2026-05-30,C0038,Boutique,Pantalons,Pantalon cargo,XL,1,49.9,0,49.9
16924,2026-05-30,C0305,En ligne,Accessoires,Sac banane,Unique,2,34.9,0,69.8
16925,2026-05-30,C0777,Boutique,Vestes,Coupe-vent,L,1,64.9,0,64.9
16926,2026-05-30,C0620,Boutique,T-shirts,T-shirt basique,L,1,19.9,0,19.9
16927,2026-05-30,C0058,Boutique,Chaussures,Baskets blanches,44,1,89.9,0,89.9
16928,2026-05-30,C0082,Boutique,Chaussures,Baskets blanches,40,2,89.9,0,179.8
16929,2026-05-30,C0039,En ligne,Pulls & sweats,Sweat à capuche,L,1,49.9,0,49.9
16929,2026-05-30,C0039,En ligne,T-shirts,T-shirt basique,XL,1,19.9,0,19.9
16930,2026-06-01,C0826,Boutique,Accessoires,Casquette,Unique,1,19.9,0,19.9
16931,2026-06-01,C0218,En ligne,Pulls & sweats,Sweat à capuche,L,1,49.9,0,49.9
16932,2026-06-01,C0469,Boutique,Pantalons,Jogging,M,1,34.9,0,34.9
16933,2026-06-01,C0390,En ligne,T-shirts,T-shirt imprimé,L,1,24.9,0,24.9
16934,2026-06-01,C0085,Boutique,T-shirts,T-shirt imprimé,S,1,24.9,0,24.9
16935,2026-06-01,C0114,Boutique,T-shirts,T-shirt oversize,S,2,29.9,0,59.8
16936,2026-06-01,C0099,Boutique,Chaussures,Baskets blanches,42,1,89.9,0,89.9
16937,2026-06-01,C0470,En ligne,Pantalons,Pantalon cargo,L,2,49.9,0,99.8
16937,2026-06-01,C0470,En ligne,Pantalons,Pantalon cargo,M,1,49.9,0,49.9
16938,2026-06-01,C0095,Boutique,T-shirts,T-shirt imprimé,M,1,24.9,0,24.9
16939,2026-06-01,C0116,En ligne,T-shirts,T-shirt imprimé,M,1,24.9,0,24.9
16940,2026-06-01,C0002,En ligne,Chaussures,Sneakers running,39,1,99.9,0,99.9
16941,2026-06-01,C0708,En ligne,Accessoires,Bonnet,Unique,1,17.9,0,17.9
16941,2026-06-01,C0708,En ligne,Accessoires,Ceinture,Unique,1,29.9,0,29.9
16942,2026-06-02,C0094,En ligne,Pantalons,Jean droit,M,1,59.9,0,59.9
16943,2026-06-02,C0606,Boutique,Pantalons,Jogging,XL,1,34.9,0,34.9
16943,2026-06-02,C0606,Boutique,T-shirts,T-shirt basique,S,1,19.9,0,19.9
16944,2026-06-02,C0725,Boutique,T-shirts,T-shirt oversize,S,1,29.9,0,29.9
16945,2026-06-02,C0491,Boutique,Accessoires,Bonnet,Unique,1,17.9,0,17.9
16946,2026-06-02,C0720,En ligne,Chaussures,Sneakers running,40,1,99.9,0,99.9
16947,2026-06-02,C0867,Boutique,T-shirts,T-shirt oversize,M,1,29.9,0,29.9
16947,2026-06-02,C0867,Boutique,T-shirts,T-shirt basique,S,1,19.9,0,19.9
16947,2026-06-02,C0867,Boutique,T-shirts,T-shirt oversize,L,1,29.9,0,29.9
16948,2026-06-02,C0246,En ligne,Pantalons,Jogging,L,1,34.9,0,34.9
16948,2026-06-02,C0246,En ligne,Pulls & sweats,Pull en laine,L,1,59.9,0,59.9
16948,2026-06-02,C0246,En ligne,Chaussures,Sneakers running,44,1,99.9,0,99.9
16949,2026-06-02,C0033,Boutique,T-shirts,T-shirt basique,M,1,19.9,0,19.9
16950,2026-06-02,C0742,En ligne,Pantalons,Pantalon cargo,S,1,49.9,0,49.9
16950,2026-06-02,C0742,En ligne,Chaussures,Bottines,43,1,109.9,0,109.9
16951,2026-06-02,C0085,En ligne,Pulls & sweats,Sweat à capuche,M,1,49.9,0,49.9
16952,2026-06-02,C0076,Boutique,T-shirts,T-shirt basique,L,1,19.9,0,19.9
16953,2026-06-03,C0030,Boutique,Accessoires,Écharpe,Unique,1,24.9,0,24.9
16954,2026-06-03,C0738,Boutique,Pantalons,Pantalon cargo,XL,2,49.9,0,99.8
16954,2026-06-03,C0738,Boutique,Accessoires,Écharpe,Unique,2,24.9,0,49.8
16954,2026-06-03,C0738,Boutique,T-shirts,T-shirt oversize,XL,1,29.9,0,29.9
16955,2026-06-03,C0610,Boutique,T-shirts,T-shirt imprimé,XS,1,24.9,0,24.9
16956,2026-06-03,C0097,En ligne,T-shirts,T-shirt oversize,M,1,29.9,0,29.9
16956,2026-06-03,C0097,En ligne,Chaussures,Bottines,41,1,109.9,0,109.9
16957,2026-06-03,C0068,En ligne,Chaussures,Bottines,44,1,109.9,0,109.9
16957,2026-06-03,C0068,En ligne,Pantalons,Pantalon cargo,M,1,49.9,0,49.9
16958,2026-06-03,C0857,Boutique,T-shirts,T-shirt imprimé,M,1,24.9,0,24.9
16958,2026-06-03,C0857,Boutique,T-shirts,T-shirt imprimé,L,1,24.9,0,24.9
16958,2026-06-03,C0857,Boutique,Pantalons,Jean slim,L,1,54.9,0,54.9
16959,2026-06-03,C0319,En ligne,Accessoires,Écharpe,Unique,1,24.9,0,24.9
16960,2026-06-03,C0298,Boutique,Accessoires,Ceinture,Unique,1,29.9,0,29.9
16961,2026-06-03,C0726,En ligne,Accessoires,Écharpe,Unique,2,24.9,0,49.8
16962,2026-06-03,C0898,Boutique,T-shirts,T-shirt imprimé,S,1,24.9,0,24.9
16963,2026-06-03,C0765,En ligne,Pantalons,Jean slim,M,1,54.9,0,54.9
16964,2026-06-03,C0551,Boutique,T-shirts,T-shirt oversize,M,1,29.9,0,29.9
16964,2026-06-03,C0551,Boutique,T-shirts,T-shirt imprimé,L,1,24.9,0,24.9
16964,2026-06-03,C0551,Boutique,Accessoires,Casquette,Unique,1,19.9,0,19.9
16965,2026-06-03,C0228,Boutique,Pantalons,Pantalon cargo,XL,1,49.9,0,49.9
16966,2026-06-03,C0023,Boutique,Pantalons,Pantalon cargo,XL,1,49.9,0,49.9
16967,2026-06-03,C0552,En ligne,T-shirts,T-shirt oversize,XS,1,29.9,0,29.9
16968,2026-06-03,C0118,Boutique,Pantalons,Jean droit,L,1,59.9,0,59.9
16968,2026-06-03,C0118,Boutique,Vestes,Doudoune,M,1,119.9,0,119.9
16969,2026-06-04,C0086,Boutique,Accessoires,Casquette,Unique,1,19.9,0,19.9
16969,2026-06-04,C0086,Boutique,Accessoires,Sac banane,Unique,1,34.9,0,34.9
16970,2026-06-04,C0043,En ligne,Accessoires,Casquette,Unique,1,19.9,0,19.9
16971,2026-06-04,C0413,Boutique,T-shirts,T-shirt oversize,M,2,29.9,0,59.8
16971,2026-06-04,C0413,Boutique,Accessoires,Casquette,Unique,1,19.9,0,19.9
16971,2026-06-04,C0413,Boutique,Chaussures,Baskets blanches,43,1,89.9,0,89.9
16972,2026-06-04,C0815,En ligne,T-shirts,T-shirt basique,XS,1,19.9,0,19.9
16973,2026-06-04,C0020,Boutique,Accessoires,Écharpe,Unique,1,24.9,0,24.9
16973,2026-06-04,C0020,Boutique,Accessoires,Bonnet,Unique,1,17.9,0,17.9
16974,2026-06-04,C0457,Boutique,T-shirts,T-shirt basique,M,1,19.9,0,19.9
16975,2026-06-04,C0549,Boutique,Pulls & sweats,Sweat col rond,XL,1,39.9,0,39.9
16976,2026-06-04,C0725,Boutique,Chaussures,Baskets blanches,41,1,89.9,0,89.9
16976,2026-06-04,C0725,Boutique,Chaussures,Baskets blanches,44,2,89.9,0,179.8
16976,2026-06-04,C0725,Boutique,Pantalons,Pantalon cargo,L,1,49.9,0,49.9
16977,2026-06-04,C0013,Boutique,Accessoires,Sac banane,Unique,1,34.9,0,34.9
16978,2026-06-04,C0027,En ligne,Pantalons,Jean droit,M,1,59.9,0,59.9
16979,2026-06-04,C0041,En ligne,T-shirts,T-shirt oversize,L,1,29.9,0,29.9
16979,2026-06-04,C0041,En ligne,Accessoires,Sac banane,Unique,1,34.9,0,34.9
16979,2026-06-04,C0041,En ligne,Accessoires,Bonnet,Unique,2,17.9,0,35.8
16980,2026-06-04,C0104,Boutique,T-shirts,T-shirt imprimé,L,1,24.9,0,24.9
16981,2026-06-04,C0025,Boutique,Vestes,Doudoune,XL,1,119.9,0,119.9
16981,2026-06-04,C0025,Boutique,T-shirts,T-shirt basique,L,1,19.9,0,19.9
16982,2026-06-04,C0421,En ligne,Pantalons,Pantalon cargo,XL,1,49.9,0,49.9
16982,2026-06-04,C0421,En ligne,Vestes,Doudoune,S,1,119.9,0,119.9
16983,2026-06-04,C0009,Boutique,Pantalons,Jean droit,S,1,59.9,0,59.9
16984,2026-06-05,C0525,Boutique,Chaussures,Bottines,44,1,109.9,0,109.9
16985,2026-06-05,C0119,En ligne,Accessoires,Ceinture,Unique,1,29.9,0,29.9
16986,2026-06-05,C0590,Boutique,T-shirts,T-shirt imprimé,L,1,24.9,0,24.9
16987,2026-06-05,C0037,Boutique,Accessoires,Sac banane,Unique,1,34.9,0,34.9
16988,2026-06-05,C0680,Boutique,T-shirts,T-shirt oversize,L,1,29.9,0,29.9
16989,2026-06-05,C0611,Boutique,T-shirts,T-shirt basique,L,2,19.9,0,39.8
16989,2026-06-05,C0611,Boutique,Pulls & sweats,Pull en laine,S,1,59.9,0,59.9
16989,2026-06-05,C0611,Boutique,Chaussures,Sneakers running,40,1,99.9,0,99.9
16990,2026-06-05,C0110,En ligne,Accessoires,Bonnet,Unique,1,17.9,0,17.9
16991,2026-06-05,C0167,En ligne,Pantalons,Jogging,M,1,34.9,0,34.9
16992,2026-06-05,C0750,En ligne,T-shirts,T-shirt oversize,XL,1,29.9,0,29.9
16992,2026-06-05,C0750,En ligne,Chaussures,Baskets blanches,44,1,89.9,0,89.9
16992,2026-06-05,C0750,En ligne,T-shirts,T-shirt oversize,M,1,29.9,0,29.9
16993,2026-06-05,C0037,Boutique,T-shirts,T-shirt imprimé,M,1,24.9,0,24.9
16994,2026-06-05,C0265,En ligne,Pantalons,Jogging,XS,1,34.9,0,34.9
16995,2026-06-05,C0030,Boutique,Accessoires,Casquette,Unique,1,19.9,0,19.9
16995,2026-06-05,C0030,Boutique,Pantalons,Jean droit,L,2,59.9,0,119.8
16995,2026-06-05,C0030,Boutique,T-shirts,T-shirt oversize,S,2,29.9,0,59.8
16996,2026-06-05,C0503,En ligne,Pulls & sweats,Sweat col rond,S,2,39.9,0,79.8
16997,2026-06-05,C0706,Boutique,Chaussures,Bottines,44,2,109.9,0,219.8
16998,2026-06-05,C0239,En ligne,Accessoires,Écharpe,Unique,1,24.9,0,24.9
16998,2026-06-05,C0239,En ligne,Pulls & sweats,Sweat à capuche,M,1,49.9,0,49.9
16999,2026-06-05,C0108,En ligne,Accessoires,Casquette,Unique,1,19.9,0,19.9
16999,2026-06-05,C0108,En ligne,T-shirts,T-shirt oversize,M,1,29.9,0,29.9
17000,2026-06-05,C0066,En ligne,Pantalons,Jogging,M,1,34.9,0,34.9
17000,2026-06-05,C0066,En ligne,Accessoires,Bonnet,Unique,2,17.9,0,35.8
17001,2026-06-05,C0008,Boutique,Accessoires,Bonnet,Unique,1,17.9,0,17.9
17001,2026-06-05,C0008,Boutique,Accessoires,Casquette,Unique,1,19.9,0,19.9
17002,2026-06-05,C0046,Boutique,Pantalons,Jean slim,L,1,54.9,0,54.9
17003,2026-06-05,C0805,En ligne,T-shirts,T-shirt oversize,M,1,29.9,0,29.9
17004,2026-06-05,C0839,Boutique,T-shirts,T-shirt basique,M,1,19.9,0,19.9
17004,2026-06-05,C0839,Boutique,Pantalons,Pantalon cargo,S,1,49.9,0,49.9
17005,2026-06-05,C0031,Boutique,Pulls & sweats,Sweat col rond,L,1,39.9,0,39.9
17006,2026-06-06,C0077,En ligne,T-shirts,T-shirt imprimé,M,2,24.9,0,49.8
17007,2026-06-06,C0321,En ligne,Pantalons,Jogging,S,1,34.9,0,34.9
17007,2026-06-06,C0321,En ligne,T-shirts,T-shirt basique,M,1,19.9,0,19.9
17007,2026-06-06,C0321,En ligne,Pulls & sweats,Sweat à capuche,XS,1,49.9,0,49.9
17008,2026-06-06,C0084,En ligne,T-shirts,T-shirt basique,L,1,19.9,0,19.9
17009,2026-06-06,C0018,Boutique,T-shirts,T-shirt imprimé,S,1,24.9,0,24.9
17010,2026-06-06,C0018,Boutique,Accessoires,Bonnet,Unique,2,17.9,0,35.8
17011,2026-06-06,C0039,En ligne,T-shirts,T-shirt oversize,M,1,29.9,0,29.9
17011,2026-06-06,C0039,En ligne,Chaussures,Bottines,40,1,109.9,0,109.9
17012,2026-06-06,C0653,Boutique,T-shirts,T-shirt basique,L,1,19.9,0,19.9
17013,2026-06-06,C0643,Boutique,Accessoires,Casquette,Unique,2,19.9,0,39.8
17013,2026-06-06,C0643,Boutique,Accessoires,Casquette,Unique,1,19.9,0,19.9
17014,2026-06-06,C0231,Boutique,Pantalons,Jean slim,XS,1,54.9,0,54.9
17015,2026-06-06,C0012,Boutique,Accessoires,Ceinture,Unique,2,29.9,0,59.8
17016,2026-06-06,C0102,En ligne,T-shirts,T-shirt basique,XL,1,19.9,0,19.9
17017,2026-06-06,C0131,En ligne,T-shirts,T-shirt basique,M,1,19.9,0,19.9
17017,2026-06-06,C0131,En ligne,T-shirts,T-shirt imprimé,L,1,24.9,0,24.9
17018,2026-06-06,C0005,Boutique,Pantalons,Jean droit,M,1,59.9,0,59.9
17019,2026-06-06,C0080,Boutique,Accessoires,Bonnet,Unique,1,17.9,0,17.9
17020,2026-06-06,C0061,Boutique,T-shirts,T-shirt oversize,M,1,29.9,0,29.9
17021,2026-06-06,C0071,En ligne,T-shirts,T-shirt imprimé,L,2,24.9,0,49.8
17021,2026-06-06,C0071,En ligne,Pulls & sweats,Pull en laine,M,1,59.9,0,59.9
17022,2026-06-06,C0372,Boutique,Pantalons,Jean slim,L,1,54.9,0,54.9
17023,2026-06-06,C0777,Boutique,T-shirts,T-shirt imprimé,S,1,24.9,0,24.9
17024,2026-06-06,C0592,En ligne,Pantalons,Jean droit,L,1,59.9,0,59.9
17024,2026-06-06,C0592,En ligne,Accessoires,Casquette,Unique,1,19.9,0,19.9
17025,2026-06-06,C0072,En ligne,Pantalons,Jean droit,L,1,59.9,0,59.9
17026,2026-06-06,C0024,En ligne,Pulls & sweats,Sweat col rond,M,2,39.9,0,79.8
17026,2026-06-06,C0024,En ligne,T-shirts,T-shirt basique,M,1,19.9,0,19.9
17027,2026-06-06,C0087,En ligne,Accessoires,Sac banane,Unique,1,34.9,0,34.9
17028,2026-06-06,C0224,Boutique,T-shirts,T-shirt basique,S,1,19.9,0,19.9
17029,2026-06-06,C0456,En ligne,Accessoires,Sac banane,Unique,1,34.9,0,34.9
17029,2026-06-06,C0456,En ligne,Chaussures,Bottines,39,1,109.9,0,109.9
17030,2026-06-06,C0067,En ligne,T-shirts,T-shirt oversize,XS,2,29.9,0,59.8
17031,2026-06-06,C0419,Boutique,Chaussures,Bottines,43,1,109.9,0,109.9
17032,2026-06-06,C0049,En ligne,T-shirts,T-shirt basique,XL,2,19.9,0,39.8
17032,2026-06-06,C0049,En ligne,Pulls & sweats,Pull en laine,S,1,59.9,0,59.9
17033,2026-06-08,C0120,Boutique,T-shirts,T-shirt imprimé,M,1,24.9,0,24.9
17033,2026-06-08,C0120,Boutique,T-shirts,T-shirt imprimé,S,2,24.9,0,49.8
17033,2026-06-08,C0120,Boutique,Pantalons,Jean slim,L,1,54.9,0,54.9
17034,2026-06-08,C0059,Boutique,T-shirts,T-shirt oversize,S,1,29.9,0,29.9
17034,2026-06-08,C0059,Boutique,Accessoires,Casquette,Unique,1,19.9,0,19.9
17035,2026-06-08,C0428,En ligne,Accessoires,Écharpe,Unique,1,24.9,0,24.9
17035,2026-06-08,C0428,En ligne,Pantalons,Jean slim,XS,1,54.9,0,54.9
17035,2026-06-08,C0428,En ligne,Accessoires,Écharpe,Unique,1,24.9,0,24.9
17036,2026-06-08,C0117,Boutique,T-shirts,T-shirt basique,M,1,19.9,0,19.9
17037,2026-06-08,C0230,Boutique,Accessoires,Sac banane,Unique,1,34.9,0,34.9
17038,2026-06-08,C0496,En ligne,T-shirts,T-shirt oversize,M,1,29.9,0,29.9
17039,2026-06-08,C0450,Boutique,T-shirts,T-shirt imprimé,L,2,24.9,0,49.8
17040,2026-06-08,C0837,Boutique,T-shirts,T-shirt basique,M,1,19.9,0,19.9
17041,2026-06-08,C0074,Boutique,Chaussures,Sneakers running,39,1,99.9,0,99.9
17042,2026-06-08,C0025,Boutique,T-shirts,T-shirt basique,M,1,19.9,0,19.9
17043,2026-06-08,C0627,Boutique,Accessoires,Bonnet,Unique,1,17.9,0,17.9
17043,2026-06-08,C0627,Boutique,Pulls & sweats,Pull en laine,M,1,59.9,0,59.9
17043,2026-06-08,C0627,Boutique,T-shirts,T-shirt imprimé,S,1,24.9,0,24.9
17044,2026-06-08,C0814,Boutique,T-shirts,T-shirt oversize,S,1,29.9,0,29.9
17044,2026-06-08,C0814,Boutique,Pantalons,Jean droit,L,1,59.9,0,59.9
17044,2026-06-08,C0814,Boutique,T-shirts,T-shirt oversize,XL,1,29.9,0,29.9
17045,2026-06-09,C0098,En ligne,Pantalons,Pantalon cargo,M,1,49.9,0,49.9
17046,2026-06-09,C0488,Boutique,T-shirts,T-shirt basique,L,1,19.9,0,19.9
17046,2026-06-09,C0488,Boutique,T-shirts,T-shirt basique,L,1,19.9,0,19.9
17046,2026-06-09,C0488,Boutique,Accessoires,Écharpe,Unique,1,24.9,0,24.9
17047,2026-06-09,C0116,En ligne,T-shirts,T-shirt oversize,M,1,29.9,0,29.9
17047,2026-06-09,C0116,En ligne,T-shirts,T-shirt oversize,M,1,29.9,0,29.9
17048,2026-06-09,C0482,Boutique,Accessoires,Bonnet,Unique,1,17.9,0,17.9
17049,2026-06-09,C0859,Boutique,Pantalons,Jean droit,S,1,59.9,0,59.9
17049,2026-06-09,C0859,Boutique,T-shirts,T-shirt oversize,L,1,29.9,0,29.9
17050,2026-06-09,C0887,Boutique,T-shirts,T-shirt oversize,S,1,29.9,0,29.9
17050,2026-06-09,C0887,Boutique,Chaussures,Sneakers running,40,1,99.9,0,99.9
17050,2026-06-09,C0887,Boutique,Pulls & sweats,Sweat col rond,L,1,39.9,0,39.9
17051,2026-06-09,C0450,Boutique,Pulls & sweats,Sweat à capuche,S,1,49.9,0,49.9
17052,2026-06-09,C0067,Boutique,T-shirts,T-shirt oversize,L,1,29.9,0,29.9
17053,2026-06-09,C0074,Boutique,Pantalons,Pantalon cargo,M,1,49.9,0,49.9
17054,2026-06-10,C0798,En ligne,Accessoires,Sac banane,Unique,1,34.9,0,34.9
17055,2026-06-10,C0552,Boutique,Accessoires,Casquette,Unique,2,19.9,0,39.8
17056,2026-06-10,C0562,Boutique,Pantalons,Pantalon cargo,M,1,49.9,0,49.9
17057,2026-06-10,C0112,En ligne,Pantalons,Jean droit,M,1,59.9,0,59.9
17058,2026-06-10,C0149,Boutique,T-shirts,T-shirt oversize,XL,1,29.9,0,29.9
17059,2026-06-10,C0427,Boutique,Accessoires,Sac banane,Unique,1,34.9,0,34.9
17060,2026-06-10,C0113,Boutique,T-shirts,T-shirt basique,XL,1,19.9,0,19.9
17061,2026-06-10,C0658,Boutique,Chaussures,Sneakers running,44,1,99.9,0,99.9
17062,2026-06-10,C0367,Boutique,Pantalons,Pantalon cargo,XL,1,49.9,0,49.9
17063,2026-06-10,C0002,En ligne,T-shirts,T-shirt basique,XL,2,19.9,0,39.8
17063,2026-06-10,C0002,En ligne,Vestes,Doudoune,S,2,119.9,0,239.8
17064,2026-06-10,C0847,Boutique,Accessoires,Casquette,Unique,2,19.9,0,39.8
17065,2026-06-10,C0064,Boutique,Vestes,Doudoune,M,1,119.9,0,119.9
17065,2026-06-10,C0064,Boutique,T-shirts,T-shirt oversize,L,1,29.9,0,29.9
17066,2026-06-10,C0151,Boutique,Accessoires,Sac banane,Unique,2,34.9,0,69.8
17067,2026-06-10,C0126,Boutique,T-shirts,T-shirt basique,XL,1,19.9,0,19.9
17068,2026-06-10,C0053,Boutique,T-shirts,T-shirt oversize,S,1,29.9,0,29.9
17068,2026-06-10,C0053,Boutique,Chaussures,Baskets blanches,39,1,89.9,0,89.9
17069,2026-06-10,C0745,En ligne,T-shirts,T-shirt oversize,L,1,29.9,0,29.9
17070,2026-06-11,C0478,Boutique,T-shirts,T-shirt oversize,M,2,29.9,0,59.8
17071,2026-06-11,C0029,En ligne,T-shirts,T-shirt basique,S,1,19.9,0,19.9
17072,2026-06-11,C0766,Boutique,T-shirts,T-shirt imprimé,S,1,24.9,0,24.9
17073,2026-06-11,C0021,Boutique,Pulls & sweats,Pull en laine,M,1,59.9,0,59.9
17074,2026-06-11,C0089,En ligne,T-shirts,T-shirt imprimé,S,1,24.9,0,24.9
17075,2026-06-11,C0011,Boutique,T-shirts,T-shirt imprimé,XL,2,24.9,0,49.8
17076,2026-06-11,C0400,Boutique,Accessoires,Bonnet,Unique,1,17.9,0,17.9
17077,2026-06-11,C0261,Boutique,Accessoires,Écharpe,Unique,1,24.9,0,24.9
17077,2026-06-11,C0261,Boutique,T-shirts,T-shirt oversize,M,1,29.9,0,29.9
17078,2026-06-11,C0060,En ligne,Chaussures,Sneakers running,43,1,99.9,0,99.9
17079,2026-06-11,C0824,Boutique,T-shirts,T-shirt oversize,L,1,29.9,0,29.9
17079,2026-06-11,C0824,Boutique,Accessoires,Ceinture,Unique,1,29.9,0,29.9
17080,2026-06-11,C0582,Boutique,T-shirts,T-shirt basique,L,1,19.9,0,19.9
17081,2026-06-11,C0125,En ligne,Pantalons,Jean slim,S,1,54.9,0,54.9
17081,2026-06-11,C0125,En ligne,T-shirts,T-shirt imprimé,S,2,24.9,0,49.8
17082,2026-06-11,C0256,Boutique,Pantalons,Jean slim,L,1,54.9,0,54.9
17082,2026-06-11,C0256,Boutique,Pulls & sweats,Sweat col rond,XS,1,39.9,0,39.9
17083,2026-06-11,C0773,Boutique,Accessoires,Casquette,Unique,1,19.9,0,19.9
17084,2026-06-11,C0007,Boutique,T-shirts,T-shirt oversize,L,1,29.9,0,29.9
17084,2026-06-11,C0007,Boutique,T-shirts,T-shirt oversize,M,1,29.9,0,29.9
17085,2026-06-11,C0054,Boutique,Pulls & sweats,Sweat à capuche,M,1,49.9,0,49.9
17086,2026-06-11,C0056,Boutique,Accessoires,Écharpe,Unique,1,24.9,0,24.9
17086,2026-06-11,C0056,Boutique,T-shirts,T-shirt imprimé,XS,1,24.9,0,24.9
17087,2026-06-11,C0039,Boutique,Pantalons,Jean slim,M,1,54.9,0,54.9
17088,2026-06-11,C0708,En ligne,T-shirts,T-shirt imprimé,M,1,24.9,0,24.9
17089,2026-06-11,C0104,Boutique,T-shirts,T-shirt oversize,M,1,29.9,0,29.9
17089,2026-06-11,C0104,Boutique,Pantalons,Jean droit,L,1,59.9,0,59.9
17090,2026-06-11,C0026,En ligne,T-shirts,T-shirt basique,S,1,19.9,0,19.9
17091,2026-06-11,C0003,En ligne,T-shirts,T-shirt imprimé,M,1,24.9,0,24.9
17091,2026-06-11,C0003,En ligne,T-shirts,T-shirt oversize,M,1,29.9,0,29.9
17091,2026-06-11,C0003,En ligne,Pantalons,Jean droit,S,1,59.9,0,59.9
17092,2026-06-11,C0101,En ligne,Pantalons,Jogging,XL,1,34.9,0,34.9
17093,2026-06-12,C0008,En ligne,Pantalons,Jean droit,S,1,59.9,0,59.9
17093,2026-06-12,C0008,En ligne,Pantalons,Pantalon cargo,M,1,49.9,0,49.9
17094,2026-06-12,C0031,Boutique,T-shirts,T-shirt basique,L,2,19.9,0,39.8
17095,2026-06-12,C0643,Boutique,Pulls & sweats,Sweat col rond,M,2,39.9,0,79.8
17096,2026-06-12,C0702,Boutique,T-shirts,T-shirt imprimé,L,1,24.9,0,24.9
17097,2026-06-12,C0682,En ligne,Pantalons,Pantalon cargo,M,1,49.9,0,49.9
17097,2026-06-12,C0682,En ligne,Chaussures,Baskets blanches,39,1,89.9,0,89.9
17098,2026-06-12,C0712,En ligne,Accessoires,Sac banane,Unique,1,34.9,0,34.9
17098,2026-06-12,C0712,En ligne,Pantalons,Pantalon cargo,XL,1,49.9,0,49.9
17099,2026-06-12,C0252,Boutique,T-shirts,T-shirt imprimé,M,1,24.9,0,24.9
17100,2026-06-12,C0112,Boutique,Chaussures,Bottines,39,1,109.9,0,109.9
17101,2026-06-12,C0081,En ligne,T-shirts,T-shirt imprimé,L,1,24.9,0,24.9
17101,2026-06-12,C0081,En ligne,T-shirts,T-shirt imprimé,XS,1,24.9,0,24.9
17102,2026-06-12,C0662,Boutique,Pantalons,Pantalon cargo,S,2,49.9,0,99.8
17102,2026-06-12,C0662,Boutique,Accessoires,Sac banane,Unique,1,34.9,0,34.9
17103,2026-06-12,C0440,Boutique,Pantalons,Jogging,M,1,34.9,0,34.9
17104,2026-06-12,C0366,En ligne,Chaussures,Bottines,44,1,109.9,0,109.9
17104,2026-06-12,C0366,En ligne,Pantalons,Pantalon cargo,M,2,49.9,0,99.8
17105,2026-06-12,C0126,En ligne,Accessoires,Casquette,Unique,2,19.9,0,39.8
17105,2026-06-12,C0126,En ligne,Pulls & sweats,Pull en laine,M,1,59.9,0,59.9
17106,2026-06-12,C0096,Boutique,Accessoires,Écharpe,Unique,1,24.9,0,24.9
17107,2026-06-12,C0209,Boutique,Chaussures,Baskets blanches,41,1,89.9,0,89.9
17108,2026-06-12,C0220,En ligne,Accessoires,Écharpe,Unique,1,24.9,0,24.9
17108,2026-06-12,C0220,En ligne,Pantalons,Pantalon cargo,XL,1,49.9,0,49.9
17109,2026-06-12,C0020,Boutique,Chaussures,Baskets blanches,40,1,89.9,0,89.9
17110,2026-06-12,C0078,Boutique,Pantalons,Jean droit,M,1,59.9,0,59.9
17110,2026-06-12,C0078,Boutique,Chaussures,Sneakers running,41,1,99.9,0,99.9
17110,2026-06-12,C0078,Boutique,T-shirts,T-shirt oversize,L,1,29.9,0,29.9
17111,2026-06-12,C0080,En ligne,T-shirts,T-shirt basique,S,1,19.9,0,19.9
17112,2026-06-13,C0476,Boutique,Pantalons,Jean slim,L,1,54.9,0,54.9
17113,2026-06-13,C0473,En ligne,T-shirts,T-shirt basique,M,1,19.9,0,19.9
17114,2026-06-13,C0144,En ligne,T-shirts,T-shirt oversize,L,1,29.9,0,29.9
17115,2026-06-13,C0779,Boutique,T-shirts,T-shirt oversize,M,1,29.9,0,29.9
17115,2026-06-13,C0779,Boutique,T-shirts,T-shirt basique,L,1,19.9,0,19.9
17116,2026-06-13,C0685,Boutique,Pantalons,Pantalon cargo,M,1,49.9,0,49.9
17117,2026-06-13,C0852,Boutique,Pantalons,Pantalon cargo,M,1,49.9,0,49.9
17117,2026-06-13,C0852,Boutique,T-shirts,T-shirt oversize,M,1,29.9,0,29.9
17117,2026-06-13,C0852,Boutique,Pantalons,Jean slim,M,1,54.9,0,54.9
17118,2026-06-13,C0039,En ligne,T-shirts,T-shirt basique,M,1,19.9,0,19.9
17118,2026-06-13,C0039,En ligne,Pulls & sweats,Pull en laine,L,1,59.9,0,59.9
17118,2026-06-13,C0039,En ligne,Pantalons,Pantalon cargo,M,1,49.9,0,49.9
17119,2026-06-13,C0278,Boutique,Accessoires,Casquette,Unique,1,19.9,0,19.9
17120,2026-06-13,C0645,En ligne,T-shirts,T-shirt oversize,L,1,29.9,0,29.9
17121,2026-06-13,C0246,Boutique,Accessoires,Casquette,Unique,1,19.9,0,19.9
17121,2026-06-13,C0246,Boutique,Accessoires,Bonnet,Unique,2,17.9,0,35.8
17121,2026-06-13,C0246,Boutique,Pulls & sweats,Sweat à capuche,M,2,49.9,0,99.8
17122,2026-06-13,C0101,Boutique,Pantalons,Pantalon cargo,XL,1,49.9,0,49.9
17123,2026-06-13,C0222,En ligne,Chaussures,Bottines,40,1,109.9,0,109.9
17124,2026-06-13,C0171,Boutique,T-shirts,T-shirt imprimé,XS,1,24.9,0,24.9
17125,2026-06-13,C0256,En ligne,T-shirts,T-shirt oversize,M,1,29.9,0,29.9
17126,2026-06-13,C0764,En ligne,Accessoires,Ceinture,Unique,1,29.9,0,29.9
17127,2026-06-13,C0082,Boutique,Accessoires,Ceinture,Unique,1,29.9,0,29.9
17128,2026-06-13,C0119,Boutique,Pantalons,Pantalon cargo,L,1,49.9,0,49.9
17129,2026-06-13,C0581,Boutique,T-shirts,T-shirt basique,M,2,19.9,0,39.8
17129,2026-06-13,C0581,Boutique,Chaussures,Bottines,40,1,109.9,0,109.9
17129,2026-06-13,C0581,Boutique,T-shirts,T-shirt imprimé,XL,1,24.9,0,24.9
17130,2026-06-13,C0828,Boutique,Pantalons,Jean slim,L,1,54.9,0,54.9
17131,2026-06-13,C0868,En ligne,T-shirts,T-shirt basique,XS,1,19.9,0,19.9
17132,2026-06-13,C0684,En ligne,T-shirts,T-shirt oversize,L,1,29.9,0,29.9
17133,2026-06-13,C0630,En ligne,Pantalons,Jean slim,M,1,54.9,0,54.9
17134,2026-06-13,C0092,Boutique,T-shirts,T-shirt basique,M,1,19.9,0,19.9
17135,2026-06-13,C0166,Boutique,T-shirts,T-shirt oversize,S,2,29.9,0,59.8
17135,2026-06-13,C0166,Boutique,Accessoires,Casquette,Unique,1,19.9,0,19.9
17135,2026-06-13,C0166,Boutique,T-shirts,T-shirt oversize,M,1,29.9,0,29.9
17136,2026-06-13,C0064,Boutique,T-shirts,T-shirt imprimé,M,1,24.9,0,24.9
17137,2026-06-13,C0059,Boutique,T-shirts,T-shirt basique,S,1,19.9,0,19.9
17138,2026-06-13,C0205,Boutique,Vestes,Veste en jean,M,1,79.9,0,79.9
17138,2026-06-13,C0205,Boutique,T-shirts,T-shirt imprimé,XS,1,24.9,0,24.9
17139,2026-06-13,C0583,Boutique,T-shirts,T-shirt imprimé,M,1,24.9,0,24.9
17140,2026-06-13,C0087,En ligne,T-shirts,T-shirt imprimé,XS,1,24.9,0,24.9
17140,2026-06-13,C0087,En ligne,T-shirts,T-shirt basique,L,1,19.9,0,19.9
17141,2026-06-13,C0027,Boutique,Accessoires,Bonnet,Unique,1,17.9,0,17.9
17141,2026-06-13,C0027,Boutique,T-shirts,T-shirt basique,L,1,19.9,0,19.9
17142,2026-06-13,C0114,En ligne,T-shirts,T-shirt basique,XL,1,19.9,0,19.9
17142,2026-06-13,C0114,En ligne,T-shirts,T-shirt imprimé,XS,1,24.9,0,24.9
17142,2026-06-13,C0114,En ligne,Pulls & sweats,Sweat à capuche,XS,1,49.9,0,49.9
17143,2026-06-13,C0145,Boutique,Pantalons,Jogging,XS,1,34.9,0,34.9
17143,2026-06-13,C0145,Boutique,Pantalons,Jean droit,S,1,59.9,0,59.9
17144,2026-06-13,C0314,En ligne,Pantalons,Jean droit,M,1,59.9,0,59.9
17145,2026-06-15,C0046,Boutique,Accessoires,Ceinture,Unique,2,29.9,0,59.8
17145,2026-06-15,C0046,Boutique,Chaussures,Baskets blanches,44,1,89.9,0,89.9
17146,2026-06-15,C0469,Boutique,T-shirts,T-shirt oversize,M,1,29.9,0,29.9
17147,2026-06-15,C0505,En ligne,Vestes,Doudoune,XS,1,119.9,0,119.9
17148,2026-06-15,C0357,En ligne,T-shirts,T-shirt oversize,M,1,29.9,0,29.9
17148,2026-06-15,C0357,En ligne,Vestes,Coupe-vent,M,1,64.9,0,64.9
17149,2026-06-15,C0025,Boutique,T-shirts,T-shirt oversize,M,1,29.9,0,29.9
17150,2026-06-15,C0004,En ligne,Accessoires,Sac banane,Unique,1,34.9,0,34.9
17151,2026-06-15,C0077,Boutique,T-shirts,T-shirt imprimé,L,1,24.9,0,24.9
17152,2026-06-15,C0037,Boutique,Pantalons,Pantalon cargo,S,2,49.9,0,99.8
17153,2026-06-15,C0070,Boutique,T-shirts,T-shirt basique,XS,1,19.9,0,19.9
17154,2026-06-15,C0571,En ligne,T-shirts,T-shirt oversize,S,1,29.9,0,29.9
17154,2026-06-15,C0571,En ligne,Accessoires,Sac banane,Unique,1,34.9,0,34.9
17155,2026-06-15,C0313,En ligne,T-shirts,T-shirt imprimé,XL,1,24.9,0,24.9
17156,2026-06-16,C0620,Boutique,Accessoires,Bonnet,Unique,1,17.9,0,17.9
17157,2026-06-16,C0032,Boutique,T-shirts,T-shirt imprimé,L,2,24.9,0,49.8
17158,2026-06-16,C0622,Boutique,Accessoires,Écharpe,Unique,1,24.9,0,24.9
17158,2026-06-16,C0622,Boutique,Accessoires,Sac banane,Unique,1,34.9,0,34.9
17158,2026-06-16,C0622,Boutique,T-shirts,T-shirt imprimé,S,1,24.9,0,24.9
17159,2026-06-16,C0074,Boutique,Pantalons,Pantalon cargo,S,2,49.9,0,99.8
17159,2026-06-16,C0074,Boutique,Pantalons,Jean droit,XS,1,59.9,0,59.9
17159,2026-06-16,C0074,Boutique,Accessoires,Bonnet,Unique,2,17.9,0,35.8
17160,2026-06-16,C0019,En ligne,Accessoires,Casquette,Unique,1,19.9,0,19.9
17160,2026-06-16,C0019,En ligne,T-shirts,T-shirt oversize,M,1,29.9,0,29.9
17161,2026-06-16,C0623,Boutique,Chaussures,Sneakers running,39,1,99.9,0,99.9
17161,2026-06-16,C0623,Boutique,T-shirts,T-shirt imprimé,M,1,24.9,0,24.9
17162,2026-06-16,C0032,Boutique,T-shirts,T-shirt basique,M,1,19.9,0,19.9
17163,2026-06-16,C0675,Boutique,Vestes,Veste en jean,S,1,79.9,0,79.9
17164,2026-06-17,C0482,En ligne,T-shirts,T-shirt basique,M,1,19.9,0,19.9
17165,2026-06-17,C0876,Boutique,T-shirts,T-shirt oversize,XS,1,29.9,0,29.9
17166,2026-06-17,C0722,Boutique,T-shirts,T-shirt oversize,L,1,29.9,0,29.9
17167,2026-06-17,C0568,Boutique,Chaussures,Bottines,39,1,109.9,0,109.9
17167,2026-06-17,C0568,Boutique,Pantalons,Jean slim,M,1,54.9,0,54.9
17168,2026-06-17,C0486,En ligne,T-shirts,T-shirt imprimé,L,1,24.9,0,24.9
17169,2026-06-17,C0010,Boutique,T-shirts,T-shirt basique,S,1,19.9,0,19.9
17170,2026-06-17,C0792,En ligne,Accessoires,Casquette,Unique,1,19.9,0,19.9
17171,2026-06-17,C0503,Boutique,Accessoires,Sac banane,Unique,1,34.9,0,34.9
17172,2026-06-17,C0687,En ligne,Accessoires,Ceinture,Unique,1,29.9,0,29.9
17172,2026-06-17,C0687,En ligne,Pantalons,Jean droit,M,1,59.9,0,59.9
17173,2026-06-17,C0068,Boutique,Pantalons,Jean droit,XS,1,59.9,0,59.9
17174,2026-06-17,C0011,Boutique,T-shirts,T-shirt imprimé,L,1,24.9,0,24.9
17174,2026-06-17,C0011,Boutique,T-shirts,T-shirt imprimé,XL,2,24.9,0,49.8
17174,2026-06-17,C0011,Boutique,Accessoires,Casquette,Unique,1,19.9,0,19.9
17175,2026-06-17,C0496,Boutique,Pantalons,Jean slim,L,1,54.9,0,54.9
17176,2026-06-17,C0250,En ligne,T-shirts,T-shirt imprimé,S,1,24.9,0,24.9
17177,2026-06-17,C0043,Boutique,Accessoires,Casquette,Unique,1,19.9,0,19.9
17178,2026-06-18,C0396,Boutique,Pantalons,Jean slim,L,2,54.9,0,109.8
17178,2026-06-18,C0396,Boutique,Accessoires,Écharpe,Unique,1,24.9,0,24.9
17179,2026-06-18,C0104,Boutique,T-shirts,T-shirt oversize,M,1,29.9,0,29.9
17180,2026-06-18,C0696,Boutique,T-shirts,T-shirt basique,M,1,19.9,0,19.9
17181,2026-06-18,C0883,En ligne,Pulls & sweats,Sweat col rond,M,1,39.9,0,39.9
17182,2026-06-18,C0315,En ligne,T-shirts,T-shirt basique,L,2,19.9,0,39.8
17183,2026-06-18,C0346,Boutique,Pantalons,Jogging,M,1,34.9,0,34.9
17183,2026-06-18,C0346,Boutique,Vestes,Veste en jean,S,1,79.9,0,79.9
17183,2026-06-18,C0346,Boutique,Pulls & sweats,Pull en laine,L,1,59.9,0,59.9
17184,2026-06-18,C0551,Boutique,T-shirts,T-shirt imprimé,L,1,24.9,0,24.9
17184,2026-06-18,C0551,Boutique,Pantalons,Jean slim,S,1,54.9,0,54.9
17185,2026-06-18,C0419,Boutique,T-shirts,T-shirt imprimé,S,1,24.9,0,24.9
17186,2026-06-18,C0034,Boutique,Accessoires,Casquette,Unique,1,19.9,0,19.9
17186,2026-06-18,C0034,Boutique,Accessoires,Ceinture,Unique,1,29.9,0,29.9
17187,2026-06-18,C0441,Boutique,T-shirts,T-shirt basique,S,1,19.9,0,19.9
17187,2026-06-18,C0441,Boutique,Chaussures,Sneakers running,42,1,99.9,0,99.9
17188,2026-06-18,C0390,Boutique,Chaussures,Sneakers running,44,1,99.9,0,99.9
17189,2026-06-18,C0071,Boutique,T-shirts,T-shirt basique,XL,1,19.9,0,19.9
17190,2026-06-18,C0506,Boutique,Accessoires,Écharpe,Unique,1,24.9,0,24.9
17191,2026-06-18,C0826,En ligne,Accessoires,Sac banane,Unique,1,34.9,0,34.9
17191,2026-06-18,C0826,En ligne,Accessoires,Sac banane,Unique,2,34.9,0,69.8
17192,2026-06-18,C0089,En ligne,T-shirts,T-shirt basique,S,1,19.9,0,19.9
17193,2026-06-18,C0128,Boutique,T-shirts,T-shirt oversize,L,1,29.9,0,29.9
17194,2026-06-19,C0204,Boutique,Accessoires,Casquette,Unique,1,19.9,0,19.9
17195,2026-06-19,C0574,En ligne,T-shirts,T-shirt imprimé,L,1,24.9,0,24.9
17195,2026-06-19,C0574,En ligne,T-shirts,T-shirt basique,L,1,19.9,0,19.9
17196,2026-06-19,C0089,Boutique,Accessoires,Écharpe,Unique,1,24.9,0,24.9
17197,2026-06-19,C0181,En ligne,T-shirts,T-shirt oversize,M,1,29.9,0,29.9
17197,2026-06-19,C0181,En ligne,Pantalons,Jogging,S,1,34.9,0,34.9
17197,2026-06-19,C0181,En ligne,T-shirts,T-shirt oversize,XL,2,29.9,0,59.8
17198,2026-06-19,C0125,En ligne,Chaussures,Sneakers running,42,2,99.9,0,199.8
17199,2026-06-19,C0520,Boutique,Pantalons,Jean slim,M,1,54.9,0,54.9
17200,2026-06-19,C0022,En ligne,Pantalons,Jogging,M,1,34.9,0,34.9
17200,2026-06-19,C0022,En ligne,Accessoires,Sac banane,Unique,1,34.9,0,34.9
17201,2026-06-19,C0391,En ligne,Pantalons,Jogging,S,1,34.9,0,34.9
17202,2026-06-19,C0843,Boutique,Pulls & sweats,Sweat à capuche,M,1,49.9,0,49.9
17203,2026-06-19,C0661,En ligne,Pulls & sweats,Sweat à capuche,M,1,49.9,0,49.9
17204,2026-06-19,C0102,Boutique,Accessoires,Sac banane,Unique,1,34.9,0,34.9
17205,2026-06-19,C0097,En ligne,Accessoires,Bonnet,Unique,1,17.9,0,17.9
17205,2026-06-19,C0097,En ligne,Accessoires,Casquette,Unique,1,19.9,0,19.9
17206,2026-06-20,C0544,Boutique,T-shirts,T-shirt oversize,XL,1,29.9,0,29.9
17206,2026-06-20,C0544,Boutique,T-shirts,T-shirt imprimé,L,1,24.9,0,24.9
17207,2026-06-20,C0840,Boutique,Accessoires,Sac banane,Unique,1,34.9,0,34.9
17207,2026-06-20,C0840,Boutique,Pantalons,Jean slim,S,1,54.9,0,54.9
17207,2026-06-20,C0840,Boutique,Accessoires,Casquette,Unique,1,19.9,0,19.9
17208,2026-06-20,C0076,En ligne,T-shirts,T-shirt basique,M,1,19.9,0,19.9
17209,2026-06-20,C0650,En ligne,Accessoires,Casquette,Unique,1,19.9,0,19.9
17209,2026-06-20,C0650,En ligne,Chaussures,Bottines,43,2,109.9,0,219.8
17210,2026-06-20,C0198,Boutique,Accessoires,Casquette,Unique,1,19.9,0,19.9
17210,2026-06-20,C0198,Boutique,Pulls & sweats,Sweat col rond,S,1,39.9,0,39.9
17210,2026-06-20,C0198,Boutique,Pantalons,Pantalon cargo,M,1,49.9,0,49.9
17211,2026-06-20,C0047,Boutique,T-shirts,T-shirt oversize,M,1,29.9,0,29.9
17212,2026-06-20,C0493,Boutique,Accessoires,Bonnet,Unique,1,17.9,0,17.9
17213,2026-06-20,C0042,En ligne,T-shirts,T-shirt imprimé,XL,1,24.9,0,24.9
17213,2026-06-20,C0042,En ligne,Pantalons,Jean droit,L,1,59.9,0,59.9
17214,2026-06-20,C0475,Boutique,Pantalons,Pantalon cargo,M,1,49.9,0,49.9
17214,2026-06-20,C0475,Boutique,Accessoires,Ceinture,Unique,2,29.9,0,59.8
17215,2026-06-20,C0208,Boutique,Accessoires,Écharpe,Unique,1,24.9,0,24.9
17216,2026-06-20,C0034,Boutique,Chaussures,Sneakers running,42,1,99.9,0,99.9
17217,2026-06-20,C0147,En ligne,Accessoires,Écharpe,Unique,1,24.9,0,24.9
17218,2026-06-20,C0838,En ligne,Accessoires,Sac banane,Unique,1,34.9,0,34.9
17219,2026-06-20,C0119,En ligne,T-shirts,T-shirt basique,L,1,19.9,0,19.9
17220,2026-06-20,C0127,Boutique,Accessoires,Casquette,Unique,1,19.9,0,19.9
17221,2026-06-20,C0075,Boutique,Pantalons,Jean slim,S,1,54.9,0,54.9
17222,2026-06-20,C0110,En ligne,T-shirts,T-shirt oversize,S,2,29.9,0,59.8
17222,2026-06-20,C0110,En ligne,Pulls & sweats,Sweat à capuche,L,1,49.9,0,49.9
17222,2026-06-20,C0110,En ligne,T-shirts,T-shirt basique,XS,1,19.9,0,19.9
17223,2026-06-20,C0896,Boutique,Pantalons,Jogging,S,2,34.9,0,69.8
17223,2026-06-20,C0896,Boutique,Accessoires,Sac banane,Unique,1,34.9,0,34.9
17224,2026-06-20,C0102,En ligne,T-shirts,T-shirt imprimé,M,1,24.9,0,24.9
17225,2026-06-20,C0251,En ligne,Pantalons,Jean droit,M,1,59.9,0,59.9
17226,2026-06-20,C0007,En ligne,Chaussures,Baskets blanches,39,1,89.9,0,89.9
17227,2026-06-20,C0024,Boutique,Pantalons,Jean droit,S,1,59.9,0,59.9
17228,2026-06-20,C0038,Boutique,Pantalons,Jean droit,M,2,59.9,0,119.8
17228,2026-06-20,C0038,Boutique,Chaussures,Baskets blanches,41,1,89.9,0,89.9
17229,2026-06-20,C0017,Boutique,Pulls & sweats,Pull en laine,M,1,59.9,0,59.9
17230,2026-06-20,C0018,En ligne,Pulls & sweats,Pull en laine,L,1,59.9,0,59.9
17230,2026-06-20,C0018,En ligne,Accessoires,Ceinture,Unique,2,29.9,0,59.8
17231,2026-06-20,C0840,En ligne,Accessoires,Écharpe,Unique,1,24.9,0,24.9
17232,2026-06-20,C0027,En ligne,Vestes,Doudoune,XL,1,119.9,0,119.9
17232,2026-06-20,C0027,En ligne,T-shirts,T-shirt basique,L,1,19.9,0,19.9
17232,2026-06-20,C0027,En ligne,T-shirts,T-shirt oversize,M,1,29.9,0,29.9
17233,2026-06-20,C0799,Boutique,T-shirts,T-shirt oversize,L,1,29.9,0,29.9
17234,2026-06-20,C0021,En ligne,Pantalons,Pantalon cargo,L,1,49.9,0,49.9
17235,2026-06-20,C0598,Boutique,T-shirts,T-shirt oversize,S,2,29.9,0,59.8
17236,2026-06-22,C0450,En ligne,Accessoires,Ceinture,Unique,1,29.9,0,29.9
17237,2026-06-22,C0019,En ligne,T-shirts,T-shirt oversize,XS,1,29.9,0,29.9
17237,2026-06-22,C0019,En ligne,T-shirts,T-shirt basique,M,1,19.9,0,19.9
17238,2026-06-22,C0038,Boutique,Chaussures,Bottines,40,1,109.9,0,109.9
17238,2026-06-22,C0038,Boutique,T-shirts,T-shirt imprimé,L,1,24.9,0,24.9
17239,2026-06-22,C0709,En ligne,T-shirts,T-shirt oversize,S,1,29.9,0,29.9
17239,2026-06-22,C0709,En ligne,Pantalons,Pantalon cargo,M,1,49.9,0,49.9
17240,2026-06-22,C0050,En ligne,Accessoires,Bonnet,Unique,2,17.9,0,35.8
17240,2026-06-22,C0050,En ligne,Chaussures,Baskets blanches,43,1,89.9,0,89.9
17241,2026-06-22,C0669,Boutique,Pulls & sweats,Sweat col rond,L,1,39.9,0,39.9
17242,2026-06-22,C0045,En ligne,Chaussures,Bottines,42,1,109.9,0,109.9
17243,2026-06-22,C0053,Boutique,Accessoires,Ceinture,Unique,1,29.9,0,29.9
17244,2026-06-22,C0451,Boutique,Accessoires,Bonnet,Unique,1,17.9,0,17.9
17245,2026-06-22,C0077,Boutique,Accessoires,Bonnet,Unique,1,17.9,0,17.9
17245,2026-06-22,C0077,Boutique,T-shirts,T-shirt basique,XL,1,19.9,0,19.9
17246,2026-06-23,C0210,En ligne,Pantalons,Jean droit,L,2,59.9,0,119.8
17246,2026-06-23,C0210,En ligne,T-shirts,T-shirt imprimé,L,1,24.9,0,24.9
17246,2026-06-23,C0210,En ligne,Chaussures,Baskets blanches,41,2,89.9,0,179.8
17247,2026-06-23,C0082,Boutique,Pulls & sweats,Sweat à capuche,S,2,49.9,0,99.8
17248,2026-06-23,C0106,En ligne,Accessoires,Écharpe,Unique,2,24.9,0,49.8
17249,2026-06-23,C0870,Boutique,Accessoires,Écharpe,Unique,1,24.9,0,24.9
17249,2026-06-23,C0870,Boutique,Accessoires,Casquette,Unique,1,19.9,0,19.9
17250,2026-06-23,C0002,Boutique,Vestes,Coupe-vent,L,2,64.9,0,129.8
17250,2026-06-23,C0002,Boutique,T-shirts,T-shirt basique,S,2,19.9,0,39.8
17251,2026-06-23,C0638,En ligne,Accessoires,Sac banane,Unique,1,34.9,0,34.9
17252,2026-06-23,C0035,Boutique,T-shirts,T-shirt imprimé,S,1,24.9,0,24.9
17253,2026-06-23,C0074,En ligne,Chaussures,Bottines,39,1,109.9,0,109.9
17253,2026-06-23,C0074,En ligne,T-shirts,T-shirt imprimé,S,1,24.9,0,24.9
17254,2026-06-23,C0190,En ligne,T-shirts,T-shirt oversize,M,1,29.9,0,29.9
17255,2026-06-23,C0596,Boutique,Accessoires,Écharpe,Unique,1,24.9,0,24.9
17255,2026-06-23,C0596,Boutique,T-shirts,T-shirt oversize,M,1,29.9,0,29.9
17256,2026-06-23,C0388,En ligne,Accessoires,Casquette,Unique,1,19.9,0,19.9
17256,2026-06-23,C0388,En ligne,T-shirts,T-shirt oversize,M,1,29.9,0,29.9
17257,2026-06-23,C0688,Boutique,Pantalons,Pantalon cargo,XL,1,49.9,0,49.9
17258,2026-06-23,C0441,Boutique,T-shirts,T-shirt oversize,XL,1,29.9,0,29.9
17258,2026-06-23,C0441,Boutique,Pantalons,Jean droit,S,2,59.9,0,119.8
17259,2026-06-23,C0085,Boutique,Accessoires,Écharpe,Unique,1,24.9,0,24.9
17260,2026-06-23,C0017,Boutique,Chaussures,Sneakers running,41,1,99.9,0,99.9
17261,2026-06-23,C0054,Boutique,Pantalons,Jean droit,S,2,59.9,0,119.8
17262,2026-06-23,C0085,En ligne,Pantalons,Pantalon cargo,L,1,49.9,0,49.9
17263,2026-06-23,C0009,En ligne,Accessoires,Ceinture,Unique,2,29.9,0,59.8
17263,2026-06-23,C0009,En ligne,Pantalons,Jean slim,S,1,54.9,0,54.9
17264,2026-06-23,C0413,Boutique,Chaussures,Baskets blanches,40,1,89.9,0,89.9
17265,2026-06-23,C0877,En ligne,Accessoires,Écharpe,Unique,1,24.9,0,24.9
17265,2026-06-23,C0877,En ligne,T-shirts,T-shirt basique,M,1,19.9,0,19.9
17265,2026-06-23,C0877,En ligne,Chaussures,Bottines,44,1,109.9,0,109.9
17266,2026-06-23,C0096,Boutique,Accessoires,Casquette,Unique,1,19.9,0,19.9
17267,2026-06-23,C0079,Boutique,T-shirts,T-shirt oversize,XL,1,29.9,0,29.9
17267,2026-06-23,C0079,Boutique,Pulls & sweats,Sweat à capuche,L,1,49.9,0,49.9
17268,2026-06-23,C0658,Boutique,Accessoires,Bonnet,Unique,1,17.9,0,17.9
17268,2026-06-23,C0658,Boutique,Accessoires,Bonnet,Unique,1,17.9,0,17.9
17269,2026-06-23,C0113,Boutique,Accessoires,Écharpe,Unique,1,24.9,0,24.9
17269,2026-06-23,C0113,Boutique,T-shirts,T-shirt imprimé,S,1,24.9,0,24.9
17270,2026-06-23,C0499,En ligne,Accessoires,Sac banane,Unique,1,34.9,0,34.9
17271,2026-06-23,C0054,Boutique,Chaussures,Baskets blanches,42,1,89.9,0,89.9
17272,2026-06-24,C0113,En ligne,Accessoires,Écharpe,Unique,2,24.9,0,49.8
17273,2026-06-24,C0093,Boutique,T-shirts,T-shirt imprimé,S,1,24.9,0,24.9
17274,2026-06-24,C0021,Boutique,T-shirts,T-shirt imprimé,M,2,24.9,0,49.8
17274,2026-06-24,C0021,Boutique,Chaussures,Sneakers running,44,1,99.9,0,99.9
17275,2026-06-24,C0096,En ligne,Accessoires,Écharpe,Unique,1,24.9,0,24.9
17276,2026-06-24,C0375,Boutique,Accessoires,Bonnet,Unique,2,17.9,0,35.8
17276,2026-06-24,C0375,Boutique,T-shirts,T-shirt oversize,S,1,29.9,0,29.9
17277,2026-06-24,C0071,En ligne,Pantalons,Jean slim,S,1,54.9,0,54.9
17277,2026-06-24,C0071,En ligne,Pantalons,Jogging,L,1,34.9,0,34.9
17277,2026-06-24,C0071,En ligne,Pulls & sweats,Sweat col rond,S,1,39.9,0,39.9
17278,2026-06-24,C0837,En ligne,Pantalons,Jean slim,M,1,54.9,0,54.9
17278,2026-06-24,C0837,En ligne,Chaussures,Bottines,44,1,109.9,0,109.9
17279,2026-06-24,C0012,En ligne,T-shirts,T-shirt imprimé,XL,1,24.9,0,24.9
17280,2026-06-24,C0088,Boutique,T-shirts,T-shirt imprimé,M,1,24.9,0,24.9
17281,2026-06-24,C0477,Boutique,Pantalons,Pantalon cargo,L,1,49.9,0,49.9
17282,2026-06-24,C0076,Boutique,Pantalons,Jean slim,S,1,54.9,0,54.9
17282,2026-06-24,C0076,Boutique,Pantalons,Jean droit,L,1,59.9,0,59.9
17283,2026-06-24,C0114,Boutique,Accessoires,Ceinture,Unique,2,29.9,0,59.8
17283,2026-06-24,C0114,Boutique,Accessoires,Écharpe,Unique,2,24.9,0,49.8
17284,2026-06-24,C0374,Boutique,Pantalons,Jogging,L,1,34.9,0,34.9
17284,2026-06-24,C0374,Boutique,Pantalons,Pantalon cargo,M,1,49.9,0,49.9
17285,2026-06-24,C0403,En ligne,Pantalons,Jogging,M,1,34.9,0,34.9
17286,2026-06-24,C0289,En ligne,Accessoires,Écharpe,Unique,1,24.9,0,24.9
17286,2026-06-24,C0289,En ligne,T-shirts,T-shirt basique,S,2,19.9,0,39.8
17287,2026-06-24,C0863,En ligne,Pulls & sweats,Sweat col rond,L,1,39.9,0,39.9
17287,2026-06-24,C0863,En ligne,T-shirts,T-shirt imprimé,M,1,24.9,0,24.9
17287,2026-06-24,C0863,En ligne,T-shirts,T-shirt oversize,L,1,29.9,0,29.9
17288,2026-06-24,C0052,Boutique,Accessoires,Sac banane,Unique,1,34.9,0,34.9
17289,2026-06-24,C0625,En ligne,T-shirts,T-shirt oversize,L,2,29.9,0,59.8
17289,2026-06-24,C0625,En ligne,Pantalons,Jean slim,L,1,54.9,0,54.9
17290,2026-06-25,C0426,Boutique,Pantalons,Jogging,L,2,34.9,0,69.8
17290,2026-06-25,C0426,Boutique,T-shirts,T-shirt basique,M,1,19.9,0,19.9
17291,2026-06-25,C0105,En ligne,T-shirts,T-shirt imprimé,XS,2,24.9,0,49.8
17292,2026-06-25,C0418,En ligne,T-shirts,T-shirt basique,S,2,19.9,0,39.8
17293,2026-06-25,C0563,En ligne,Accessoires,Bonnet,Unique,1,17.9,0,17.9
17293,2026-06-25,C0563,En ligne,Chaussures,Bottines,42,1,109.9,0,109.9
17294,2026-06-25,C0383,Boutique,Pulls & sweats,Sweat col rond,XL,1,39.9,0,39.9
17295,2026-06-25,C0740,Boutique,Accessoires,Ceinture,Unique,2,29.9,0,59.8
17296,2026-06-25,C0002,En ligne,Pantalons,Jean droit,M,2,59.9,0,119.8
17297,2026-06-25,C0059,Boutique,Accessoires,Bonnet,Unique,1,17.9,0,17.9
17298,2026-06-25,C0657,Boutique,Pantalons,Jogging,S,1,34.9,0,34.9
17299,2026-06-25,C0101,En ligne,Pulls & sweats,Sweat à capuche,M,1,49.9,0,49.9
17300,2026-06-25,C0586,Boutique,Pulls & sweats,Pull en laine,M,1,59.9,0,59.9
17301,2026-06-25,C0270,Boutique,Accessoires,Écharpe,Unique,1,24.9,0,24.9
17302,2026-06-25,C0062,Boutique,T-shirts,T-shirt oversize,M,1,29.9,0,29.9
17302,2026-06-25,C0062,Boutique,Accessoires,Sac banane,Unique,1,34.9,0,34.9
17303,2026-06-25,C0018,Boutique,Vestes,Veste en jean,XL,1,79.9,0,79.9
17304,2026-06-25,C0024,En ligne,Pantalons,Pantalon cargo,S,1,49.9,0,49.9
17304,2026-06-25,C0024,En ligne,Pantalons,Jogging,XL,1,34.9,0,34.9
17305,2026-06-25,C0812,Boutique,Pantalons,Jean droit,M,1,59.9,0,59.9
17306,2026-06-25,C0036,Boutique,Pulls & sweats,Sweat col rond,S,2,39.9,0,79.8
17306,2026-06-25,C0036,Boutique,Pantalons,Jean droit,L,1,59.9,0,59.9
17307,2026-06-25,C0091,Boutique,Accessoires,Ceinture,Unique,1,29.9,0,29.9
17307,2026-06-25,C0091,Boutique,Pulls & sweats,Pull en laine,L,1,59.9,0,59.9
17308,2026-06-26,C0256,Boutique,Pulls & sweats,Sweat col rond,XL,1,39.9,0,39.9
17309,2026-06-26,C0523,En ligne,Accessoires,Sac banane,Unique,2,34.9,0,69.8
17310,2026-06-26,C0498,En ligne,T-shirts,T-shirt basique,M,1,19.9,0,19.9
17311,2026-06-26,C0462,Boutique,T-shirts,T-shirt imprimé,L,1,24.9,0,24.9
17312,2026-06-26,C0266,Boutique,Pulls & sweats,Sweat à capuche,XS,1,49.9,0,49.9
17312,2026-06-26,C0266,Boutique,Accessoires,Écharpe,Unique,1,24.9,0,24.9
17313,2026-06-26,C0017,En ligne,Accessoires,Casquette,Unique,1,19.9,0,19.9
17313,2026-06-26,C0017,En ligne,Vestes,Coupe-vent,L,2,64.9,0,129.8
17314,2026-06-26,C0194,En ligne,Chaussures,Sneakers running,41,1,99.9,0,99.9
17315,2026-06-26,C0153,Boutique,Chaussures,Sneakers running,43,1,99.9,0,99.9
17315,2026-06-26,C0153,Boutique,T-shirts,T-shirt oversize,S,1,29.9,0,29.9
17315,2026-06-26,C0153,Boutique,T-shirts,T-shirt basique,L,1,19.9,0,19.9
17316,2026-06-26,C0104,Boutique,Pantalons,Jogging,M,1,34.9,0,34.9
17316,2026-06-26,C0104,Boutique,Pantalons,Jean slim,M,2,54.9,0,109.8
17317,2026-06-26,C0305,Boutique,Chaussures,Bottines,39,1,109.9,0,109.9
17318,2026-06-26,C0534,En ligne,T-shirts,T-shirt basique,S,1,19.9,0,19.9
17319,2026-06-26,C0566,En ligne,T-shirts,T-shirt oversize,M,1,29.9,0,29.9
17320,2026-06-26,C0756,En ligne,Pulls & sweats,Pull en laine,L,1,59.9,0,59.9
17321,2026-06-26,C0002,Boutique,Accessoires,Bonnet,Unique,1,17.9,0,17.9
17322,2026-06-26,C0187,Boutique,T-shirts,T-shirt basique,S,1,19.9,0,19.9
17323,2026-06-26,C0765,Boutique,Pantalons,Pantalon cargo,L,1,49.9,0,49.9
17324,2026-06-27,C0085,Boutique,Vestes,Coupe-vent,L,1,64.9,0,64.9
17324,2026-06-27,C0085,Boutique,T-shirts,T-shirt basique,S,2,19.9,0,39.8
17325,2026-06-27,C0732,En ligne,Accessoires,Ceinture,Unique,2,29.9,0,59.8
17325,2026-06-27,C0732,En ligne,Pantalons,Pantalon cargo,M,1,49.9,0,49.9
17326,2026-06-27,C0012,En ligne,Accessoires,Casquette,Unique,1,19.9,0,19.9
17326,2026-06-27,C0012,En ligne,T-shirts,T-shirt imprimé,L,1,24.9,0,24.9
17326,2026-06-27,C0012,En ligne,Accessoires,Écharpe,Unique,1,24.9,0,24.9
17327,2026-06-27,C0039,Boutique,T-shirts,T-shirt oversize,M,2,29.9,0,59.8
17328,2026-06-27,C0826,Boutique,Accessoires,Ceinture,Unique,1,29.9,0,29.9
17329,2026-06-27,C0735,Boutique,T-shirts,T-shirt basique,L,1,19.9,0,19.9
17329,2026-06-27,C0735,Boutique,Accessoires,Casquette,Unique,1,19.9,0,19.9
17330,2026-06-27,C0059,Boutique,T-shirts,T-shirt basique,XS,1,19.9,0,19.9
17331,2026-06-27,C0423,Boutique,T-shirts,T-shirt oversize,M,1,29.9,0,29.9
17332,2026-06-27,C0091,Boutique,Chaussures,Bottines,41,1,109.9,0,109.9
17333,2026-06-27,C0109,Boutique,Accessoires,Bonnet,Unique,1,17.9,0,17.9
17333,2026-06-27,C0109,Boutique,Pantalons,Jean slim,M,2,54.9,0,109.8
17334,2026-06-27,C0773,Boutique,T-shirts,T-shirt basique,L,1,19.9,0,19.9
17335,2026-06-27,C0093,Boutique,Chaussures,Sneakers running,42,1,99.9,0,99.9
17335,2026-06-27,C0093,Boutique,Pulls & sweats,Sweat col rond,XS,1,39.9,0,39.9
17335,2026-06-27,C0093,Boutique,Pulls & sweats,Pull en laine,L,1,59.9,0,59.9
17336,2026-06-27,C0009,Boutique,Pantalons,Jogging,S,2,34.9,0,69.8
17337,2026-06-27,C0270,Boutique,Accessoires,Sac banane,Unique,1,34.9,0,34.9
17338,2026-06-27,C0085,Boutique,T-shirts,T-shirt basique,XS,1,19.9,0,19.9
17339,2026-06-27,C0172,Boutique,Pantalons,Jean slim,S,1,54.9,0,54.9
17339,2026-06-27,C0172,Boutique,T-shirts,T-shirt basique,M,2,19.9,0,39.8
17340,2026-06-27,C0552,Boutique,Pantalons,Jean slim,M,1,54.9,0,54.9
17341,2026-06-27,C0398,Boutique,T-shirts,T-shirt oversize,XL,2,29.9,0,59.8
17341,2026-06-27,C0398,Boutique,Pantalons,Jean slim,XL,1,54.9,0,54.9
17341,2026-06-27,C0398,Boutique,T-shirts,T-shirt imprimé,L,1,24.9,0,24.9
17342,2026-06-27,C0029,En ligne,T-shirts,T-shirt imprimé,XL,1,24.9,0,24.9
17342,2026-06-27,C0029,En ligne,T-shirts,T-shirt basique,XL,1,19.9,0,19.9
17342,2026-06-27,C0029,En ligne,Accessoires,Casquette,Unique,1,19.9,0,19.9
17343,2026-06-27,C0082,Boutique,Pantalons,Jean droit,XS,2,59.9,0,119.8
17344,2026-06-27,C0107,En ligne,Pantalons,Jean droit,M,1,59.9,0,59.9
17344,2026-06-27,C0107,En ligne,T-shirts,T-shirt imprimé,M,1,24.9,0,24.9
17345,2026-06-27,C0100,Boutique,Pantalons,Pantalon cargo,S,1,49.9,0,49.9
17345,2026-06-27,C0100,Boutique,Accessoires,Ceinture,Unique,1,29.9,0,29.9
17346,2026-06-27,C0867,En ligne,T-shirts,T-shirt imprimé,M,1,24.9,0,24.9
17347,2026-06-27,C0619,En ligne,Chaussures,Baskets blanches,43,1,89.9,0,89.9
17348,2026-06-27,C0084,En ligne,T-shirts,T-shirt oversize,S,1,29.9,0,29.9
17349,2026-06-27,C0706,En ligne,T-shirts,T-shirt imprimé,M,1,24.9,0,24.9
17350,2026-06-27,C0427,En ligne,Accessoires,Ceinture,Unique,1,29.9,0,29.9
17351,2026-06-27,C0450,En ligne,T-shirts,T-shirt basique,S,1,19.9,0,19.9
17352,2026-06-27,C0282,En ligne,Chaussures,Bottines,41,1,109.9,0,109.9
17352,2026-06-27,C0282,En ligne,T-shirts,T-shirt oversize,M,1,29.9,0,29.9
17353,2026-06-29,C0778,En ligne,Vestes,Veste en jean,M,1,79.9,0,79.9
17353,2026-06-29,C0778,En ligne,Chaussures,Sneakers running,41,1,99.9,0,99.9
17354,2026-06-29,C0531,En ligne,T-shirts,T-shirt imprimé,L,1,24.9,0,24.9
17354,2026-06-29,C0531,En ligne,T-shirts,T-shirt oversize,XL,1,29.9,0,29.9
17355,2026-06-29,C0547,Boutique,T-shirts,T-shirt imprimé,L,1,24.9,0,24.9
17355,2026-06-29,C0547,Boutique,T-shirts,T-shirt imprimé,XL,1,24.9,0,24.9
17356,2026-06-29,C0013,En ligne,T-shirts,T-shirt imprimé,M,1,24.9,0,24.9
17356,2026-06-29,C0013,En ligne,Accessoires,Sac banane,Unique,1,34.9,0,34.9
17356,2026-06-29,C0013,En ligne,Chaussures,Sneakers running,39,1,99.9,0,99.9
17357,2026-06-29,C0671,En ligne,Chaussures,Bottines,40,1,109.9,0,109.9
17358,2026-06-29,C0193,Boutique,Pantalons,Pantalon cargo,L,1,49.9,0,49.9
17359,2026-06-29,C0025,Boutique,T-shirts,T-shirt oversize,S,1,29.9,0,29.9
17360,2026-06-29,C0798,Boutique,Pantalons,Jean slim,L,1,54.9,0,54.9
17361,2026-06-29,C0512,Boutique,Accessoires,Casquette,Unique,1,19.9,0,19.9
17362,2026-06-29,C0203,Boutique,Chaussures,Baskets blanches,39,1,89.9,0,89.9
17362,2026-06-29,C0203,Boutique,Pulls & sweats,Sweat à capuche,L,1,49.9,0,49.9
17363,2026-06-29,C0042,En ligne,Chaussures,Baskets blanches,41,1,89.9,0,89.9
17364,2026-06-29,C0898,En ligne,Accessoires,Casquette,Unique,1,19.9,0,19.9
17364,2026-06-29,C0898,En ligne,Chaussures,Bottines,41,2,109.9,0,219.8
17364,2026-06-29,C0898,En ligne,T-shirts,T-shirt basique,M,1,19.9,0,19.9
17365,2026-06-29,C0013,Boutique,T-shirts,T-shirt basique,L,1,19.9,0,19.9
17366,2026-06-29,C0017,En ligne,Accessoires,Bonnet,Unique,1,17.9,0,17.9
17366,2026-06-29,C0017,En ligne,T-shirts,T-shirt basique,S,1,19.9,0,19.9
17367,2026-06-29,C0086,Boutique,T-shirts,T-shirt basique,M,1,19.9,0,19.9
17367,2026-06-29,C0086,Boutique,Vestes,Doudoune,XS,1,119.9,0,119.9
17368,2026-06-29,C0010,En ligne,Pantalons,Jogging,XS,1,34.9,0,34.9
17369,2026-06-30,C0084,Boutique,Chaussures,Bottines,44,1,109.9,0,109.9
17370,2026-06-30,C0013,Boutique,T-shirts,T-shirt basique,M,1,19.9,0,19.9
17370,2026-06-30,C0013,Boutique,Vestes,Coupe-vent,L,1,64.9,0,64.9
17371,2026-06-30,C0430,Boutique,T-shirts,T-shirt basique,S,2,19.9,0,39.8
17372,2026-06-30,C0196,Boutique,Accessoires,Sac banane,Unique,1,34.9,0,34.9
17373,2026-06-30,C0800,En ligne,Chaussures,Sneakers running,40,1,99.9,0,99.9
17374,2026-06-30,C0409,Boutique,T-shirts,T-shirt oversize,XS,2,29.9,0,59.8
17375,2026-06-30,C0008,En ligne,Accessoires,Casquette,Unique,2,19.9,0,39.8
17375,2026-06-30,C0008,En ligne,Accessoires,Casquette,Unique,1,19.9,0,19.9
17375,2026-06-30,C0008,En ligne,Accessoires,Ceinture,Unique,1,29.9,0,29.9
17376,2026-06-30,C0295,Boutique,Accessoires,Bonnet,Unique,1,17.9,0,17.9
17377,2026-06-30,C0360,Boutique,T-shirts,T-shirt oversize,L,1,29.9,0,29.9
17378,2026-06-30,C0004,En ligne,T-shirts,T-shirt basique,M,1,19.9,0,19.9
17378,2026-06-30,C0004,En ligne,T-shirts,T-shirt imprimé,M,1,24.9,0,24.9
17379,2026-06-30,C0024,Boutique,T-shirts,T-shirt oversize,S,1,29.9,0,29.9
17379,2026-06-30,C0024,Boutique,Accessoires,Casquette,Unique,1,19.9,0,19.9
17380,2026-06-30,C0620,Boutique,Accessoires,Sac banane,Unique,1,34.9,0,34.9
17380,2026-06-30,C0620,Boutique,Pantalons,Pantalon cargo,L,1,49.9,0,49.9
17381,2026-06-30,C0367,Boutique,Chaussures,Sneakers running,43,2,99.9,0,199.8
17382,2026-06-30,C0777,Boutique,Accessoires,Casquette,Unique,1,19.9,0,19.9
17383,2026-06-30,C0149,Boutique,T-shirts,T-shirt basique,M,1,19.9,0,19.9
17384,2026-06-30,C0223,En ligne,Accessoires,Bonnet,Unique,1,17.9,0,17.9
17384,2026-06-30,C0223,En ligne,Accessoires,Casquette,Unique,1,19.9,0,19.9
17385,2026-06-30,C0637,En ligne,T-shirts,T-shirt basique,L,1,19.9,0,19.9
17386,2026-06-30,C0892,Boutique,T-shirts,T-shirt basique,M,1,19.9,0,19.9
17386,2026-06-30,C0892,Boutique,T-shirts,T-shirt oversize,M,1,29.9,0,29.9
17387,2026-06-30,C0086,Boutique,Pulls & sweats,Sweat à capuche,L,1,49.9,0,49.9
17388,2026-06-30,C0031,Boutique,T-shirts,T-shirt basique,S,1,19.9,0,19.9
17389,2026-06-30,C0054,En ligne,T-shirts,T-shirt basique,XL,1,19.9,0,19.9
17390,2026-06-30,C0783,En ligne,T-shirts,T-shirt basique,S,1,19.9,0,19.9
17390,2026-06-30,C0783,En ligne,Pulls & sweats,Pull en laine,L,1,59.9,0,59.9
17391,2026-06-30,C0091,En ligne,T-shirts,T-shirt basique,M,1,19.9,0,19.9
17392,2026-06-30,C0631,Boutique,T-shirts,T-shirt basique,XS,1,19.9,0,19.9
17393,2026-06-30,C0068,Boutique,T-shirts,T-shirt oversize,L,1,29.9,0,29.9
17393,2026-06-30,C0068,Boutique,T-shirts,T-shirt imprimé,XL,1,24.9,0,24.9
17394,2026-07-01,C0114,En ligne,Chaussures,Sneakers running,43,1,99.9,0,99.9
17394,2026-07-01,C0114,En ligne,T-shirts,T-shirt oversize,L,1,29.9,30,20.93
17395,2026-07-01,C0153,En ligne,T-shirts,T-shirt imprimé,XL,1,24.9,30,17.43
17395,2026-07-01,C0153,En ligne,Accessoires,Écharpe,Unique,1,24.9,0,24.9
17396,2026-07-01,C0073,Boutique,Accessoires,Casquette,Unique,1,19.9,0,19.9
17397,2026-07-01,C0531,Boutique,T-shirts,T-shirt basique,L,1,19.9,30,13.93
17398,2026-07-01,C0287,En ligne,Accessoires,Sac banane,Unique,1,34.9,30,24.43
17399,2026-07-01,C0422,Boutique,Accessoires,Sac banane,Unique,1,34.9,30,24.43
17399,2026-07-01,C0422,Boutique,T-shirts,T-shirt oversize,S,1,29.9,30,20.93
17400,2026-07-01,C0037,Boutique,Pulls & sweats,Pull en laine,M,1,59.9,30,41.93
17401,2026-07-01,C0840,Boutique,Chaussures,Baskets blanches,41,2,89.9,30,125.86
17402,2026-07-01,C0563,En ligne,Chaussures,Bottines,43,1,109.9,30,76.93
17402,2026-07-01,C0563,En ligne,T-shirts,T-shirt imprimé,M,1,24.9,30,17.43
17402,2026-07-01,C0563,En ligne,Pulls & sweats,Pull en laine,S,1,59.9,30,41.93
17403,2026-07-01,C0003,Boutique,T-shirts,T-shirt oversize,M,1,29.9,0,29.9
17403,2026-07-01,C0003,Boutique,T-shirts,T-shirt oversize,XS,1,29.9,0,29.9
17404,2026-07-01,C0459,Boutique,Pulls & sweats,Pull en laine,S,1,59.9,0,59.9
17405,2026-07-01,C0046,Boutique,Pantalons,Jean slim,XL,1,54.9,30,38.43
17406,2026-07-01,C0292,Boutique,Pantalons,Jogging,S,1,34.9,0,34.9
17407,2026-07-01,C0185,En ligne,Accessoires,Sac banane,Unique,1,34.9,0,34.9
17407,2026-07-01,C0185,En ligne,Pulls & sweats,Sweat col rond,S,1,39.9,0,39.9
17408,2026-07-01,C0486,Boutique,Pantalons,Jean droit,M,1,59.9,30,41.93
17408,2026-07-01,C0486,Boutique,Pantalons,Jean droit,M,1,59.9,0,59.9
17409,2026-07-01,C0441,Boutique,T-shirts,T-shirt imprimé,S,1,24.9,30,17.43
17410,2026-07-01,C0844,Boutique,T-shirts,T-shirt oversize,L,1,29.9,30,20.93
17411,2026-07-01,C0067,Boutique,T-shirts,T-shirt oversize,L,1,29.9,30,20.93
17412,2026-07-01,C0056,En ligne,Pantalons,Jogging,L,1,34.9,30,24.43
17413,2026-07-02,C0454,Boutique,T-shirts,T-shirt oversize,M,1,29.9,30,20.93
17414,2026-07-02,C0631,En ligne,Pantalons,Jogging,L,1,34.9,0,34.9
17415,2026-07-02,C0087,Boutique,Chaussures,Bottines,41,1,109.9,0,109.9
17415,2026-07-02,C0087,Boutique,Chaussures,Bottines,39,1,109.9,0,109.9
17415,2026-07-02,C0087,Boutique,Vestes,Doudoune,L,1,119.9,30,83.93
17416,2026-07-02,C0246,Boutique,Chaussures,Baskets blanches,41,1,89.9,30,62.93
17417,2026-07-02,C0351,Boutique,Accessoires,Casquette,Unique,1,19.9,30,13.93
17418,2026-07-02,C0152,En ligne,Accessoires,Ceinture,Unique,2,29.9,0,59.8
17419,2026-07-02,C0130,Boutique,T-shirts,T-shirt imprimé,M,1,24.9,30,17.43
17420,2026-07-02,C0636,Boutique,T-shirts,T-shirt oversize,S,1,29.9,30,20.93
17420,2026-07-02,C0636,Boutique,T-shirts,T-shirt basique,M,1,19.9,30,13.93
17421,2026-07-02,C0665,En ligne,Pantalons,Pantalon cargo,M,1,49.9,30,34.93
17421,2026-07-02,C0665,En ligne,Pantalons,Jean slim,M,1,54.9,0,54.9
17422,2026-07-02,C0037,En ligne,Chaussures,Sneakers running,40,2,99.9,0,199.8
17423,2026-07-02,C0766,En ligne,Pantalons,Jean slim,L,1,54.9,30,38.43
17423,2026-07-02,C0766,En ligne,T-shirts,T-shirt oversize,M,1,29.9,30,20.93
17424,2026-07-02,C0022,Boutique,Pantalons,Jean slim,L,1,54.9,0,54.9
17425,2026-07-02,C0202,Boutique,T-shirts,T-shirt oversize,M,1,29.9,0,29.9
17426,2026-07-02,C0536,Boutique,T-shirts,T-shirt oversize,S,2,29.9,0,59.8
17426,2026-07-02,C0536,Boutique,Pulls & sweats,Pull en laine,S,1,59.9,0,59.9
17427,2026-07-02,C0651,Boutique,T-shirts,T-shirt imprimé,L,1,24.9,30,17.43
17427,2026-07-02,C0651,Boutique,Pulls & sweats,Sweat à capuche,XL,1,49.9,30,34.93
17428,2026-07-02,C0676,Boutique,Pantalons,Jean slim,M,1,54.9,0,54.9
17428,2026-07-02,C0676,Boutique,T-shirts,T-shirt basique,L,1,19.9,30,13.93
17429,2026-07-02,C0099,En ligne,T-shirts,T-shirt basique,XL,1,19.9,30,13.93
17429,2026-07-02,C0099,En ligne,Chaussures,Bottines,41,1,109.9,30,76.93
17429,2026-07-02,C0099,En ligne,Pantalons,Jean droit,L,2,59.9,30,83.86
17430,2026-07-02,C0286,Boutique,Chaussures,Baskets blanches,40,1,89.9,0,89.9
17431,2026-07-02,C0602,Boutique,Accessoires,Écharpe,Unique,1,24.9,30,17.43
17432,2026-07-02,C0450,En ligne,T-shirts,T-shirt basique,L,1,19.9,0,19.9
17433,2026-07-02,C0057,Boutique,T-shirts,T-shirt basique,M,1,19.9,0,19.9
17433,2026-07-02,C0057,Boutique,T-shirts,T-shirt imprimé,M,1,24.9,30,17.43
17434,2026-07-02,C0040,Boutique,Chaussures,Baskets blanches,41,1,89.9,30,62.93
17435,2026-07-02,C0250,Boutique,Pantalons,Jean droit,L,1,59.9,0,59.9
17436,2026-07-02,C0360,En ligne,Pantalons,Jean droit,L,1,59.9,30,41.93
17437,2026-07-02,C0508,Boutique,Pantalons,Pantalon cargo,L,2,49.9,30,69.86
17437,2026-07-02,C0508,Boutique,Accessoires,Casquette,Unique,1,19.9,30,13.93
17438,2026-07-02,C0077,Boutique,T-shirts,T-shirt imprimé,XS,1,24.9,30,17.43
17438,2026-07-02,C0077,Boutique,T-shirts,T-shirt imprimé,L,1,24.9,30,17.43
17439,2026-07-02,C0493,Boutique,Accessoires,Sac banane,Unique,1,34.9,30,24.43
17440,2026-07-02,C0055,En ligne,T-shirts,T-shirt oversize,L,1,29.9,30,20.93
17441,2026-07-02,C0024,Boutique,Accessoires,Sac banane,Unique,1,34.9,0,34.9
17441,2026-07-02,C0024,Boutique,Pantalons,Jean droit,S,1,59.9,0,59.9
17441,2026-07-02,C0024,Boutique,T-shirts,T-shirt basique,S,1,19.9,30,13.93
17442,2026-07-02,C0037,En ligne,Chaussures,Baskets blanches,44,1,89.9,30,62.93
17443,2026-07-02,C0188,En ligne,T-shirts,T-shirt oversize,L,1,29.9,30,20.93
17444,2026-07-02,C0017,Boutique,Chaussures,Sneakers running,43,2,99.9,0,199.8
17445,2026-07-02,C0048,Boutique,Accessoires,Ceinture,Unique,1,29.9,30,20.93
17446,2026-07-03,C0801,Boutique,Accessoires,Sac banane,Unique,1,34.9,0,34.9
17447,2026-07-03,C0618,Boutique,T-shirts,T-shirt oversize,M,1,29.9,30,20.93
17448,2026-07-03,C0554,Boutique,T-shirts,T-shirt oversize,M,1,29.9,0,29.9
17449,2026-07-03,C0655,En ligne,Pantalons,Jogging,S,2,34.9,30,48.86
17449,2026-07-03,C0655,En ligne,T-shirts,T-shirt oversize,S,2,29.9,0,59.8
17450,2026-07-03,C0554,En ligne,T-shirts,T-shirt imprimé,L,2,24.9,30,34.86
17451,2026-07-03,C0216,En ligne,Chaussures,Bottines,40,1,109.9,30,76.93
17452,2026-07-03,C0051,En ligne,Accessoires,Ceinture,Unique,2,29.9,30,41.86
17452,2026-07-03,C0051,En ligne,Accessoires,Ceinture,Unique,1,29.9,30,20.93
17452,2026-07-03,C0051,En ligne,Pantalons,Jean droit,L,1,59.9,30,41.93
17453,2026-07-03,C0121,Boutique,T-shirts,T-shirt oversize,M,1,29.9,0,29.9
17454,2026-07-03,C0093,Boutique,T-shirts,T-shirt oversize,L,1,29.9,30,20.93
17454,2026-07-03,C0093,Boutique,T-shirts,T-shirt oversize,L,1,29.9,0,29.9
17455,2026-07-03,C0071,Boutique,Pantalons,Pantalon cargo,M,1,49.9,30,34.93
17456,2026-07-03,C0522,Boutique,T-shirts,T-shirt imprimé,L,2,24.9,30,34.86
17457,2026-07-03,C0320,Boutique,T-shirts,T-shirt basique,M,1,19.9,30,13.93
17458,2026-07-03,C0146,Boutique,Accessoires,Sac banane,Unique,1,34.9,0,34.9
17458,2026-07-03,C0146,Boutique,Pulls & sweats,Sweat col rond,S,1,39.9,0,39.9
17459,2026-07-03,C0041,Boutique,Pantalons,Jean slim,L,1,54.9,0,54.9
17460,2026-07-03,C0473,En ligne,T-shirts,T-shirt basique,S,1,19.9,30,13.93
17460,2026-07-03,C0473,En ligne,Chaussures,Baskets blanches,41,1,89.9,30,62.93
17461,2026-07-03,C0572,En ligne,T-shirts,T-shirt imprimé,M,1,24.9,0,24.9
17461,2026-07-03,C0572,En ligne,T-shirts,T-shirt oversize,M,2,29.9,30,41.86
17461,2026-07-03,C0572,En ligne,T-shirts,T-shirt oversize,M,1,29.9,0,29.9
17462,2026-07-03,C0627,En ligne,Accessoires,Bonnet,Unique,1,17.9,30,12.53
17462,2026-07-03,C0627,En ligne,Accessoires,Écharpe,Unique,2,24.9,0,49.8
17463,2026-07-04,C0861,En ligne,Accessoires,Ceinture,Unique,1,29.9,30,20.93
17463,2026-07-04,C0861,En ligne,Pantalons,Jean droit,XL,1,59.9,30,41.93
17463,2026-07-04,C0861,En ligne,T-shirts,T-shirt imprimé,XL,2,24.9,30,34.86
17464,2026-07-04,C0480,En ligne,Accessoires,Casquette,Unique,1,19.9,30,13.93
17465,2026-07-04,C0594,Boutique,Pantalons,Pantalon cargo,XS,1,49.9,30,34.93
17466,2026-07-04,C0351,Boutique,Pantalons,Jean droit,XL,1,59.9,30,41.93
17466,2026-07-04,C0351,Boutique,Accessoires,Casquette,Unique,1,19.9,0,19.9
17466,2026-07-04,C0351,Boutique,T-shirts,T-shirt basique,XL,1,19.9,0,19.9
17467,2026-07-04,C0006,Boutique,T-shirts,T-shirt oversize,XS,1,29.9,0,29.9
17468,2026-07-04,C0428,En ligne,Accessoires,Ceinture,Unique,1,29.9,30,20.93
17468,2026-07-04,C0428,En ligne,T-shirts,T-shirt oversize,XL,1,29.9,30,20.93
17469,2026-07-04,C0064,En ligne,T-shirts,T-shirt imprimé,XL,1,24.9,30,17.43
17470,2026-07-04,C0764,En ligne,Pulls & sweats,Pull en laine,L,1,59.9,30,41.93
17470,2026-07-04,C0764,En ligne,Chaussures,Baskets blanches,39,2,89.9,30,125.86
17471,2026-07-04,C0401,Boutique,T-shirts,T-shirt imprimé,L,2,24.9,30,34.86
17472,2026-07-04,C0617,Boutique,Pantalons,Jean slim,L,1,54.9,30,38.43
17472,2026-07-04,C0617,Boutique,T-shirts,T-shirt imprimé,L,1,24.9,30,17.43
17473,2026-07-04,C0120,Boutique,Pantalons,Jogging,L,1,34.9,0,34.9
17474,2026-07-06,C0109,Boutique,Pulls & sweats,Sweat à capuche,M,1,49.9,0,49.9
17474,2026-07-06,C0109,Boutique,Pantalons,Jean slim,M,1,54.9,30,38.43
17475,2026-07-06,C0329,En ligne,Accessoires,Sac banane,Unique,1,34.9,30,24.43
17476,2026-07-06,C0094,Boutique,Accessoires,Bonnet,Unique,2,17.9,30,25.06
17477,2026-07-06,C0549,Boutique,Pulls & sweats,Sweat à capuche,S,1,49.9,0,49.9
17478,2026-07-06,C0078,Boutique,Pantalons,Jean droit,L,1,59.9,0,59.9
17479,2026-07-06,C0534,En ligne,Chaussures,Baskets blanches,44,2,89.9,0,179.8
17480,2026-07-06,C0073,En ligne,Accessoires,Sac banane,Unique,1,34.9,0,34.9
17480,2026-07-06,C0073,En ligne,T-shirts,T-shirt imprimé,XS,1,24.9,0,24.9
17481,2026-07-06,C0074,Boutique,Chaussures,Bottines,44,1,109.9,30,76.93
17481,2026-07-06,C0074,Boutique,Accessoires,Casquette,Unique,1,19.9,30,13.93
17482,2026-07-06,C0610,En ligne,Chaussures,Baskets blanches,39,1,89.9,30,62.93
17482,2026-07-06,C0610,En ligne,Accessoires,Sac banane,Unique,1,34.9,30,24.43
17483,2026-07-06,C0101,Boutique,T-shirts,T-shirt basique,M,1,19.9,30,13.93
17484,2026-07-06,C0843,Boutique,Accessoires,Bonnet,Unique,1,17.9,30,12.53
17484,2026-07-06,C0843,Boutique,Accessoires,Bonnet,Unique,1,17.9,30,12.53
17484,2026-07-06,C0843,Boutique,Pantalons,Jean droit,L,1,59.9,30,41.93
17485,2026-07-06,C0381,Boutique,T-shirts,T-shirt oversize,M,1,29.9,30,20.93
17486,2026-07-06,C0039,En ligne,Accessoires,Écharpe,Unique,1,24.9,30,17.43
17486,2026-07-06,C0039,En ligne,Pantalons,Jogging,M,1,34.9,30,24.43
17487,2026-07-06,C0046,En ligne,T-shirts,T-shirt basique,M,1,19.9,0,19.9
17488,2026-07-06,C0063,En ligne,Accessoires,Casquette,Unique,1,19.9,0,19.9
17489,2026-07-06,C0034,Boutique,T-shirts,T-shirt oversize,L,2,29.9,30,41.86
17490,2026-07-06,C0308,En ligne,Pantalons,Jogging,L,1,34.9,0,34.9
17490,2026-07-06,C0308,En ligne,Accessoires,Ceinture,Unique,2,29.9,0,59.8
17491,2026-07-06,C0628,Boutique,Accessoires,Casquette,Unique,1,19.9,30,13.93
17492,2026-07-06,C0005,Boutique,T-shirts,T-shirt imprimé,S,1,24.9,0,24.9
17493,2026-07-06,C0421,En ligne,Accessoires,Écharpe,Unique,1,24.9,30,17.43
17493,2026-07-06,C0421,En ligne,Accessoires,Casquette,Unique,1,19.9,0,19.9
17494,2026-07-06,C0068,Boutique,T-shirts,T-shirt imprimé,L,1,24.9,0,24.9
17495,2026-07-07,C0088,Boutique,T-shirts,T-shirt imprimé,M,2,24.9,30,34.86
17496,2026-07-07,C0021,En ligne,T-shirts,T-shirt imprimé,XS,1,24.9,0,24.9
17497,2026-07-07,C0042,En ligne,T-shirts,T-shirt oversize,L,1,29.9,30,20.93
17498,2026-07-07,C0097,En ligne,Chaussures,Bottines,39,1,109.9,30,76.93
17499,2026-07-07,C0073,Boutique,Pulls & sweats,Sweat col rond,S,1,39.9,0,39.9
17500,2026-07-07,C0007,Boutique,T-shirts,T-shirt basique,M,1,19.9,30,13.93
17501,2026-07-07,C0103,En ligne,Chaussures,Baskets blanches,39,1,89.9,30,62.93
17502,2026-07-07,C0087,Boutique,Accessoires,Ceinture,Unique,1,29.9,0,29.9
17503,2026-07-07,C0438,En ligne,T-shirts,T-shirt basique,L,1,19.9,0,19.9
17504,2026-07-07,C0194,En ligne,T-shirts,T-shirt imprimé,S,1,24.9,0,24.9
17504,2026-07-07,C0194,En ligne,Pulls & sweats,Sweat col rond,M,2,39.9,30,55.86
17505,2026-07-07,C0367,En ligne,Chaussures,Bottines,40,1,109.9,30,76.93
17506,2026-07-07,C0106,Boutique,Pantalons,Jean slim,XS,1,54.9,0,54.9
17506,2026-07-07,C0106,Boutique,Accessoires,Sac banane,Unique,2,34.9,30,48.86
17507,2026-07-07,C0083,Boutique,T-shirts,T-shirt imprimé,S,1,24.9,0,24.9
17507,2026-07-07,C0083,Boutique,Pantalons,Jogging,L,1,34.9,30,24.43
17508,2026-07-08,C0407,Boutique,Chaussures,Bottines,44,1,109.9,0,109.9
17509,2026-07-08,C0014,En ligne,Pantalons,Jean droit,XL,2,59.9,0,119.8
17510,2026-07-08,C0344,Boutique,Pantalons,Pantalon cargo,S,2,49.9,30,69.86
17510,2026-07-08,C0344,Boutique,Pantalons,Jean slim,S,1,54.9,30,38.43
17511,2026-07-08,C0088,En ligne,Chaussures,Bottines,40,1,109.9,30,76.93
17512,2026-07-08,C0005,Boutique,Chaussures,Bottines,39,2,109.9,0,219.8
17513,2026-07-08,C0006,En ligne,T-shirts,T-shirt imprimé,S,1,24.9,0,24.9
17513,2026-07-08,C0006,En ligne,Pulls & sweats,Pull en laine,L,1,59.9,30,41.93
17513,2026-07-08,C0006,En ligne,Pantalons,Jean droit,M,1,59.9,30,41.93
17514,2026-07-08,C0076,En ligne,Pantalons,Jogging,XS,1,34.9,30,24.43
17515,2026-07-08,C0035,Boutique,T-shirts,T-shirt oversize,L,1,29.9,0,29.9
17516,2026-07-08,C0189,Boutique,Chaussures,Bottines,40,1,109.9,30,76.93
17517,2026-07-08,C0011,En ligne,Chaussures,Bottines,40,1,109.9,0,109.9
17517,2026-07-08,C0011,En ligne,T-shirts,T-shirt oversize,S,1,29.9,30,20.93
17517,2026-07-08,C0011,En ligne,Chaussures,Baskets blanches,42,1,89.9,30,62.93
17518,2026-07-08,C0038,Boutique,Pulls & sweats,Sweat à capuche,S,1,49.9,0,49.9
17519,2026-07-08,C0379,En ligne,T-shirts,T-shirt imprimé,L,2,24.9,30,34.86
17519,2026-07-08,C0379,En ligne,Chaussures,Sneakers running,44,1,99.9,30,69.93
17519,2026-07-08,C0379,En ligne,Pantalons,Pantalon cargo,S,1,49.9,30,34.93
17520,2026-07-08,C0521,En ligne,T-shirts,T-shirt imprimé,XS,1,24.9,30,17.43
17520,2026-07-08,C0521,En ligne,Chaussures,Sneakers running,42,1,99.9,0,99.9
17521,2026-07-08,C0153,Boutique,T-shirts,T-shirt oversize,S,1,29.9,0,29.9
17521,2026-07-08,C0153,Boutique,Accessoires,Ceinture,Unique,1,29.9,30,20.93
17522,2026-07-08,C0116,En ligne,T-shirts,T-shirt basique,M,1,19.9,0,19.9
17523,2026-07-08,C0821,Boutique,Pantalons,Pantalon cargo,M,1,49.9,0,49.9
17524,2026-07-09,C0579,Boutique,T-shirts,T-shirt basique,S,1,19.9,30,13.93
17524,2026-07-09,C0579,Boutique,T-shirts,T-shirt imprimé,XS,1,24.9,30,17.43
17525,2026-07-09,C0491,En ligne,Accessoires,Ceinture,Unique,1,29.9,0,29.9
17526,2026-07-09,C0088,Boutique,T-shirts,T-shirt imprimé,XL,1,24.9,0,24.9
17526,2026-07-09,C0088,Boutique,Accessoires,Sac banane,Unique,1,34.9,30,24.43
17526,2026-07-09,C0088,Boutique,Vestes,Veste en jean,M,1,79.9,30,55.93
17527,2026-07-09,C0751,Boutique,Pulls & sweats,Pull en laine,XL,1,59.9,30,41.93
17528,2026-07-09,C0324,En ligne,Accessoires,Ceinture,Unique,2,29.9,30,41.86
17529,2026-07-09,C0244,Boutique,T-shirts,T-shirt imprimé,M,1,24.9,30,17.43
17530,2026-07-09,C0024,En ligne,Accessoires,Casquette,Unique,1,19.9,30,13.93
17531,2026-07-09,C0051,En ligne,Accessoires,Écharpe,Unique,1,24.9,0,24.9
17532,2026-07-09,C0497,En ligne,Chaussures,Bottines,43,1,109.9,0,109.9
17533,2026-07-09,C0118,Boutique,Accessoires,Bonnet,Unique,1,17.9,0,17.9
17534,2026-07-09,C0533,Boutique,T-shirts,T-shirt basique,M,1,19.9,0,19.9
17535,2026-07-09,C0874,En ligne,Accessoires,Casquette,Unique,1,19.9,30,13.93
17536,2026-07-09,C0011,Boutique,Accessoires,Sac banane,Unique,1,34.9,30,24.43
17537,2026-07-09,C0081,Boutique,Accessoires,Casquette,Unique,1,19.9,30,13.93
17538,2026-07-09,C0048,Boutique,Accessoires,Bonnet,Unique,2,17.9,30,25.06
17539,2026-07-09,C0111,Boutique,T-shirts,T-shirt oversize,M,1,29.9,0,29.9
17539,2026-07-09,C0111,Boutique,Chaussures,Bottines,43,1,109.9,0,109.9
17540,2026-07-09,C0111,Boutique,Accessoires,Bonnet,Unique,1,17.9,0,17.9
17541,2026-07-09,C0698,En ligne,Accessoires,Bonnet,Unique,2,17.9,0,35.8
17542,2026-07-09,C0008,Boutique,T-shirts,T-shirt oversize,S,2,29.9,30,41.86
17543,2026-07-09,C0056,En ligne,Pulls & sweats,Sweat col rond,M,1,39.9,0,39.9
17543,2026-07-09,C0056,En ligne,T-shirts,T-shirt basique,S,2,19.9,30,27.86
17544,2026-07-09,C0329,Boutique,T-shirts,T-shirt oversize,L,1,29.9,30,20.93
17545,2026-07-10,C0012,Boutique,Accessoires,Écharpe,Unique,1,24.9,0,24.9
17546,2026-07-10,C0605,Boutique,Pantalons,Pantalon cargo,S,1,49.9,30,34.93
17547,2026-07-10,C0464,En ligne,Accessoires,Ceinture,Unique,2,29.9,0,59.8
17548,2026-07-10,C0001,Boutique,Chaussures,Bottines,42,2,109.9,30,153.86
17548,2026-07-10,C0001,Boutique,Pantalons,Jean slim,S,2,54.9,30,76.86
17548,2026-07-10,C0001,Boutique,Accessoires,Sac banane,Unique,1,34.9,0,34.9
17549,2026-07-10,C0114,En ligne,T-shirts,T-shirt basique,XL,1,19.9,0,19.9
17549,2026-07-10,C0114,En ligne,T-shirts,T-shirt oversize,L,1,29.9,30,20.93
17549,2026-07-10,C0114,En ligne,Chaussures,Bottines,44,1,109.9,30,76.93
17550,2026-07-10,C0011,Boutique,Chaussures,Baskets blanches,43,2,89.9,0,179.8
17550,2026-07-10,C0011,Boutique,Accessoires,Ceinture,Unique,1,29.9,30,20.93
17550,2026-07-10,C0011,Boutique,T-shirts,T-shirt oversize,M,1,29.9,30,20.93
17551,2026-07-10,C0054,Boutique,T-shirts,T-shirt imprimé,L,1,24.9,30,17.43
17551,2026-07-10,C0054,Boutique,Chaussures,Bottines,42,2,109.9,0,219.8
17551,2026-07-10,C0054,Boutique,T-shirts,T-shirt basique,S,1,19.9,30,13.93
17552,2026-07-10,C0625,Boutique,Pulls & sweats,Pull en laine,L,2,59.9,0,119.8
17552,2026-07-10,C0625,Boutique,Accessoires,Bonnet,Unique,1,17.9,30,12.53
17553,2026-07-10,C0731,Boutique,T-shirts,T-shirt imprimé,L,1,24.9,30,17.43
17554,2026-07-10,C0061,En ligne,Pantalons,Pantalon cargo,M,1,49.9,0,49.9
17554,2026-07-10,C0061,En ligne,T-shirts,T-shirt oversize,M,1,29.9,0,29.9
17554,2026-07-10,C0061,En ligne,T-shirts,T-shirt imprimé,M,1,24.9,30,17.43
17555,2026-07-10,C0261,En ligne,Pantalons,Jogging,S,1,34.9,0,34.9
17555,2026-07-10,C0261,En ligne,Accessoires,Sac banane,Unique,1,34.9,30,24.43
17556,2026-07-10,C0074,En ligne,Accessoires,Ceinture,Unique,1,29.9,30,20.93
17557,2026-07-10,C0006,En ligne,Chaussures,Bottines,40,1,109.9,30,76.93
17557,2026-07-10,C0006,En ligne,T-shirts,T-shirt oversize,L,1,29.9,0,29.9
17557,2026-07-10,C0006,En ligne,Pantalons,Jogging,M,1,34.9,0,34.9
17558,2026-07-10,C0028,En ligne,T-shirts,T-shirt basique,L,1,19.9,30,13.93
17558,2026-07-10,C0028,En ligne,T-shirts,T-shirt imprimé,S,1,24.9,30,17.43
17558,2026-07-10,C0028,En ligne,Accessoires,Ceinture,Unique,1,29.9,30,20.93
17559,2026-07-10,C0077,En ligne,T-shirts,T-shirt oversize,M,1,29.9,30,20.93
17559,2026-07-10,C0077,En ligne,T-shirts,T-shirt imprimé,S,1,24.9,0,24.9
17560,2026-07-10,C0638,Boutique,Accessoires,Ceinture,Unique,1,29.9,0,29.9
17561,2026-07-10,C0023,Boutique,Pantalons,Pantalon cargo,M,1,49.9,30,34.93
17562,2026-07-10,C0049,Boutique,T-shirts,T-shirt oversize,S,1,29.9,30,20.93
17562,2026-07-10,C0049,Boutique,T-shirts,T-shirt imprimé,L,1,24.9,0,24.9
17563,2026-07-10,C0641,Boutique,Chaussures,Sneakers running,40,1,99.9,30,69.93
17564,2026-07-11,C0499,Boutique,Accessoires,Bonnet,Unique,1,17.9,30,12.53
17564,2026-07-11,C0499,Boutique,T-shirts,T-shirt imprimé,XL,1,24.9,30,17.43
17564,2026-07-11,C0499,Boutique,Pantalons,Jean slim,S,1,54.9,30,38.43
17565,2026-07-11,C0013,Boutique,Pantalons,Pantalon cargo,XL,1,49.9,0,49.9
17565,2026-07-11,C0013,Boutique,Chaussures,Bottines,41,1,109.9,30,76.93
17566,2026-07-11,C0501,En ligne,Accessoires,Écharpe,Unique,1,24.9,30,17.43
17566,2026-07-11,C0501,En ligne,Pantalons,Jean slim,M,2,54.9,30,76.86
17567,2026-07-11,C0736,Boutique,Accessoires,Ceinture,Unique,1,29.9,0,29.9
17568,2026-07-11,C0048,Boutique,T-shirts,T-shirt basique,S,1,19.9,30,13.93
17568,2026-07-11,C0048,Boutique,Pantalons,Jean droit,S,1,59.9,0,59.9
17568,2026-07-11,C0048,Boutique,T-shirts,T-shirt basique,S,1,19.9,30,13.93
17569,2026-07-11,C0613,Boutique,Accessoires,Sac banane,Unique,1,34.9,30,24.43
17570,2026-07-11,C0072,Boutique,Accessoires,Bonnet,Unique,1,17.9,0,17.9
17571,2026-07-11,C0683,En ligne,T-shirts,T-shirt oversize,XL,1,29.9,30,20.93
17572,2026-07-11,C0855,Boutique,Accessoires,Sac banane,Unique,2,34.9,30,48.86
17573,2026-07-11,C0506,En ligne,Chaussures,Baskets blanches,41,1,89.9,30,62.93
17574,2026-07-11,C0755,Boutique,Pantalons,Jean slim,XL,1,54.9,30,38.43
17574,2026-07-11,C0755,Boutique,T-shirts,T-shirt oversize,M,2,29.9,0,59.8
17575,2026-07-11,C0230,Boutique,Pulls & sweats,Sweat à capuche,XL,1,49.9,0,49.9
17575,2026-07-11,C0230,Boutique,Pantalons,Pantalon cargo,S,1,49.9,30,34.93
17576,2026-07-11,C0041,En ligne,Pantalons,Jean slim,XL,1,54.9,0,54.9
17577,2026-07-11,C0092,En ligne,Accessoires,Sac banane,Unique,1,34.9,30,24.43
17578,2026-07-11,C0068,Boutique,Chaussures,Bottines,41,1,109.9,30,76.93
17578,2026-07-11,C0068,Boutique,Chaussures,Sneakers running,43,1,99.9,0,99.9
17579,2026-07-11,C0096,Boutique,T-shirts,T-shirt imprimé,M,1,24.9,0,24.9
17580,2026-07-11,C0090,Boutique,Accessoires,Bonnet,Unique,1,17.9,0,17.9
17580,2026-07-11,C0090,Boutique,Accessoires,Casquette,Unique,1,19.9,0,19.9
17580,2026-07-11,C0090,Boutique,Chaussures,Baskets blanches,42,1,89.9,0,89.9
17581,2026-07-13,C0015,Boutique,Pulls & sweats,Sweat à capuche,M,1,49.9,0,49.9
17582,2026-07-13,C0039,Boutique,Pantalons,Jean slim,L,1,54.9,30,38.43
17583,2026-07-13,C0037,En ligne,T-shirts,T-shirt oversize,L,2,29.9,0,59.8
17584,2026-07-13,C0081,En ligne,Pantalons,Pantalon cargo,XL,2,49.9,0,99.8
17584,2026-07-13,C0081,En ligne,T-shirts,T-shirt basique,S,1,19.9,30,13.93
17584,2026-07-13,C0081,En ligne,T-shirts,T-shirt basique,S,1,19.9,0,19.9
17585,2026-07-13,C0018,Boutique,T-shirts,T-shirt basique,L,1,19.9,0,19.9
17586,2026-07-13,C0115,Boutique,T-shirts,T-shirt imprimé,M,1,24.9,30,17.43
17586,2026-07-13,C0115,Boutique,Accessoires,Bonnet,Unique,1,17.9,30,12.53
17587,2026-07-13,C0171,Boutique,Accessoires,Bonnet,Unique,1,17.9,30,12.53
17587,2026-07-13,C0171,Boutique,T-shirts,T-shirt imprimé,S,2,24.9,30,34.86
17588,2026-07-13,C0042,En ligne,Chaussures,Bottines,39,1,109.9,0,109.9
17588,2026-07-13,C0042,En ligne,Pulls & sweats,Pull en laine,L,2,59.9,0,119.8
17589,2026-07-13,C0686,Boutique,Accessoires,Ceinture,Unique,1,29.9,0,29.9
17590,2026-07-13,C0321,Boutique,T-shirts,T-shirt basique,L,1,19.9,30,13.93
17591,2026-07-13,C0265,En ligne,T-shirts,T-shirt basique,XS,1,19.9,30,13.93
17592,2026-07-13,C0187,En ligne,T-shirts,T-shirt basique,S,1,19.9,0,19.9
17593,2026-07-13,C0050,En ligne,T-shirts,T-shirt basique,L,1,19.9,0,19.9
17594,2026-07-13,C0055,Boutique,Accessoires,Écharpe,Unique,1,24.9,30,17.43
17595,2026-07-13,C0417,Boutique,Pulls & sweats,Pull en laine,M,1,59.9,30,41.93
17596,2026-07-13,C0712,En ligne,Accessoires,Sac banane,Unique,1,34.9,0,34.9
17597,2026-07-13,C0085,En ligne,Accessoires,Écharpe,Unique,1,24.9,0,24.9
17598,2026-07-13,C0040,Boutique,Accessoires,Sac banane,Unique,1,34.9,30,24.43
17598,2026-07-13,C0040,Boutique,T-shirts,T-shirt imprimé,S,2,24.9,0,49.8
17599,2026-07-13,C0011,En ligne,T-shirts,T-shirt oversize,M,2,29.9,30,41.86
17599,2026-07-13,C0011,En ligne,Pantalons,Jean droit,L,2,59.9,0,119.8
17600,2026-07-14,C0624,En ligne,Accessoires,Bonnet,Unique,1,17.9,30,12.53
17601,2026-07-14,C0417,Boutique,Accessoires,Sac banane,Unique,1,34.9,30,24.43
17602,2026-07-14,C0833,Boutique,Pantalons,Pantalon cargo,S,1,49.9,0,49.9
17602,2026-07-14,C0833,Boutique,T-shirts,T-shirt basique,S,1,19.9,0,19.9
17603,2026-07-14,C0017,Boutique,T-shirts,T-shirt oversize,M,2,29.9,30,41.86
17603,2026-07-14,C0017,Boutique,T-shirts,T-shirt imprimé,XS,1,24.9,0,24.9
17604,2026-07-14,C0315,En ligne,T-shirts,T-shirt imprimé,M,1,24.9,30,17.43
17605,2026-07-14,C0524,Boutique,T-shirts,T-shirt basique,L,1,19.9,30,13.93
17605,2026-07-14,C0524,Boutique,Pantalons,Jean slim,M,1,54.9,30,38.43
17606,2026-07-14,C0009,Boutique,Chaussures,Baskets blanches,41,1,89.9,0,89.9
17606,2026-07-14,C0009,Boutique,Chaussures,Sneakers running,44,1,99.9,0,99.9
17607,2026-07-14,C0464,En ligne,T-shirts,T-shirt basique,XS,1,19.9,30,13.93
17608,2026-07-14,C0368,En ligne,Accessoires,Sac banane,Unique,1,34.9,0,34.9
17609,2026-07-14,C0117,Boutique,Vestes,Doudoune,M,1,119.9,30,83.93
17610,2026-07-14,C0664,Boutique,Pulls & sweats,Sweat col rond,M,1,39.9,0,39.9
17611,2026-07-15,C0492,En ligne,Accessoires,Bonnet,Unique,1,17.9,30,12.53
17612,2026-07-15,C0038,Boutique,T-shirts,T-shirt imprimé,L,1,24.9,0,24.9
17613,2026-07-15,C0020,En ligne,T-shirts,T-shirt oversize,S,1,29.9,30,20.93
17613,2026-07-15,C0020,En ligne,Accessoires,Bonnet,Unique,2,17.9,30,25.06
17614,2026-07-15,C0111,Boutique,T-shirts,T-shirt basique,L,1,19.9,30,13.93
17614,2026-07-15,C0111,Boutique,T-shirts,T-shirt oversize,L,1,29.9,30,20.93
17615,2026-07-15,C0869,En ligne,Accessoires,Bonnet,Unique,1,17.9,30,12.53
17616,2026-07-15,C0044,Boutique,Pantalons,Jean slim,L,1,54.9,30,38.43
17617,2026-07-15,C0053,En ligne,T-shirts,T-shirt imprimé,L,1,24.9,30,17.43
17617,2026-07-15,C0053,En ligne,Accessoires,Bonnet,Unique,1,17.9,30,12.53
17618,2026-07-15,C0043,Boutique,T-shirts,T-shirt imprimé,XL,1,24.9,0,24.9
17618,2026-07-15,C0043,Boutique,Chaussures,Bottines,44,1,109.9,30,76.93
17619,2026-07-15,C0771,Boutique,T-shirts,T-shirt basique,M,2,19.9,0,39.8
17619,2026-07-15,C0771,Boutique,Accessoires,Sac banane,Unique,1,34.9,30,24.43
17620,2026-07-15,C0103,Boutique,T-shirts,T-shirt oversize,L,1,29.9,0,29.9
17620,2026-07-15,C0103,Boutique,T-shirts,T-shirt basique,S,1,19.9,30,13.93
17620,2026-07-15,C0103,Boutique,T-shirts,T-shirt oversize,M,1,29.9,30,20.93
17621,2026-07-15,C0064,Boutique,T-shirts,T-shirt imprimé,XS,1,24.9,30,17.43
17622,2026-07-15,C0061,Boutique,Accessoires,Casquette,Unique,1,19.9,30,13.93
17622,2026-07-15,C0061,Boutique,Pantalons,Pantalon cargo,XL,1,49.9,0,49.9
17623,2026-07-15,C0030,Boutique,T-shirts,T-shirt oversize,S,2,29.9,0,59.8
17623,2026-07-15,C0030,Boutique,Pulls & sweats,Sweat col rond,XL,1,39.9,30,27.93
17624,2026-07-15,C0007,Boutique,Pantalons,Jean slim,M,1,54.9,0,54.9
17625,2026-07-15,C0059,En ligne,Accessoires,Sac banane,Unique,1,34.9,30,24.43
17625,2026-07-15,C0059,En ligne,Accessoires,Écharpe,Unique,1,24.9,0,24.9
17626,2026-07-15,C0677,Boutique,T-shirts,T-shirt imprimé,L,1,24.9,30,17.43
17626,2026-07-15,C0677,Boutique,T-shirts,T-shirt oversize,M,1,29.9,30,20.93
17627,2026-07-15,C0084,En ligne,T-shirts,T-shirt basique,L,1,19.9,0,19.9
17627,2026-07-15,C0084,En ligne,Chaussures,Baskets blanches,41,1,89.9,0,89.9
17628,2026-07-15,C0419,En ligne,Pantalons,Jogging,XL,1,34.9,30,24.43
17628,2026-07-15,C0419,En ligne,Chaussures,Bottines,42,1,109.9,0,109.9
17629,2026-07-16,C0620,Boutique,Accessoires,Ceinture,Unique,1,29.9,30,20.93
17629,2026-07-16,C0620,Boutique,Chaussures,Sneakers running,40,1,99.9,30,69.93
17629,2026-07-16,C0620,Boutique,Chaussures,Bottines,39,1,109.9,0,109.9
17630,2026-07-16,C0040,Boutique,Accessoires,Bonnet,Unique,1,17.9,0,17.9
17631,2026-07-16,C0095,Boutique,T-shirts,T-shirt oversize,M,2,29.9,30,41.86
17631,2026-07-16,C0095,Boutique,Accessoires,Ceinture,Unique,1,29.9,0,29.9
17632,2026-07-16,C0068,Boutique,Accessoires,Bonnet,Unique,1,17.9,0,17.9
17633,2026-07-16,C0056,Boutique,T-shirts,T-shirt basique,M,1,19.9,30,13.93
17634,2026-07-16,C0046,Boutique,T-shirts,T-shirt basique,L,1,19.9,0,19.9
17635,2026-07-16,C0116,En ligne,T-shirts,T-shirt oversize,XL,1,29.9,30,20.93
17636,2026-07-16,C0864,Boutique,T-shirts,T-shirt imprimé,L,1,24.9,30,17.43
17637,2026-07-16,C0085,Boutique,Accessoires,Écharpe,Unique,1,24.9,30,17.43
17637,2026-07-16,C0085,Boutique,T-shirts,T-shirt oversize,XS,1,29.9,30,20.93
17638,2026-07-16,C0815,En ligne,T-shirts,T-shirt imprimé,L,1,24.9,30,17.43
17639,2026-07-16,C0061,Boutique,Accessoires,Écharpe,Unique,1,24.9,0,24.9
17640,2026-07-16,C0151,En ligne,T-shirts,T-shirt imprimé,S,2,24.9,0,49.8
17641,2026-07-16,C0002,Boutique,Accessoires,Écharpe,Unique,1,24.9,0,24.9
17641,2026-07-16,C0002,Boutique,Pantalons,Jean droit,XS,1,59.9,30,41.93
17642,2026-07-16,C0032,Boutique,Vestes,Doudoune,XL,1,119.9,30,83.93
17643,2026-07-16,C0073,En ligne,T-shirts,T-shirt imprimé,S,1,24.9,30,17.43
17644,2026-07-16,C0815,En ligne,Accessoires,Ceinture,Unique,1,29.9,30,20.93
17645,2026-07-17,C0081,Boutique,Chaussures,Baskets blanches,42,1,89.9,30,62.93
17645,2026-07-17,C0081,Boutique,Chaussures,Baskets blanches,43,1,89.9,30,62.93
17646,2026-07-17,C0821,Boutique,T-shirts,T-shirt basique,M,1,19.9,30,13.93
17646,2026-07-17,C0821,Boutique,Accessoires,Casquette,Unique,1,19.9,30,13.93
17647,2026-07-17,C0561,Boutique,Pantalons,Jogging,M,1,34.9,30,24.43
17648,2026-07-17,C0264,Boutique,Accessoires,Écharpe,Unique,2,24.9,0,49.8
17649,2026-07-17,C0838,En ligne,T-shirts,T-shirt oversize,S,1,29.9,0,29.9
17650,2026-07-17,C0894,En ligne,Pantalons,Pantalon cargo,L,2,49.9,30,69.86
17651,2026-07-17,C0165,En ligne,Chaussures,Sneakers running,43,2,99.9,30,139.86
17652,2026-07-17,C0101,En ligne,T-shirts,T-shirt imprimé,L,2,24.9,0,49.8
17653,2026-07-17,C0707,Boutique,T-shirts,T-shirt oversize,M,2,29.9,30,41.86
17654,2026-07-17,C0099,Boutique,T-shirts,T-shirt oversize,XL,1,29.9,30,20.93
17654,2026-07-17,C0099,Boutique,Accessoires,Ceinture,Unique,1,29.9,0,29.9
17655,2026-07-17,C0329,En ligne,Chaussures,Baskets blanches,41,1,89.9,0,89.9
17656,2026-07-17,C0029,Boutique,T-shirts,T-shirt imprimé,S,1,24.9,0,24.9
17657,2026-07-17,C0569,En ligne,Accessoires,Casquette,Unique,1,19.9,30,13.93
17657,2026-07-17,C0569,En ligne,Vestes,Doudoune,M,1,119.9,30,83.93
17658,2026-07-17,C0745,En ligne,Pantalons,Jogging,L,1,34.9,30,24.43
17659,2026-07-17,C0665,Boutique,Vestes,Veste en jean,M,1,79.9,0,79.9
17660,2026-07-17,C0801,En ligne,Chaussures,Bottines,43,1,109.9,30,76.93
17661,2026-07-17,C0064,Boutique,Chaussures,Bottines,41,2,109.9,0,219.8
17662,2026-07-17,C0137,En ligne,T-shirts,T-shirt basique,S,1,19.9,30,13.93
17663,2026-07-17,C0691,Boutique,Accessoires,Ceinture,Unique,1,29.9,30,20.93
17664,2026-07-17,C0075,Boutique,Pulls & sweats,Pull en laine,L,1,59.9,30,41.93
17665,2026-07-17,C0305,Boutique,Chaussures,Baskets blanches,42,2,89.9,0,179.8
17666,2026-07-17,C0094,Boutique,T-shirts,T-shirt basique,S,1,19.9,0,19.9
17666,2026-07-17,C0094,Boutique,Chaussures,Bottines,44,1,109.9,0,109.9
17667,2026-07-17,C0061,Boutique,Chaussures,Sneakers running,43,1,99.9,30,69.93
17668,2026-07-18,C0641,Boutique,T-shirts,T-shirt basique,L,1,19.9,0,19.9
17669,2026-07-18,C0389,En ligne,T-shirts,T-shirt basique,S,2,19.9,30,27.86
17670,2026-07-18,C0686,Boutique,Vestes,Veste en jean,S,1,79.9,0,79.9
17671,2026-07-18,C0011,En ligne,Accessoires,Écharpe,Unique,1,24.9,0,24.9
17671,2026-07-18,C0011,En ligne,Vestes,Coupe-vent,M,1,64.9,30,45.43
17671,2026-07-18,C0011,En ligne,Chaussures,Sneakers running,41,2,99.9,30,139.86
17672,2026-07-18,C0006,Boutique,T-shirts,T-shirt imprimé,XL,1,24.9,30,17.43
17673,2026-07-18,C0331,En ligne,T-shirts,T-shirt imprimé,XS,1,24.9,30,17.43
17673,2026-07-18,C0331,En ligne,Accessoires,Bonnet,Unique,1,17.9,0,17.9
17674,2026-07-18,C0725,En ligne,Accessoires,Sac banane,Unique,1,34.9,30,24.43
17675,2026-07-18,C0356,En ligne,Accessoires,Sac banane,Unique,1,34.9,30,24.43
17675,2026-07-18,C0356,En ligne,Pantalons,Jogging,XL,1,34.9,0,34.9
17676,2026-07-18,C0068,Boutique,T-shirts,T-shirt oversize,XL,1,29.9,30,20.93
17677,2026-07-18,C0014,Boutique,T-shirts,T-shirt basique,M,1,19.9,0,19.9
17678,2026-07-18,C0884,En ligne,T-shirts,T-shirt basique,XS,1,19.9,0,19.9
17678,2026-07-18,C0884,En ligne,Accessoires,Ceinture,Unique,1,29.9,30,20.93
17678,2026-07-18,C0884,En ligne,Accessoires,Écharpe,Unique,1,24.9,30,17.43
17679,2026-07-18,C0084,Boutique,T-shirts,T-shirt basique,L,1,19.9,30,13.93
17680,2026-07-18,C0011,Boutique,T-shirts,T-shirt basique,L,1,19.9,30,13.93
17681,2026-07-18,C0123,Boutique,Pantalons,Jogging,S,2,34.9,30,48.86
17681,2026-07-18,C0123,Boutique,Accessoires,Casquette,Unique,2,19.9,30,27.86
17682,2026-07-18,C0026,Boutique,Pulls & sweats,Sweat col rond,L,1,39.9,30,27.93
17682,2026-07-18,C0026,Boutique,T-shirts,T-shirt oversize,S,1,29.9,0,29.9
17682,2026-07-18,C0026,Boutique,Chaussures,Bottines,43,1,109.9,0,109.9
17683,2026-07-18,C0515,En ligne,T-shirts,T-shirt basique,XL,1,19.9,30,13.93
17683,2026-07-18,C0515,En ligne,Accessoires,Ceinture,Unique,1,29.9,30,20.93
17684,2026-07-18,C0041,En ligne,Accessoires,Casquette,Unique,1,19.9,30,13.93
17685,2026-07-18,C0045,Boutique,Accessoires,Casquette,Unique,1,19.9,0,19.9
17686,2026-07-18,C0156,En ligne,Chaussures,Bottines,41,2,109.9,30,153.86
17687,2026-07-18,C0455,En ligne,T-shirts,T-shirt basique,XS,1,19.9,0,19.9
17687,2026-07-18,C0455,En ligne,Pulls & sweats,Pull en laine,M,1,59.9,30,41.93
17688,2026-07-18,C0089,Boutique,Accessoires,Écharpe,Unique,1,24.9,0,24.9
17689,2026-07-18,C0002,Boutique,T-shirts,T-shirt oversize,XL,2,29.9,0,59.8
17690,2026-07-18,C0218,Boutique,T-shirts,T-shirt oversize,S,1,29.9,30,20.93
17690,2026-07-18,C0218,Boutique,Accessoires,Bonnet,Unique,1,17.9,30,12.53
17690,2026-07-18,C0218,Boutique,Chaussures,Baskets blanches,40,1,89.9,0,89.9
17691,2026-07-18,C0016,En ligne,Accessoires,Écharpe,Unique,1,24.9,30,17.43
17692,2026-07-18,C0584,Boutique,T-shirts,T-shirt basique,L,1,19.9,30,13.93
17692,2026-07-18,C0584,Boutique,Pantalons,Jean slim,S,1,54.9,0,54.9
17693,2026-07-18,C0459,Boutique,T-shirts,T-shirt oversize,S,1,29.9,30,20.93
17694,2026-07-18,C0087,En ligne,Accessoires,Casquette,Unique,2,19.9,0,39.8
17694,2026-07-18,C0087,En ligne,Pantalons,Jogging,XS,1,34.9,30,24.43
17695,2026-07-18,C0108,Boutique,T-shirts,T-shirt basique,M,1,19.9,30,13.93
17696,2026-07-18,C0292,Boutique,Pantalons,Jogging,M,1,34.9,30,24.43
17696,2026-07-18,C0292,Boutique,Pantalons,Jean droit,S,1,59.9,0,59.9
17697,2026-07-18,C0027,Boutique,T-shirts,T-shirt basique,XS,1,19.9,0,19.9
17697,2026-07-18,C0027,Boutique,Accessoires,Bonnet,Unique,1,17.9,30,12.53
17697,2026-07-18,C0027,Boutique,Accessoires,Sac banane,Unique,1,34.9,30,24.43
17698,2026-07-18,C0178,En ligne,T-shirts,T-shirt imprimé,M,1,24.9,30,17.43
17699,2026-07-20,C0557,En ligne,Accessoires,Bonnet,Unique,2,17.9,0,35.8
17700,2026-07-20,C0657,Boutique,Accessoires,Ceinture,Unique,1,29.9,30,20.93
17701,2026-07-20,C0344,En ligne,Pantalons,Jogging,S,1,34.9,30,24.43
17701,2026-07-20,C0344,En ligne,Accessoires,Ceinture,Unique,1,29.9,0,29.9
17701,2026-07-20,C0344,En ligne,Chaussures,Sneakers running,42,1,99.9,30,69.93
17702,2026-07-20,C0004,En ligne,Pulls & sweats,Pull en laine,XS,1,59.9,30,41.93
17703,2026-07-20,C0861,En ligne,Chaussures,Baskets blanches,44,1,89.9,30,62.93
17704,2026-07-20,C0088,En ligne,T-shirts,T-shirt imprimé,L,2,24.9,0,49.8
17705,2026-07-20,C0587,En ligne,T-shirts,T-shirt oversize,M,2,29.9,0,59.8
17706,2026-07-20,C0381,Boutique,Accessoires,Écharpe,Unique,1,24.9,0,24.9
17707,2026-07-20,C0695,Boutique,Chaussures,Baskets blanches,42,1,89.9,0,89.9
17708,2026-07-20,C0602,Boutique,Accessoires,Bonnet,Unique,2,17.9,0,35.8
17708,2026-07-20,C0602,Boutique,T-shirts,T-shirt oversize,M,1,29.9,30,20.93
17709,2026-07-20,C0051,En ligne,T-shirts,T-shirt oversize,S,1,29.9,30,20.93
17709,2026-07-20,C0051,En ligne,Accessoires,Sac banane,Unique,1,34.9,0,34.9
17710,2026-07-20,C0416,En ligne,Chaussures,Bottines,42,1,109.9,30,76.93
17710,2026-07-20,C0416,En ligne,T-shirts,T-shirt imprimé,XS,2,24.9,30,34.86
17711,2026-07-20,C0025,Boutique,Pulls & sweats,Pull en laine,XL,1,59.9,30,41.93
17712,2026-07-20,C0058,En ligne,T-shirts,T-shirt oversize,XL,1,29.9,0,29.9
17713,2026-07-20,C0222,Boutique,T-shirts,T-shirt basique,M,1,19.9,0,19.9
17714,2026-07-20,C0009,Boutique,Pantalons,Jean slim,S,1,54.9,30,38.43
17715,2026-07-20,C0895,En ligne,Accessoires,Écharpe,Unique,1,24.9,30,17.43
17716,2026-07-20,C0089,En ligne,T-shirts,T-shirt imprimé,L,1,24.9,30,17.43
17717,2026-07-20,C0094,Boutique,T-shirts,T-shirt imprimé,XL,1,24.9,0,24.9
17717,2026-07-20,C0094,Boutique,Chaussures,Bottines,40,1,109.9,30,76.93
17717,2026-07-20,C0094,Boutique,Pantalons,Jean droit,XS,1,59.9,30,41.93
17718,2026-07-20,C0082,En ligne,T-shirts,T-shirt oversize,S,1,29.9,0,29.9
17718,2026-07-20,C0082,En ligne,Pulls & sweats,Sweat col rond,L,1,39.9,30,27.93
17719,2026-07-20,C0795,Boutique,T-shirts,T-shirt basique,L,1,19.9,0,19.9
17720,2026-07-20,C0614,En ligne,Accessoires,Sac banane,Unique,1,34.9,30,24.43
17720,2026-07-20,C0614,En ligne,T-shirts,T-shirt basique,M,1,19.9,30,13.93
17721,2026-07-21,C0652,Boutique,Pantalons,Jean droit,L,1,59.9,0,59.9
17722,2026-07-21,C0336,En ligne,T-shirts,T-shirt oversize,S,1,29.9,0,29.9
17723,2026-07-21,C0089,Boutique,T-shirts,T-shirt oversize,S,1,29.9,30,20.93
17723,2026-07-21,C0089,Boutique,T-shirts,T-shirt imprimé,XL,1,24.9,0,24.9
17723,2026-07-21,C0089,Boutique,T-shirts,T-shirt basique,M,1,19.9,30,13.93
17724,2026-07-21,C0670,Boutique,T-shirts,T-shirt oversize,L,1,29.9,0,29.9
17725,2026-07-21,C0008,Boutique,Chaussures,Baskets blanches,39,1,89.9,30,62.93
17726,2026-07-21,C0598,Boutique,Chaussures,Sneakers running,44,1,99.9,0,99.9
17726,2026-07-21,C0598,Boutique,Chaussures,Bottines,40,1,109.9,30,76.93
17727,2026-07-21,C0220,Boutique,T-shirts,T-shirt basique,XS,1,19.9,30,13.93
17728,2026-07-21,C0224,En ligne,Pulls & sweats,Sweat col rond,XL,1,39.9,30,27.93
17729,2026-07-21,C0079,En ligne,T-shirts,T-shirt imprimé,M,1,24.9,0,24.9
17730,2026-07-21,C0067,Boutique,T-shirts,T-shirt basique,M,1,19.9,30,13.93
17731,2026-07-21,C0076,Boutique,T-shirts,T-shirt oversize,S,2,29.9,0,59.8
17731,2026-07-21,C0076,Boutique,Accessoires,Bonnet,Unique,1,17.9,30,12.53
17731,2026-07-21,C0076,Boutique,Pantalons,Jean slim,M,1,54.9,30,38.43
17732,2026-07-21,C0135,En ligne,Pantalons,Jean slim,XS,1,54.9,30,38.43
17733,2026-07-21,C0315,Boutique,T-shirts,T-shirt basique,L,1,19.9,0,19.9
17734,2026-07-21,C0113,En ligne,T-shirts,T-shirt basique,L,1,19.9,0,19.9
17735,2026-07-21,C0827,En ligne,T-shirts,T-shirt imprimé,XL,1,24.9,0,24.9
17736,2026-07-21,C0111,En ligne,Accessoires,Casquette,Unique,1,19.9,30,13.93
17737,2026-07-21,C0001,Boutique,T-shirts,T-shirt basique,M,1,19.9,0,19.9
17738,2026-07-21,C0232,En ligne,Chaussures,Baskets blanches,41,1,89.9,0,89.9
17738,2026-07-21,C0232,En ligne,Chaussures,Baskets blanches,43,2,89.9,0,179.8
17739,2026-07-21,C0052,Boutique,T-shirts,T-shirt oversize,XS,1,29.9,30,20.93
17740,2026-07-22,C0615,Boutique,T-shirts,T-shirt oversize,M,2,29.9,30,41.86
17741,2026-07-22,C0454,En ligne,T-shirts,T-shirt basique,S,1,19.9,30,13.93
17742,2026-07-22,C0334,Boutique,Chaussures,Baskets blanches,41,1,89.9,0,89.9
17743,2026-07-22,C0104,Boutique,T-shirts,T-shirt basique,L,1,19.9,0,19.9
17743,2026-07-22,C0104,Boutique,Accessoires,Ceinture,Unique,1,29.9,0,29.9
17744,2026-07-22,C0036,En ligne,Accessoires,Écharpe,Unique,1,24.9,30,17.43
17745,2026-07-22,C0698,Boutique,Vestes,Veste en jean,M,1,79.9,30,55.93
17746,2026-07-22,C0204,En ligne,Accessoires,Écharpe,Unique,1,24.9,30,17.43
17746,2026-07-22,C0204,En ligne,Accessoires,Écharpe,Unique,2,24.9,0,49.8
17746,2026-07-22,C0204,En ligne,Chaussures,Bottines,43,1,109.9,0,109.9
17747,2026-07-22,C0178,Boutique,Pulls & sweats,Pull en laine,M,1,59.9,0,59.9
17748,2026-07-22,C0199,En ligne,T-shirts,T-shirt imprimé,XL,1,24.9,30,17.43
17748,2026-07-22,C0199,En ligne,T-shirts,T-shirt oversize,M,1,29.9,30,20.93
17748,2026-07-22,C0199,En ligne,T-shirts,T-shirt oversize,L,1,29.9,30,20.93
17749,2026-07-22,C0732,Boutique,T-shirts,T-shirt oversize,S,2,29.9,0,59.8
17750,2026-07-22,C0006,Boutique,T-shirts,T-shirt oversize,M,1,29.9,30,20.93
17750,2026-07-22,C0006,Boutique,Vestes,Doudoune,XL,1,119.9,0,119.9
17751,2026-07-22,C0079,En ligne,Pantalons,Jean droit,S,1,59.9,30,41.93
17752,2026-07-22,C0119,Boutique,Accessoires,Ceinture,Unique,1,29.9,0,29.9
17753,2026-07-22,C0050,En ligne,Accessoires,Ceinture,Unique,1,29.9,0,29.9
17753,2026-07-22,C0050,En ligne,T-shirts,T-shirt oversize,M,1,29.9,30,20.93
17754,2026-07-22,C0449,En ligne,T-shirts,T-shirt oversize,M,1,29.9,0,29.9
17755,2026-07-22,C0898,Boutique,T-shirts,T-shirt basique,L,1,19.9,30,13.93
17756,2026-07-22,C0089,Boutique,Pulls & sweats,Pull en laine,M,1,59.9,0,59.9
17757,2026-07-22,C0522,En ligne,Accessoires,Ceinture,Unique,1,29.9,30,20.93
17757,2026-07-22,C0522,En ligne,Accessoires,Écharpe,Unique,1,24.9,0,24.9
17758,2026-07-22,C0640,Boutique,Pulls & sweats,Sweat à capuche,M,1,49.9,30,34.93
17758,2026-07-22,C0640,Boutique,Chaussures,Baskets blanches,42,1,89.9,30,62.93
17759,2026-07-22,C0708,En ligne,Accessoires,Écharpe,Unique,1,24.9,30,17.43
17760,2026-07-22,C0009,Boutique,Pantalons,Jogging,XL,1,34.9,0,34.9
17761,2026-07-23,C0357,En ligne,T-shirts,T-shirt imprimé,M,2,24.9,0,49.8
17762,2026-07-23,C0026,Boutique,Pantalons,Pantalon cargo,M,1,49.9,30,34.93
17763,2026-07-23,C0109,Boutique,Accessoires,Bonnet,Unique,1,17.9,0,17.9
17763,2026-07-23,C0109,Boutique,Chaussures,Bottines,43,1,109.9,30,76.93
17763,2026-07-23,C0109,Boutique,T-shirts,T-shirt basique,M,1,19.9,30,13.93
17764,2026-07-23,C0014,Boutique,Accessoires,Sac banane,Unique,2,34.9,30,48.86
17765,2026-07-23,C0337,Boutique,Accessoires,Ceinture,Unique,1,29.9,0,29.9
17766,2026-07-23,C0374,Boutique,Accessoires,Casquette,Unique,1,19.9,0,19.9
17767,2026-07-23,C0111,Boutique,Accessoires,Sac banane,Unique,1,34.9,0,34.9
17768,2026-07-23,C0086,Boutique,T-shirts,T-shirt basique,M,1,19.9,0,19.9
17768,2026-07-23,C0086,Boutique,T-shirts,T-shirt basique,XS,1,19.9,0,19.9
17769,2026-07-23,C0064,Boutique,Pantalons,Pantalon cargo,L,1,49.9,30,34.93
17769,2026-07-23,C0064,Boutique,Pantalons,Jean slim,M,1,54.9,30,38.43
17770,2026-07-23,C0617,Boutique,Accessoires,Écharpe,Unique,1,24.9,0,24.9
17771,2026-07-23,C0556,Boutique,Accessoires,Ceinture,Unique,1,29.9,30,20.93
17772,2026-07-23,C0111,Boutique,Chaussures,Baskets blanches,40,1,89.9,30,62.93
17772,2026-07-23,C0111,Boutique,Accessoires,Casquette,Unique,1,19.9,30,13.93
17773,2026-07-23,C0022,Boutique,Pantalons,Jogging,XL,2,34.9,30,48.86
17773,2026-07-23,C0022,Boutique,Pulls & sweats,Sweat à capuche,M,1,49.9,30,34.93
17774,2026-07-23,C0022,En ligne,T-shirts,T-shirt basique,XS,2,19.9,0,39.8
17775,2026-07-23,C0429,Boutique,T-shirts,T-shirt basique,L,1,19.9,0,19.9
17775,2026-07-23,C0429,Boutique,Accessoires,Sac banane,Unique,1,34.9,30,24.43
17776,2026-07-23,C0042,Boutique,T-shirts,T-shirt basique,L,2,19.9,0,39.8
17776,2026-07-23,C0042,Boutique,T-shirts,T-shirt imprimé,XS,1,24.9,30,17.43
17777,2026-07-23,C0793,En ligne,Chaussures,Baskets blanches,40,1,89.9,0,89.9
17778,2026-07-23,C0022,En ligne,Vestes,Veste en jean,L,1,79.9,30,55.93
17779,2026-07-23,C0698,Boutique,T-shirts,T-shirt imprimé,L,1,24.9,30,17.43
17780,2026-07-23,C0837,En ligne,T-shirts,T-shirt imprimé,M,1,24.9,0,24.9
17780,2026-07-23,C0837,En ligne,T-shirts,T-shirt imprimé,S,2,24.9,30,34.86
17781,2026-07-23,C0745,Boutique,Chaussures,Sneakers running,42,1,99.9,0,99.9
17782,2026-07-23,C0437,Boutique,Chaussures,Bottines,44,2,109.9,30,153.86
17782,2026-07-23,C0437,Boutique,T-shirts,T-shirt oversize,L,2,29.9,0,59.8
17783,2026-07-23,C0785,En ligne,Chaussures,Bottines,39,1,109.9,30,76.93
17783,2026-07-23,C0785,En ligne,Vestes,Veste en jean,S,2,79.9,30,111.86
17784,2026-07-24,C0013,Boutique,T-shirts,T-shirt imprimé,L,1,24.9,30,17.43
17785,2026-07-24,C0431,Boutique,Chaussures,Sneakers running,41,1,99.9,0,99.9
17786,2026-07-24,C0093,Boutique,T-shirts,T-shirt oversize,M,1,29.9,0,29.9
17787,2026-07-24,C0174,En ligne,Chaussures,Bottines,41,1,109.9,30,76.93
17788,2026-07-24,C0107,Boutique,Accessoires,Sac banane,Unique,2,34.9,0,69.8
17789,2026-07-24,C0036,En ligne,Chaussures,Sneakers running,44,1,99.9,0,99.9
17789,2026-07-24,C0036,En ligne,Chaussures,Baskets blanches,41,1,89.9,0,89.9
17789,2026-07-24,C0036,En ligne,Accessoires,Sac banane,Unique,1,34.9,0,34.9
17790,2026-07-24,C0194,Boutique,Pantalons,Jogging,L,2,34.9,30,48.86
17791,2026-07-24,C0070,Boutique,Pantalons,Pantalon cargo,XL,1,49.9,0,49.9
17792,2026-07-24,C0183,Boutique,Pantalons,Jogging,S,1,34.9,30,24.43
17793,2026-07-24,C0663,Boutique,Accessoires,Écharpe,Unique,1,24.9,30,17.43
17794,2026-07-24,C0160,En ligne,T-shirts,T-shirt basique,XL,1,19.9,0,19.9
17794,2026-07-24,C0160,En ligne,Pantalons,Jogging,S,2,34.9,30,48.86
17795,2026-07-24,C0439,Boutique,T-shirts,T-shirt imprimé,M,1,24.9,30,17.43
17796,2026-07-24,C0046,Boutique,T-shirts,T-shirt imprimé,M,1,24.9,30,17.43
17797,2026-07-24,C0162,Boutique,T-shirts,T-shirt oversize,S,1,29.9,0,29.9
17797,2026-07-24,C0162,Boutique,T-shirts,T-shirt imprimé,S,1,24.9,30,17.43
17798,2026-07-24,C0068,En ligne,T-shirts,T-shirt oversize,S,1,29.9,30,20.93
17798,2026-07-24,C0068,En ligne,Vestes,Veste en jean,M,1,79.9,30,55.93
17799,2026-07-24,C0419,Boutique,T-shirts,T-shirt oversize,S,1,29.9,30,20.93
17800,2026-07-24,C0060,Boutique,Chaussures,Sneakers running,44,1,99.9,0,99.9
17800,2026-07-24,C0060,Boutique,T-shirts,T-shirt basique,M,1,19.9,30,13.93
17800,2026-07-24,C0060,Boutique,T-shirts,T-shirt oversize,M,1,29.9,0,29.9
17801,2026-07-24,C0051,En ligne,T-shirts,T-shirt oversize,M,1,29.9,0,29.9
17802,2026-07-24,C0246,Boutique,T-shirts,T-shirt oversize,M,1,29.9,30,20.93
17802,2026-07-24,C0246,Boutique,Chaussures,Sneakers running,43,1,99.9,30,69.93
17803,2026-07-24,C0065,En ligne,Vestes,Veste en jean,L,2,79.9,0,159.8
17803,2026-07-24,C0065,En ligne,Pantalons,Jean slim,M,1,54.9,30,38.43
17804,2026-07-24,C0129,En ligne,Chaussures,Baskets blanches,42,1,89.9,30,62.93
17804,2026-07-24,C0129,En ligne,Pulls & sweats,Sweat col rond,S,2,39.9,0,79.8
17805,2026-07-24,C0064,Boutique,T-shirts,T-shirt basique,XS,1,19.9,30,13.93
17805,2026-07-24,C0064,Boutique,Accessoires,Écharpe,Unique,2,24.9,30,34.86
17806,2026-07-24,C0165,Boutique,T-shirts,T-shirt oversize,S,1,29.9,30,20.93
17807,2026-07-24,C0131,Boutique,Accessoires,Écharpe,Unique,2,24.9,30,34.86
17808,2026-07-25,C0054,Boutique,T-shirts,T-shirt basique,M,1,19.9,0,19.9
17809,2026-07-25,C0216,Boutique,T-shirts,T-shirt basique,L,1,19.9,0,19.9
17809,2026-07-25,C0216,Boutique,T-shirts,T-shirt oversize,M,1,29.9,0,29.9
17809,2026-07-25,C0216,Boutique,Accessoires,Bonnet,Unique,1,17.9,0,17.9
17810,2026-07-25,C0662,En ligne,T-shirts,T-shirt imprimé,XL,1,24.9,30,17.43
17811,2026-07-25,C0728,En ligne,Pantalons,Jean slim,M,1,54.9,0,54.9
17811,2026-07-25,C0728,En ligne,Chaussures,Baskets blanches,40,1,89.9,30,62.93
17812,2026-07-25,C0120,En ligne,Chaussures,Sneakers running,44,1,99.9,0,99.9
17812,2026-07-25,C0120,En ligne,T-shirts,T-shirt basique,S,2,19.9,0,39.8
17813,2026-07-25,C0704,Boutique,Accessoires,Sac banane,Unique,1,34.9,30,24.43
17813,2026-07-25,C0704,Boutique,Pantalons,Jogging,S,1,34.9,0,34.9
17813,2026-07-25,C0704,Boutique,T-shirts,T-shirt imprimé,S,1,24.9,30,17.43
17814,2026-07-25,C0691,Boutique,T-shirts,T-shirt basique,M,1,19.9,30,13.93
17815,2026-07-25,C0012,Boutique,Chaussures,Baskets blanches,39,1,89.9,30,62.93
17816,2026-07-25,C0671,En ligne,T-shirts,T-shirt imprimé,M,1,24.9,30,17.43
17816,2026-07-25,C0671,En ligne,Accessoires,Ceinture,Unique,1,29.9,30,20.93
17816,2026-07-25,C0671,En ligne,T-shirts,T-shirt imprimé,M,1,24.9,30,17.43
17817,2026-07-25,C0035,En ligne,T-shirts,T-shirt basique,XL,1,19.9,0,19.9
17818,2026-07-25,C0097,Boutique,T-shirts,T-shirt oversize,L,2,29.9,30,41.86
17819,2026-07-25,C0096,Boutique,Pulls & sweats,Pull en laine,M,1,59.9,0,59.9
17819,2026-07-25,C0096,Boutique,Chaussures,Baskets blanches,44,1,89.9,30,62.93
17820,2026-07-25,C0020,Boutique,Pantalons,Pantalon cargo,M,1,49.9,30,34.93
17821,2026-07-25,C0709,Boutique,Pantalons,Jean droit,S,2,59.9,0,119.8
17821,2026-07-25,C0709,Boutique,T-shirts,T-shirt oversize,S,1,29.9,30,20.93
17822,2026-07-25,C0113,Boutique,Accessoires,Casquette,Unique,1,19.9,30,13.93
17822,2026-07-25,C0113,Boutique,Accessoires,Ceinture,Unique,2,29.9,0,59.8
17823,2026-07-25,C0666,En ligne,Chaussures,Sneakers running,43,1,99.9,0,99.9
17824,2026-07-25,C0363,Boutique,Pantalons,Jean slim,S,1,54.9,30,38.43
17824,2026-07-25,C0363,Boutique,Pulls & sweats,Sweat col rond,L,1,39.9,30,27.93
17824,2026-07-25,C0363,Boutique,T-shirts,T-shirt basique,L,1,19.9,30,13.93
17825,2026-07-25,C0251,Boutique,Pulls & sweats,Sweat à capuche,XS,1,49.9,30,34.93
17826,2026-07-25,C0005,Boutique,Pantalons,Jean droit,M,1,59.9,0,59.9
17827,2026-07-25,C0097,En ligne,Accessoires,Ceinture,Unique,1,29.9,0,29.9
17828,2026-07-25,C0817,En ligne,Accessoires,Écharpe,Unique,1,24.9,30,17.43
17828,2026-07-25,C0817,En ligne,Chaussures,Sneakers running,44,2,99.9,0,199.8
17829,2026-07-25,C0897,En ligne,T-shirts,T-shirt basique,S,1,19.9,30,13.93
17829,2026-07-25,C0897,En ligne,Pulls & sweats,Sweat col rond,S,2,39.9,30,55.86
17830,2026-07-25,C0043,Boutique,T-shirts,T-shirt basique,L,2,19.9,0,39.8
17831,2026-07-25,C0085,En ligne,T-shirts,T-shirt basique,S,2,19.9,0,39.8
17832,2026-07-25,C0899,En ligne,T-shirts,T-shirt oversize,XL,1,29.9,30,20.93
17832,2026-07-25,C0899,En ligne,T-shirts,T-shirt imprimé,L,1,24.9,0,24.9
17832,2026-07-25,C0899,En ligne,Pantalons,Jogging,M,1,34.9,30,24.43
17833,2026-07-25,C0440,En ligne,Accessoires,Casquette,Unique,1,19.9,0,19.9
17834,2026-07-25,C0044,En ligne,T-shirts,T-shirt oversize,XL,1,29.9,30,20.93
17835,2026-07-25,C0514,Boutique,T-shirts,T-shirt basique,L,1,19.9,30,13.93
17835,2026-07-25,C0514,Boutique,T-shirts,T-shirt oversize,M,1,29.9,0,29.9
17836,2026-07-25,C0686,En ligne,Pantalons,Jean slim,XL,1,54.9,30,38.43
17837,2026-07-25,C0769,Boutique,T-shirts,T-shirt imprimé,M,1,24.9,0,24.9
17838,2026-07-25,C0802,En ligne,Accessoires,Bonnet,Unique,1,17.9,0,17.9
17838,2026-07-25,C0802,En ligne,Accessoires,Écharpe,Unique,2,24.9,0,49.8
17838,2026-07-25,C0802,En ligne,T-shirts,T-shirt imprimé,S,1,24.9,0,24.9
17839,2026-07-25,C0105,Boutique,Pantalons,Jean droit,S,1,59.9,0,59.9
17840,2026-07-25,C0566,Boutique,T-shirts,T-shirt oversize,XL,1,29.9,0,29.9
17841,2026-07-25,C0083,En ligne,T-shirts,T-shirt basique,S,1,19.9,30,13.93
17842,2026-07-25,C0659,Boutique,T-shirts,T-shirt imprimé,S,1,24.9,30,17.43
17843,2026-07-25,C0518,Boutique,Pantalons,Pantalon cargo,M,1,49.9,0,49.9
17844,2026-07-27,C0189,En ligne,Pantalons,Jean droit,S,1,59.9,30,41.93
17845,2026-07-27,C0328,Boutique,Pantalons,Jean slim,M,1,54.9,30,38.43
17846,2026-07-27,C0725,Boutique,T-shirts,T-shirt basique,S,1,19.9,30,13.93
17847,2026-07-27,C0648,Boutique,Pantalons,Jogging,S,1,34.9,30,24.43
17848,2026-07-27,C0861,En ligne,T-shirts,T-shirt basique,M,1,19.9,30,13.93
17849,2026-07-27,C0022,En ligne,T-shirts,T-shirt imprimé,S,1,24.9,30,17.43
17849,2026-07-27,C0022,En ligne,Pantalons,Jean droit,M,1,59.9,30,41.93
17849,2026-07-27,C0022,En ligne,Accessoires,Sac banane,Unique,1,34.9,30,24.43
17850,2026-07-27,C0540,Boutique,Chaussures,Sneakers running,43,1,99.9,0,99.9
17851,2026-07-27,C0213,Boutique,T-shirts,T-shirt basique,S,1,19.9,0,19.9
17852,2026-07-27,C0025,En ligne,T-shirts,T-shirt basique,M,1,19.9,30,13.93
17853,2026-07-27,C0497,Boutique,Chaussures,Sneakers running,43,1,99.9,0,99.9
17854,2026-07-27,C0701,Boutique,T-shirts,T-shirt oversize,L,2,29.9,0,59.8
17854,2026-07-27,C0701,Boutique,T-shirts,T-shirt oversize,M,1,29.9,0,29.9
17854,2026-07-27,C0701,Boutique,Pantalons,Jean droit,XL,2,59.9,30,83.86
17855,2026-07-27,C0103,Boutique,T-shirts,T-shirt oversize,S,1,29.9,30,20.93
17856,2026-07-27,C0009,Boutique,Accessoires,Casquette,Unique,2,19.9,30,27.86
17857,2026-07-27,C0013,En ligne,Accessoires,Sac banane,Unique,1,34.9,0,34.9
17858,2026-07-27,C0490,Boutique,T-shirts,T-shirt oversize,M,2,29.9,0,59.8
17859,2026-07-27,C0054,En ligne,Chaussures,Sneakers running,42,1,99.9,0,99.9
17859,2026-07-27,C0054,En ligne,Accessoires,Ceinture,Unique,1,29.9,30,20.93
17860,2026-07-27,C0083,Boutique,Accessoires,Sac banane,Unique,1,34.9,0,34.9
17860,2026-07-27,C0083,Boutique,Chaussures,Bottines,43,1,109.9,30,76.93
17861,2026-07-27,C0059,Boutique,T-shirts,T-shirt basique,XS,1,19.9,0,19.9
17862,2026-07-27,C0684,Boutique,Chaussures,Bottines,40,1,109.9,30,76.93
17863,2026-07-27,C0011,Boutique,Chaussures,Sneakers running,43,1,99.9,30,69.93
17864,2026-07-27,C0074,Boutique,T-shirts,T-shirt oversize,S,2,29.9,30,41.86
17864,2026-07-27,C0074,Boutique,Pantalons,Jean droit,M,1,59.9,30,41.93
17865,2026-07-27,C0061,Boutique,Accessoires,Sac banane,Unique,1,34.9,30,24.43
17865,2026-07-27,C0061,Boutique,Pantalons,Pantalon cargo,S,1,49.9,30,34.93
17866,2026-07-27,C0051,Boutique,Pantalons,Jean slim,M,1,54.9,0,54.9
17866,2026-07-27,C0051,Boutique,Accessoires,Ceinture,Unique,1,29.9,0,29.9
17867,2026-07-27,C0608,Boutique,T-shirts,T-shirt imprimé,S,1,24.9,30,17.43
17868,2026-07-28,C0245,Boutique,T-shirts,T-shirt imprimé,M,1,24.9,30,17.43
17869,2026-07-28,C0661,Boutique,T-shirts,T-shirt oversize,M,1,29.9,30,20.93
17870,2026-07-28,C0378,Boutique,Pantalons,Jogging,L,1,34.9,0,34.9
17871,2026-07-28,C0037,En ligne,T-shirts,T-shirt imprimé,L,1,24.9,0,24.9
17871,2026-07-28,C0037,En ligne,Chaussures,Sneakers running,44,1,99.9,30,69.93
17872,2026-07-28,C0031,En ligne,Pantalons,Jean slim,M,1,54.9,0,54.9
17873,2026-07-28,C0102,Boutique,Pantalons,Jogging,L,1,34.9,30,24.43
17874,2026-07-29,C0078,Boutique,Accessoires,Sac banane,Unique,1,34.9,0,34.9
17874,2026-07-29,C0078,Boutique,Accessoires,Bonnet,Unique,1,17.9,30,12.53
17874,2026-07-29,C0078,Boutique,Pantalons,Jean slim,L,1,54.9,0,54.9
17875,2026-07-29,C0386,En ligne,T-shirts,T-shirt basique,XS,1,19.9,0,19.9
17875,2026-07-29,C0386,En ligne,T-shirts,T-shirt basique,M,2,19.9,30,27.86
17875,2026-07-29,C0386,En ligne,Accessoires,Ceinture,Unique,1,29.9,0,29.9
17876,2026-07-29,C0064,En ligne,Accessoires,Sac banane,Unique,1,34.9,0,34.9
17876,2026-07-29,C0064,En ligne,Vestes,Coupe-vent,M,1,64.9,0,64.9
17877,2026-07-29,C0075,Boutique,T-shirts,T-shirt basique,M,1,19.9,0,19.9
17877,2026-07-29,C0075,Boutique,Pantalons,Jean droit,L,1,59.9,0,59.9
17877,2026-07-29,C0075,Boutique,T-shirts,T-shirt oversize,XL,1,29.9,0,29.9
17878,2026-07-29,C0303,En ligne,Chaussures,Sneakers running,41,1,99.9,30,69.93
17879,2026-07-29,C0410,Boutique,Pulls & sweats,Pull en laine,L,1,59.9,30,41.93
17880,2026-07-29,C0546,Boutique,T-shirts,T-shirt imprimé,XL,1,24.9,0,24.9
17881,2026-07-29,C0526,Boutique,Accessoires,Casquette,Unique,1,19.9,30,13.93
17882,2026-07-29,C0068,Boutique,T-shirts,T-shirt imprimé,XL,1,24.9,0,24.9
17883,2026-07-29,C0038,En ligne,Accessoires,Casquette,Unique,1,19.9,30,13.93
17883,2026-07-29,C0038,En ligne,T-shirts,T-shirt basique,XL,1,19.9,30,13.93
17884,2026-07-29,C0153,Boutique,Pantalons,Jean droit,M,1,59.9,0,59.9
17884,2026-07-29,C0153,Boutique,Pantalons,Jogging,S,2,34.9,0,69.8
17885,2026-07-29,C0026,Boutique,Accessoires,Casquette,Unique,1,19.9,30,13.93
17886,2026-07-29,C0331,En ligne,T-shirts,T-shirt imprimé,S,1,24.9,30,17.43
17887,2026-07-29,C0761,Boutique,Pulls & sweats,Sweat col rond,S,1,39.9,30,27.93
17888,2026-07-30,C0445,Boutique,Accessoires,Sac banane,Unique,1,34.9,0,34.9
17888,2026-07-30,C0445,Boutique,Pantalons,Jean slim,XL,1,54.9,0,54.9
17889,2026-07-30,C0072,En ligne,Accessoires,Ceinture,Unique,1,29.9,0,29.9
17889,2026-07-30,C0072,En ligne,T-shirts,T-shirt oversize,M,1,29.9,0,29.9
17890,2026-07-30,C0340,En ligne,Chaussures,Bottines,41,1,109.9,30,76.93
17891,2026-07-30,C0096,En ligne,Chaussures,Baskets blanches,43,2,89.9,0,179.8
17892,2026-07-30,C0038,En ligne,Pulls & sweats,Pull en laine,S,2,59.9,0,119.8
17892,2026-07-30,C0038,En ligne,T-shirts,T-shirt imprimé,M,1,24.9,0,24.9
17893,2026-07-30,C0461,Boutique,Accessoires,Écharpe,Unique,1,24.9,30,17.43
17894,2026-07-30,C0760,En ligne,Accessoires,Bonnet,Unique,1,17.9,30,12.53
17895,2026-07-30,C0427,En ligne,T-shirts,T-shirt oversize,XS,1,29.9,0,29.9
17896,2026-07-30,C0223,Boutique,Chaussures,Bottines,39,1,109.9,30,76.93
17897,2026-07-30,C0100,En ligne,Accessoires,Écharpe,Unique,1,24.9,0,24.9
17898,2026-07-30,C0083,Boutique,T-shirts,T-shirt imprimé,S,1,24.9,0,24.9
17898,2026-07-30,C0083,Boutique,Vestes,Coupe-vent,S,1,64.9,0,64.9
17899,2026-07-30,C0833,Boutique,T-shirts,T-shirt basique,S,1,19.9,30,13.93
17900,2026-07-30,C0445,Boutique,Pantalons,Jogging,M,1,34.9,30,24.43
17901,2026-07-30,C0002,Boutique,Chaussures,Bottines,44,1,109.9,30,76.93
17902,2026-07-30,C0532,Boutique,T-shirts,T-shirt basique,XS,1,19.9,30,13.93
17902,2026-07-30,C0532,Boutique,T-shirts,T-shirt basique,XL,1,19.9,30,13.93
17902,2026-07-30,C0532,Boutique,Accessoires,Bonnet,Unique,1,17.9,0,17.9
17903,2026-07-30,C0110,Boutique,Pantalons,Jean slim,S,1,54.9,0,54.9
17903,2026-07-30,C0110,Boutique,Pantalons,Jean droit,XS,1,59.9,30,41.93
17904,2026-07-30,C0104,Boutique,T-shirts,T-shirt basique,XL,1,19.9,0,19.9
17905,2026-07-30,C0029,Boutique,Pantalons,Jean slim,XL,1,54.9,30,38.43
17906,2026-07-30,C0091,Boutique,Pantalons,Jean droit,S,2,59.9,0,119.8
17907,2026-07-30,C0048,Boutique,T-shirts,T-shirt imprimé,S,1,24.9,30,17.43
17907,2026-07-30,C0048,Boutique,Accessoires,Écharpe,Unique,2,24.9,30,34.86
17907,2026-07-30,C0048,Boutique,T-shirts,T-shirt imprimé,S,1,24.9,30,17.43
17908,2026-07-30,C0004,Boutique,T-shirts,T-shirt imprimé,XL,1,24.9,0,24.9
17909,2026-07-30,C0445,Boutique,Chaussures,Sneakers running,41,1,99.9,0,99.9
17909,2026-07-30,C0445,Boutique,Chaussures,Baskets blanches,43,1,89.9,30,62.93
17910,2026-07-30,C0045,En ligne,T-shirts,T-shirt imprimé,L,1,24.9,30,17.43
17910,2026-07-30,C0045,En ligne,Pantalons,Jean slim,L,1,54.9,0,54.9
17911,2026-07-30,C0126,Boutique,T-shirts,T-shirt basique,S,1,19.9,0,19.9
17911,2026-07-30,C0126,Boutique,T-shirts,T-shirt imprimé,M,1,24.9,0,24.9
17911,2026-07-30,C0126,Boutique,Accessoires,Casquette,Unique,1,19.9,30,13.93
17912,2026-07-30,C0734,Boutique,Chaussures,Sneakers running,40,2,99.9,0,199.8
17913,2026-07-30,C0495,En ligne,Accessoires,Sac banane,Unique,1,34.9,30,24.43
17914,2026-07-31,C0091,En ligne,T-shirts,T-shirt oversize,S,1,29.9,30,20.93
17915,2026-07-31,C0687,Boutique,Pantalons,Jean droit,M,1,59.9,30,41.93
17915,2026-07-31,C0687,Boutique,Chaussures,Sneakers running,41,1,99.9,0,99.9
17916,2026-07-31,C0396,En ligne,Pantalons,Jogging,L,1,34.9,0,34.9
17917,2026-07-31,C0106,Boutique,Accessoires,Ceinture,Unique,1,29.9,30,20.93
17917,2026-07-31,C0106,Boutique,Accessoires,Sac banane,Unique,2,34.9,0,69.8
17918,2026-07-31,C0061,Boutique,Pantalons,Jogging,XL,1,34.9,0,34.9
17919,2026-07-31,C0701,Boutique,Pantalons,Pantalon cargo,L,1,49.9,30,34.93
17920,2026-07-31,C0566,Boutique,Pantalons,Pantalon cargo,M,1,49.9,0,49.9
17920,2026-07-31,C0566,Boutique,Accessoires,Sac banane,Unique,1,34.9,30,24.43
17921,2026-07-31,C0021,En ligne,Chaussures,Sneakers running,39,1,99.9,30,69.93
17922,2026-07-31,C0227,Boutique,T-shirts,T-shirt oversize,L,1,29.9,30,20.93
17923,2026-07-31,C0093,Boutique,Accessoires,Casquette,Unique,1,19.9,30,13.93
17923,2026-07-31,C0093,Boutique,Accessoires,Casquette,Unique,1,19.9,30,13.93
17924,2026-07-31,C0421,En ligne,Accessoires,Bonnet,Unique,1,17.9,30,12.53
17924,2026-07-31,C0421,En ligne,T-shirts,T-shirt oversize,XL,1,29.9,30,20.93
17924,2026-07-31,C0421,En ligne,Chaussures,Sneakers running,43,1,99.9,0,99.9
17925,2026-07-31,C0748,En ligne,Chaussures,Baskets blanches,39,1,89.9,30,62.93
17926,2026-07-31,C0683,En ligne,T-shirts,T-shirt oversize,L,2,29.9,30,41.86
17927,2026-07-31,C0756,Boutique,T-shirts,T-shirt oversize,XS,1,29.9,30,20.93
17927,2026-07-31,C0756,Boutique,Vestes,Coupe-vent,S,2,64.9,0,129.8
17927,2026-07-31,C0756,Boutique,Pulls & sweats,Sweat à capuche,XS,1,49.9,30,34.93
17928,2026-07-31,C0069,Boutique,T-shirts,T-shirt imprimé,S,1,24.9,0,24.9
17928,2026-07-31,C0069,Boutique,Chaussures,Bottines,44,1,109.9,0,109.9
17928,2026-07-31,C0069,Boutique,Pantalons,Jean slim,M,1,54.9,30,38.43
17929,2026-07-31,C0010,Boutique,Chaussures,Bottines,41,1,109.9,30,76.93
17930,2026-07-31,C0730,Boutique,Accessoires,Casquette,Unique,1,19.9,0,19.9
17931,2026-07-31,C0042,Boutique,Pantalons,Jean slim,S,1,54.9,0,54.9
17931,2026-07-31,C0042,Boutique,Pantalons,Pantalon cargo,S,1,49.9,0,49.9
17932,2026-07-31,C0107,En ligne,Chaussures,Bottines,39,1,109.9,0,109.9
17932,2026-07-31,C0107,En ligne,T-shirts,T-shirt basique,S,1,19.9,30,13.93
17933,2026-08-01,C0087,En ligne,Accessoires,Casquette,Unique,1,19.9,0,19.9
17933,2026-08-01,C0087,En ligne,T-shirts,T-shirt imprimé,L,1,24.9,0,24.9
17934,2026-08-01,C0069,Boutique,Accessoires,Bonnet,Unique,1,17.9,0,17.9
17935,2026-08-01,C0052,En ligne,Pantalons,Pantalon cargo,S,2,49.9,0,99.8
17936,2026-08-01,C0100,Boutique,Pantalons,Jean slim,XS,1,54.9,0,54.9
17937,2026-08-01,C0019,Boutique,Accessoires,Écharpe,Unique,1,24.9,0,24.9
17938,2026-08-01,C0752,En ligne,T-shirts,T-shirt oversize,L,2,29.9,0,59.8
17939,2026-08-01,C0080,Boutique,T-shirts,T-shirt oversize,S,1,29.9,0,29.9
17940,2026-08-01,C0075,Boutique,T-shirts,T-shirt basique,M,1,19.9,0,19.9
17941,2026-08-01,C0011,En ligne,T-shirts,T-shirt basique,S,1,19.9,0,19.9
17942,2026-08-01,C0019,En ligne,Accessoires,Bonnet,Unique,1,17.9,0,17.9
17943,2026-08-01,C0463,En ligne,T-shirts,T-shirt oversize,XL,2,29.9,0,59.8
17944,2026-08-01,C0314,En ligne,T-shirts,T-shirt imprimé,L,1,24.9,0,24.9
17945,2026-08-01,C0427,Boutique,T-shirts,T-shirt basique,M,1,19.9,0,19.9
17946,2026-08-01,C0407,Boutique,Chaussures,Sneakers running,39,1,99.9,0,99.9
17947,2026-08-01,C0087,Boutique,Pantalons,Jogging,S,1,34.9,0,34.9
17947,2026-08-01,C0087,Boutique,T-shirts,T-shirt oversize,S,1,29.9,0,29.9
17948,2026-08-01,C0035,En ligne,T-shirts,T-shirt basique,M,1,19.9,0,19.9
17949,2026-08-03,C0105,En ligne,T-shirts,T-shirt basique,XL,1,19.9,0,19.9
17949,2026-08-03,C0105,En ligne,Chaussures,Baskets blanches,39,1,89.9,0,89.9
17949,2026-08-03,C0105,En ligne,T-shirts,T-shirt oversize,M,1,29.9,0,29.9
17950,2026-08-03,C0422,Boutique,Pulls & sweats,Sweat à capuche,L,2,49.9,0,99.8
17950,2026-08-03,C0422,Boutique,Chaussures,Sneakers running,40,1,99.9,0,99.9
17950,2026-08-03,C0422,Boutique,Pulls & sweats,Sweat à capuche,S,1,49.9,0,49.9
17951,2026-08-03,C0086,Boutique,Pulls & sweats,Sweat à capuche,S,2,49.9,0,99.8
17952,2026-08-03,C0111,En ligne,T-shirts,T-shirt oversize,XS,1,29.9,0,29.9
17952,2026-08-03,C0111,En ligne,Pantalons,Jean droit,L,1,59.9,0,59.9
17953,2026-08-03,C0662,Boutique,T-shirts,T-shirt oversize,L,1,29.9,0,29.9
17954,2026-08-03,C0001,Boutique,T-shirts,T-shirt imprimé,M,2,24.9,0,49.8
17955,2026-08-03,C0113,Boutique,Pantalons,Pantalon cargo,XS,1,49.9,0,49.9
17955,2026-08-03,C0113,Boutique,T-shirts,T-shirt basique,XS,1,19.9,0,19.9
17956,2026-08-03,C0499,Boutique,T-shirts,T-shirt imprimé,S,1,24.9,0,24.9
17957,2026-08-03,C0899,En ligne,Accessoires,Sac banane,Unique,1,34.9,0,34.9
17958,2026-08-03,C0056,Boutique,T-shirts,T-shirt oversize,S,1,29.9,0,29.9
17958,2026-08-03,C0056,Boutique,Accessoires,Bonnet,Unique,1,17.9,0,17.9
17959,2026-08-03,C0034,Boutique,Pantalons,Jogging,L,1,34.9,0,34.9
17959,2026-08-03,C0034,Boutique,Pantalons,Pantalon cargo,L,1,49.9,0,49.9
17960,2026-08-03,C0174,Boutique,Accessoires,Écharpe,Unique,1,24.9,0,24.9
17961,2026-08-03,C0020,Boutique,Pantalons,Jogging,XL,1,34.9,0,34.9
17962,2026-08-04,C0640,En ligne,T-shirts,T-shirt basique,S,1,19.9,0,19.9
17963,2026-08-04,C0480,En ligne,T-shirts,T-shirt oversize,M,1,29.9,0,29.9
17964,2026-08-04,C0492,Boutique,Vestes,Veste en jean,XL,1,79.9,0,79.9
17964,2026-08-04,C0492,Boutique,T-shirts,T-shirt imprimé,XL,1,24.9,0,24.9
17965,2026-08-04,C0799,Boutique,Pantalons,Jean droit,M,2,59.9,0,119.8
17965,2026-08-04,C0799,Boutique,Chaussures,Baskets blanches,43,1,89.9,0,89.9
17965,2026-08-04,C0799,Boutique,Chaussures,Sneakers running,41,1,99.9,0,99.9
17966,2026-08-04,C0634,En ligne,Accessoires,Ceinture,Unique,1,29.9,0,29.9
17967,2026-08-04,C0071,Boutique,T-shirts,T-shirt oversize,M,1,29.9,0,29.9
17968,2026-08-04,C0787,En ligne,Accessoires,Écharpe,Unique,1,24.9,0,24.9
17969,2026-08-04,C0066,Boutique,T-shirts,T-shirt oversize,M,1,29.9,0,29.9
17969,2026-08-04,C0066,Boutique,Accessoires,Ceinture,Unique,1,29.9,0,29.9
17970,2026-08-04,C0298,En ligne,Pantalons,Pantalon cargo,M,2,49.9,0,99.8
17970,2026-08-04,C0298,En ligne,Chaussures,Sneakers running,42,1,99.9,0,99.9
17971,2026-08-04,C0715,Boutique,Accessoires,Casquette,Unique,1,19.9,0,19.9
17972,2026-08-04,C0195,Boutique,Pulls & sweats,Pull en laine,M,1,59.9,0,59.9
17972,2026-08-04,C0195,Boutique,T-shirts,T-shirt basique,S,1,19.9,0,19.9
17973,2026-08-05,C0063,En ligne,Accessoires,Ceinture,Unique,1,29.9,0,29.9
17974,2026-08-05,C0105,En ligne,Pantalons,Jogging,S,1,34.9,0,34.9
17974,2026-08-05,C0105,En ligne,Pantalons,Jean droit,S,1,59.9,0,59.9
17975,2026-08-05,C0086,En ligne,T-shirts,T-shirt oversize,L,1,29.9,0,29.9
17976,2026-08-05,C0008,Boutique,Chaussures,Bottines,41,1,109.9,0,109.9
17977,2026-08-05,C0014,En ligne,T-shirts,T-shirt basique,M,1,19.9,0,19.9
17977,2026-08-05,C0014,En ligne,Pulls & sweats,Sweat à capuche,M,1,49.9,0,49.9
17977,2026-08-05,C0014,En ligne,Pantalons,Pantalon cargo,M,1,49.9,0,49.9
17978,2026-08-05,C0748,En ligne,Pantalons,Jean slim,M,1,54.9,0,54.9
17979,2026-08-05,C0572,Boutique,Pulls & sweats,Sweat à capuche,S,1,49.9,0,49.9
17980,2026-08-05,C0345,Boutique,T-shirts,T-shirt basique,M,1,19.9,0,19.9
17981,2026-08-05,C0023,En ligne,T-shirts,T-shirt oversize,XL,1,29.9,0,29.9
17982,2026-08-06,C0145,Boutique,Accessoires,Ceinture,Unique,1,29.9,0,29.9
17983,2026-08-06,C0007,En ligne,Pulls & sweats,Sweat col rond,L,1,39.9,0,39.9
17984,2026-08-06,C0818,Boutique,Accessoires,Sac banane,Unique,1,34.9,0,34.9
17985,2026-08-06,C0586,Boutique,Accessoires,Casquette,Unique,1,19.9,0,19.9
17986,2026-08-06,C0731,Boutique,Pantalons,Jean droit,S,1,59.9,0,59.9
17986,2026-08-06,C0731,Boutique,Accessoires,Sac banane,Unique,1,34.9,0,34.9
17987,2026-08-06,C0662,En ligne,Pantalons,Jogging,XL,1,34.9,0,34.9
17988,2026-08-06,C0102,En ligne,Pantalons,Jogging,S,1,34.9,0,34.9
17988,2026-08-06,C0102,En ligne,Accessoires,Bonnet,Unique,1,17.9,0,17.9
17989,2026-08-06,C0035,En ligne,Pantalons,Jogging,M,1,34.9,0,34.9
17990,2026-08-06,C0054,Boutique,T-shirts,T-shirt oversize,XS,1,29.9,0,29.9
17990,2026-08-06,C0054,Boutique,Accessoires,Écharpe,Unique,1,24.9,0,24.9
17991,2026-08-06,C0292,Boutique,T-shirts,T-shirt imprimé,M,1,24.9,0,24.9
17992,2026-08-06,C0104,En ligne,Accessoires,Casquette,Unique,1,19.9,0,19.9
17992,2026-08-06,C0104,En ligne,T-shirts,T-shirt oversize,S,1,29.9,0,29.9
17993,2026-08-06,C0026,Boutique,Accessoires,Casquette,Unique,2,19.9,0,39.8
17994,2026-08-06,C0008,En ligne,Pantalons,Jean slim,M,1,54.9,0,54.9
17995,2026-08-06,C0113,En ligne,Pantalons,Jean slim,XL,1,54.9,0,54.9
17996,2026-08-06,C0585,Boutique,Pantalons,Jean droit,M,2,59.9,0,119.8
17997,2026-08-07,C0540,En ligne,Pantalons,Jean droit,S,1,59.9,0,59.9
17998,2026-08-07,C0065,Boutique,Chaussures,Sneakers running,44,1,99.9,0,99.9
17998,2026-08-07,C0065,Boutique,Accessoires,Ceinture,Unique,1,29.9,0,29.9
17999,2026-08-07,C0347,Boutique,Pantalons,Pantalon cargo,S,2,49.9,0,99.8
18000,2026-08-07,C0795,Boutique,T-shirts,T-shirt oversize,S,1,29.9,0,29.9
18001,2026-08-07,C0593,Boutique,Accessoires,Écharpe,Unique,1,24.9,0,24.9
18001,2026-08-07,C0593,Boutique,T-shirts,T-shirt imprimé,L,1,24.9,0,24.9
18002,2026-08-07,C0027,Boutique,Pantalons,Jean droit,M,1,59.9,0,59.9
18002,2026-08-07,C0027,Boutique,Vestes,Coupe-vent,S,1,64.9,0,64.9
18002,2026-08-07,C0027,Boutique,Pulls & sweats,Pull en laine,M,1,59.9,0,59.9
18003,2026-08-07,C0119,En ligne,Vestes,Doudoune,L,1,119.9,0,119.9
18004,2026-08-07,C0742,Boutique,Accessoires,Sac banane,Unique,2,34.9,0,69.8
18005,2026-08-07,C0160,Boutique,Pantalons,Pantalon cargo,L,1,49.9,0,49.9
18006,2026-08-07,C0110,Boutique,Accessoires,Écharpe,Unique,1,24.9,0,24.9
18007,2026-08-07,C0787,Boutique,T-shirts,T-shirt imprimé,XS,1,24.9,0,24.9
18008,2026-08-07,C0471,En ligne,T-shirts,T-shirt imprimé,L,2,24.9,0,49.8
18009,2026-08-07,C0085,Boutique,Pulls & sweats,Sweat à capuche,M,1,49.9,0,49.9
18010,2026-08-07,C0416,En ligne,Chaussures,Baskets blanches,42,2,89.9,0,179.8
18010,2026-08-07,C0416,En ligne,Chaussures,Bottines,43,1,109.9,0,109.9
18011,2026-08-08,C0427,Boutique,Accessoires,Casquette,Unique,1,19.9,0,19.9
18012,2026-08-08,C0575,Boutique,T-shirts,T-shirt oversize,M,1,29.9,0,29.9
18013,2026-08-08,C0224,En ligne,T-shirts,T-shirt basique,M,1,19.9,0,19.9
18014,2026-08-08,C0106,Boutique,T-shirts,T-shirt oversize,S,2,29.9,0,59.8
18015,2026-08-08,C0828,En ligne,Pantalons,Jogging,XS,1,34.9,0,34.9
18015,2026-08-08,C0828,En ligne,Pantalons,Jogging,XL,1,34.9,0,34.9
18015,2026-08-08,C0828,En ligne,Accessoires,Bonnet,Unique,1,17.9,0,17.9
18016,2026-08-08,C0087,En ligne,T-shirts,T-shirt imprimé,M,1,24.9,0,24.9
18017,2026-08-08,C0014,En ligne,T-shirts,T-shirt imprimé,L,1,24.9,0,24.9
18018,2026-08-08,C0026,Boutique,T-shirts,T-shirt imprimé,L,1,24.9,0,24.9
18019,2026-08-08,C0841,Boutique,Pantalons,Jogging,S,2,34.9,0,69.8
18020,2026-08-08,C0078,En ligne,Accessoires,Ceinture,Unique,1,29.9,0,29.9
18020,2026-08-08,C0078,En ligne,T-shirts,T-shirt imprimé,M,1,24.9,0,24.9
18021,2026-08-08,C0070,Boutique,T-shirts,T-shirt basique,XL,1,19.9,0,19.9
18022,2026-08-08,C0102,Boutique,Accessoires,Bonnet,Unique,1,17.9,0,17.9
18023,2026-08-08,C0022,En ligne,Chaussures,Baskets blanches,41,2,89.9,0,179.8
18024,2026-08-08,C0147,En ligne,Chaussures,Bottines,41,2,109.9,0,219.8
18024,2026-08-08,C0147,En ligne,Accessoires,Bonnet,Unique,1,17.9,0,17.9
18025,2026-08-10,C0819,Boutique,T-shirts,T-shirt oversize,M,1,29.9,0,29.9
18026,2026-08-10,C0492,Boutique,Pantalons,Jean droit,M,1,59.9,0,59.9
18026,2026-08-10,C0492,Boutique,T-shirts,T-shirt imprimé,L,2,24.9,0,49.8
18027,2026-08-10,C0070,En ligne,Pantalons,Jogging,S,2,34.9,0,69.8
18028,2026-08-10,C0636,En ligne,Pantalons,Jean slim,M,1,54.9,0,54.9
18028,2026-08-10,C0636,En ligne,T-shirts,T-shirt oversize,L,1,29.9,0,29.9
18029,2026-08-10,C0022,Boutique,Chaussures,Baskets blanches,39,1,89.9,0,89.9
18029,2026-08-10,C0022,Boutique,Chaussures,Bottines,41,1,109.9,0,109.9
18030,2026-08-10,C0503,Boutique,Pantalons,Pantalon cargo,XL,1,49.9,0,49.9
18031,2026-08-11,C0712,Boutique,Pulls & sweats,Sweat col rond,S,1,39.9,0,39.9
18031,2026-08-11,C0712,Boutique,T-shirts,T-shirt basique,S,1,19.9,0,19.9
18032,2026-08-11,C0751,Boutique,Accessoires,Bonnet,Unique,1,17.9,0,17.9
18032,2026-08-11,C0751,Boutique,T-shirts,T-shirt basique,XS,1,19.9,0,19.9
18033,2026-08-11,C0024,Boutique,Accessoires,Casquette,Unique,1,19.9,0,19.9
18034,2026-08-11,C0005,En ligne,Pantalons,Jogging,XS,1,34.9,0,34.9
18035,2026-08-11,C0038,Boutique,Chaussures,Sneakers running,39,1,99.9,0,99.9
18036,2026-08-11,C0293,Boutique,T-shirts,T-shirt imprimé,S,1,24.9,0,24.9
18037,2026-08-11,C0426,Boutique,Pantalons,Pantalon cargo,M,1,49.9,0,49.9
18038,2026-08-11,C0090,En ligne,Pulls & sweats,Sweat col rond,S,1,39.9,0,39.9
18039,2026-08-11,C0374,En ligne,Accessoires,Écharpe,Unique,1,24.9,0,24.9
18039,2026-08-11,C0374,En ligne,T-shirts,T-shirt imprimé,S,1,24.9,0,24.9
18040,2026-08-11,C0101,Boutique,T-shirts,T-shirt oversize,S,1,29.9,0,29.9
18041,2026-08-11,C0077,Boutique,Accessoires,Sac banane,Unique,1,34.9,0,34.9
18042,2026-08-11,C0048,Boutique,Pantalons,Jogging,M,1,34.9,0,34.9
18043,2026-08-11,C0116,Boutique,T-shirts,T-shirt basique,XS,1,19.9,0,19.9
18043,2026-08-11,C0116,Boutique,Chaussures,Bottines,43,2,109.9,0,219.8
18044,2026-08-11,C0701,Boutique,T-shirts,T-shirt imprimé,M,1,24.9,0,24.9
18045,2026-08-11,C0066,En ligne,T-shirts,T-shirt basique,L,1,19.9,0,19.9
18046,2026-08-11,C0225,Boutique,Accessoires,Bonnet,Unique,1,17.9,0,17.9
18047,2026-08-11,C0018,En ligne,T-shirts,T-shirt basique,S,1,19.9,0,19.9
18047,2026-08-11,C0018,En ligne,Pulls & sweats,Sweat à capuche,M,1,49.9,0,49.9
18048,2026-08-11,C0306,Boutique,Pantalons,Jogging,XL,1,34.9,0,34.9
18049,2026-08-11,C0128,Boutique,Accessoires,Casquette,Unique,1,19.9,0,19.9
18049,2026-08-11,C0128,Boutique,Accessoires,Casquette,Unique,1,19.9,0,19.9
18050,2026-08-12,C0411,En ligne,Pantalons,Pantalon cargo,M,1,49.9,0,49.9
18051,2026-08-12,C0311,Boutique,Chaussures,Sneakers running,43,1,99.9,0,99.9
18052,2026-08-12,C0018,Boutique,T-shirts,T-shirt imprimé,M,1,24.9,0,24.9
18052,2026-08-12,C0018,Boutique,T-shirts,T-shirt imprimé,L,1,24.9,0,24.9
18053,2026-08-12,C0053,Boutique,T-shirts,T-shirt imprimé,XL,1,24.9,0,24.9
18053,2026-08-12,C0053,Boutique,Pantalons,Jean slim,L,1,54.9,0,54.9
18054,2026-08-12,C0120,Boutique,Accessoires,Ceinture,Unique,1,29.9,0,29.9
18054,2026-08-12,C0120,Boutique,Pantalons,Jean droit,M,1,59.9,0,59.9
18055,2026-08-12,C0316,Boutique,Vestes,Veste en jean,L,1,79.9,0,79.9
18055,2026-08-12,C0316,Boutique,Accessoires,Écharpe,Unique,1,24.9,0,24.9
18056,2026-08-12,C0225,En ligne,Accessoires,Écharpe,Unique,1,24.9,0,24.9
18057,2026-08-12,C0066,Boutique,Accessoires,Écharpe,Unique,1,24.9,0,24.9
18058,2026-08-12,C0085,Boutique,Accessoires,Bonnet,Unique,1,17.9,0,17.9
18058,2026-08-12,C0085,Boutique,T-shirts,T-shirt oversize,XL,1,29.9,0,29.9
18059,2026-08-12,C0025,Boutique,Pantalons,Pantalon cargo,XL,1,49.9,0,49.9
18059,2026-08-12,C0025,Boutique,Vestes,Doudoune,L,1,119.9,0,119.9
18059,2026-08-12,C0025,Boutique,Vestes,Coupe-vent,XS,1,64.9,0,64.9
18060,2026-08-12,C0240,Boutique,Accessoires,Bonnet,Unique,1,17.9,0,17.9
18060,2026-08-12,C0240,Boutique,Accessoires,Sac banane,Unique,1,34.9,0,34.9
18061,2026-08-12,C0001,Boutique,T-shirts,T-shirt basique,L,1,19.9,0,19.9
18061,2026-08-12,C0001,Boutique,T-shirts,T-shirt imprimé,XS,2,24.9,0,49.8
18062,2026-08-12,C0033,En ligne,Pantalons,Jogging,M,1,34.9,0,34.9
18063,2026-08-13,C0091,Boutique,Accessoires,Bonnet,Unique,1,17.9,0,17.9
18063,2026-08-13,C0091,Boutique,T-shirts,T-shirt imprimé,M,1,24.9,0,24.9
18063,2026-08-13,C0091,Boutique,Pulls & sweats,Sweat col rond,XL,1,39.9,0,39.9
18064,2026-08-13,C0091,Boutique,T-shirts,T-shirt basique,S,1,19.9,0,19.9
18065,2026-08-13,C0408,Boutique,Accessoires,Ceinture,Unique,1,29.9,0,29.9
18066,2026-08-13,C0062,Boutique,Pantalons,Pantalon cargo,L,1,49.9,0,49.9
18066,2026-08-13,C0062,Boutique,Chaussures,Bottines,39,1,109.9,0,109.9
18067,2026-08-13,C0365,En ligne,Pantalons,Jogging,M,1,34.9,0,34.9
18067,2026-08-13,C0365,En ligne,Vestes,Doudoune,L,1,119.9,0,119.9
18068,2026-08-13,C0126,Boutique,Chaussures,Bottines,39,1,109.9,0,109.9
18069,2026-08-13,C0046,En ligne,Chaussures,Bottines,41,1,109.9,0,109.9
18070,2026-08-13,C0108,Boutique,Pulls & sweats,Sweat col rond,M,1,39.9,0,39.9
18070,2026-08-13,C0108,Boutique,Accessoires,Ceinture,Unique,1,29.9,0,29.9
18071,2026-08-13,C0585,Boutique,Pantalons,Jean droit,XL,1,59.9,0,59.9
18072,2026-08-13,C0013,En ligne,Pantalons,Jogging,XS,1,34.9,0,34.9
18072,2026-08-13,C0013,En ligne,Accessoires,Ceinture,Unique,1,29.9,0,29.9
18073,2026-08-13,C0313,En ligne,Accessoires,Casquette,Unique,1,19.9,0,19.9
18074,2026-08-13,C0653,Boutique,Pantalons,Jean slim,L,2,54.9,0,109.8
18075,2026-08-13,C0628,Boutique,Chaussures,Bottines,44,1,109.9,0,109.9
18076,2026-08-13,C0636,En ligne,T-shirts,T-shirt basique,XL,2,19.9,0,39.8
18077,2026-08-13,C0106,Boutique,Pantalons,Jean droit,S,1,59.9,0,59.9
18078,2026-08-13,C0058,En ligne,Accessoires,Écharpe,Unique,2,24.9,0,49.8
18078,2026-08-13,C0058,En ligne,T-shirts,T-shirt basique,M,1,19.9,0,19.9
18079,2026-08-13,C0015,Boutique,Chaussures,Bottines,44,2,109.9,0,219.8
18079,2026-08-13,C0015,Boutique,Pantalons,Pantalon cargo,M,2,49.9,0,99.8
18079,2026-08-13,C0015,Boutique,Accessoires,Sac banane,Unique,1,34.9,0,34.9
18080,2026-08-13,C0444,En ligne,Pantalons,Pantalon cargo,S,1,49.9,0,49.9
18080,2026-08-13,C0444,En ligne,T-shirts,T-shirt oversize,L,1,29.9,0,29.9
18081,2026-08-13,C0226,En ligne,Pantalons,Pantalon cargo,M,1,49.9,0,49.9
18082,2026-08-14,C0041,Boutique,Pantalons,Jogging,M,1,34.9,0,34.9
18083,2026-08-14,C0238,Boutique,T-shirts,T-shirt oversize,S,1,29.9,0,29.9
18083,2026-08-14,C0238,Boutique,Chaussures,Sneakers running,41,1,99.9,0,99.9
18083,2026-08-14,C0238,Boutique,Vestes,Veste en jean,S,1,79.9,0,79.9
18084,2026-08-14,C0239,En ligne,Chaussures,Bottines,40,1,109.9,0,109.9
18085,2026-08-14,C0326,En ligne,Chaussures,Sneakers running,42,1,99.9,0,99.9
18086,2026-08-14,C0041,Boutique,T-shirts,T-shirt basique,S,1,19.9,0,19.9
18087,2026-08-14,C0389,Boutique,T-shirts,T-shirt imprimé,M,1,24.9,0,24.9
18088,2026-08-14,C0867,En ligne,T-shirts,T-shirt imprimé,S,1,24.9,0,24.9
18089,2026-08-14,C0049,Boutique,Pantalons,Jean droit,M,1,59.9,0,59.9
18090,2026-08-14,C0065,Boutique,T-shirts,T-shirt imprimé,L,1,24.9,0,24.9
18091,2026-08-15,C0080,Boutique,Pantalons,Jean slim,M,1,54.9,0,54.9
18091,2026-08-15,C0080,Boutique,Accessoires,Ceinture,Unique,2,29.9,0,59.8
18092,2026-08-15,C0372,En ligne,Chaussures,Sneakers running,42,2,99.9,0,199.8
18092,2026-08-15,C0372,En ligne,T-shirts,T-shirt oversize,XS,1,29.9,0,29.9
18093,2026-08-15,C0028,Boutique,T-shirts,T-shirt basique,M,1,19.9,0,19.9
18094,2026-08-15,C0014,En ligne,Pantalons,Pantalon cargo,L,1,49.9,0,49.9
18095,2026-08-15,C0035,En ligne,T-shirts,T-shirt oversize,M,2,29.9,0,59.8
18096,2026-08-15,C0099,En ligne,T-shirts,T-shirt basique,L,1,19.9,0,19.9
18097,2026-08-15,C0257,En ligne,Pantalons,Jean droit,XL,1,59.9,0,59.9
18097,2026-08-15,C0257,En ligne,T-shirts,T-shirt basique,S,1,19.9,0,19.9
18098,2026-08-15,C0270,Boutique,T-shirts,T-shirt imprimé,XS,1,24.9,0,24.9
18099,2026-08-15,C0042,Boutique,Pulls & sweats,Sweat col rond,M,1,39.9,0,39.9
18100,2026-08-15,C0014,Boutique,T-shirts,T-shirt oversize,XL,2,29.9,0,59.8
18101,2026-08-15,C0845,Boutique,T-shirts,T-shirt imprimé,S,1,24.9,0,24.9
18102,2026-08-15,C0625,Boutique,T-shirts,T-shirt imprimé,L,1,24.9,0,24.9
18103,2026-08-15,C0552,Boutique,T-shirts,T-shirt basique,M,1,19.9,0,19.9
18103,2026-08-15,C0552,Boutique,Chaussures,Bottines,39,1,109.9,0,109.9
18104,2026-08-15,C0044,En ligne,Chaussures,Baskets blanches,42,2,89.9,0,179.8
18105,2026-08-15,C0102,Boutique,Chaussures,Baskets blanches,40,1,89.9,0,89.9
18106,2026-08-15,C0565,En ligne,Accessoires,Casquette,Unique,1,19.9,0,19.9
18106,2026-08-15,C0565,En ligne,Chaussures,Bottines,44,1,109.9,0,109.9
18107,2026-08-15,C0254,En ligne,T-shirts,T-shirt oversize,M,1,29.9,0,29.9
18107,2026-08-15,C0254,En ligne,Pulls & sweats,Sweat à capuche,L,1,49.9,0,49.9
18108,2026-08-15,C0805,En ligne,Pulls & sweats,Sweat col rond,M,1,39.9,0,39.9
18108,2026-08-15,C0805,En ligne,T-shirts,T-shirt basique,XS,2,19.9,0,39.8
18109,2026-08-15,C0626,En ligne,Pantalons,Pantalon cargo,S,1,49.9,0,49.9
18110,2026-08-15,C0004,Boutique,T-shirts,T-shirt oversize,S,1,29.9,0,29.9
18111,2026-08-15,C0181,Boutique,T-shirts,T-shirt basique,M,1,19.9,0,19.9
18112,2026-08-17,C0035,Boutique,Accessoires,Sac banane,Unique,1,34.9,0,34.9
18113,2026-08-17,C0303,En ligne,Chaussures,Baskets blanches,40,1,89.9,0,89.9
18114,2026-08-17,C0094,Boutique,Pantalons,Jogging,S,1,34.9,0,34.9
18114,2026-08-17,C0094,Boutique,T-shirts,T-shirt oversize,XL,2,29.9,0,59.8
18115,2026-08-17,C0091,En ligne,Pantalons,Jean droit,S,1,59.9,0,59.9
18116,2026-08-17,C0037,Boutique,Accessoires,Ceinture,Unique,1,29.9,0,29.9
18117,2026-08-17,C0239,Boutique,Chaussures,Bottines,39,2,109.9,0,219.8
18117,2026-08-17,C0239,Boutique,Accessoires,Écharpe,Unique,2,24.9,0,49.8
18117,2026-08-17,C0239,Boutique,Pantalons,Jogging,S,1,34.9,0,34.9
18118,2026-08-17,C0007,Boutique,Pantalons,Jogging,L,1,34.9,0,34.9
18119,2026-08-17,C0754,Boutique,T-shirts,T-shirt imprimé,L,1,24.9,0,24.9
18120,2026-08-17,C0778,En ligne,T-shirts,T-shirt basique,S,1,19.9,0,19.9
18121,2026-08-17,C0100,En ligne,Chaussures,Baskets blanches,43,1,89.9,0,89.9
18121,2026-08-17,C0100,En ligne,Accessoires,Écharpe,Unique,1,24.9,0,24.9
18122,2026-08-17,C0050,Boutique,Chaussures,Bottines,41,1,109.9,0,109.9
18123,2026-08-17,C0816,En ligne,Accessoires,Ceinture,Unique,1,29.9,0,29.9
18123,2026-08-17,C0816,En ligne,Accessoires,Bonnet,Unique,2,17.9,0,35.8
18124,2026-08-17,C0195,En ligne,T-shirts,T-shirt basique,S,1,19.9,0,19.9
18125,2026-08-17,C0026,En ligne,T-shirts,T-shirt basique,M,1,19.9,0,19.9
18125,2026-08-17,C0026,En ligne,Pantalons,Jean slim,XS,1,54.9,0,54.9
18126,2026-08-17,C0039,En ligne,Accessoires,Bonnet,Unique,1,17.9,0,17.9
18127,2026-08-18,C0513,En ligne,T-shirts,T-shirt basique,M,1,19.9,0,19.9
18128,2026-08-18,C0003,En ligne,Accessoires,Écharpe,Unique,1,24.9,0,24.9
18128,2026-08-18,C0003,En ligne,Accessoires,Ceinture,Unique,2,29.9,0,59.8
18128,2026-08-18,C0003,En ligne,Accessoires,Bonnet,Unique,1,17.9,0,17.9
18129,2026-08-18,C0345,Boutique,T-shirts,T-shirt oversize,S,1,29.9,0,29.9
18130,2026-08-18,C0509,En ligne,Pulls & sweats,Sweat col rond,L,1,39.9,0,39.9
18131,2026-08-18,C0766,Boutique,Pantalons,Jean slim,XL,2,54.9,0,109.8
18131,2026-08-18,C0766,Boutique,T-shirts,T-shirt oversize,M,1,29.9,0,29.9
18132,2026-08-18,C0019,En ligne,Chaussures,Bottines,39,1,109.9,0,109.9
18132,2026-08-18,C0019,En ligne,Pantalons,Pantalon cargo,L,1,49.9,0,49.9
18133,2026-08-18,C0098,Boutique,Pantalons,Jogging,M,2,34.9,0,69.8
18133,2026-08-18,C0098,Boutique,Chaussures,Bottines,42,1,109.9,0,109.9
18134,2026-08-18,C0086,En ligne,T-shirts,T-shirt oversize,XL,1,29.9,0,29.9
18135,2026-08-18,C0008,Boutique,Chaussures,Bottines,41,1,109.9,0,109.9
18136,2026-08-18,C0857,En ligne,Pantalons,Pantalon cargo,S,2,49.9,0,99.8
18137,2026-08-18,C0296,Boutique,T-shirts,T-shirt imprimé,M,1,24.9,0,24.9
18138,2026-08-18,C0042,En ligne,Pulls & sweats,Sweat col rond,M,1,39.9,0,39.9
18138,2026-08-18,C0042,En ligne,Pantalons,Pantalon cargo,M,1,49.9,0,49.9
18139,2026-08-19,C0019,En ligne,T-shirts,T-shirt oversize,L,1,29.9,0,29.9
18140,2026-08-19,C0450,Boutique,T-shirts,T-shirt oversize,XS,1,29.9,0,29.9
18141,2026-08-19,C0535,Boutique,T-shirts,T-shirt oversize,M,1,29.9,0,29.9
18142,2026-08-19,C0048,Boutique,Accessoires,Casquette,Unique,1,19.9,0,19.9
18143,2026-08-19,C0437,Boutique,T-shirts,T-shirt oversize,L,1,29.9,0,29.9
18143,2026-08-19,C0437,Boutique,Pulls & sweats,Pull en laine,S,1,59.9,0,59.9
18143,2026-08-19,C0437,Boutique,T-shirts,T-shirt basique,M,1,19.9,0,19.9
18144,2026-08-19,C0318,En ligne,T-shirts,T-shirt oversize,M,1,29.9,0,29.9
18144,2026-08-19,C0318,En ligne,Pantalons,Jean droit,L,1,59.9,0,59.9
18145,2026-08-20,C0855,Boutique,T-shirts,T-shirt imprimé,M,1,24.9,0,24.9
18145,2026-08-20,C0855,Boutique,Accessoires,Bonnet,Unique,1,17.9,0,17.9
18146,2026-08-20,C0013,Boutique,Accessoires,Bonnet,Unique,1,17.9,0,17.9
18147,2026-08-20,C0640,Boutique,Pantalons,Jean droit,XL,2,59.9,0,119.8
18147,2026-08-20,C0640,Boutique,T-shirts,T-shirt oversize,M,1,29.9,0,29.9
18148,2026-08-20,C0350,Boutique,Pulls & sweats,Sweat col rond,L,2,39.9,0,79.8
18148,2026-08-20,C0350,Boutique,Pantalons,Jogging,S,1,34.9,0,34.9
18148,2026-08-20,C0350,Boutique,Vestes,Doudoune,L,1,119.9,0,119.9
18149,2026-08-20,C0068,Boutique,Chaussures,Sneakers running,41,1,99.9,0,99.9
18149,2026-08-20,C0068,Boutique,T-shirts,T-shirt imprimé,M,1,24.9,0,24.9
18149,2026-08-20,C0068,Boutique,T-shirts,T-shirt basique,M,1,19.9,0,19.9
18150,2026-08-20,C0370,Boutique,Accessoires,Casquette,Unique,1,19.9,0,19.9
18151,2026-08-20,C0141,Boutique,T-shirts,T-shirt basique,S,1,19.9,0,19.9
18152,2026-08-20,C0017,Boutique,Chaussures,Sneakers running,42,1,99.9,0,99.9
18153,2026-08-20,C0058,En ligne,Chaussures,Sneakers running,44,2,99.9,0,199.8
18153,2026-08-20,C0058,En ligne,T-shirts,T-shirt imprimé,XS,1,24.9,0,24.9
18154,2026-08-20,C0090,En ligne,T-shirts,T-shirt oversize,XS,1,29.9,0,29.9
18154,2026-08-20,C0090,En ligne,T-shirts,T-shirt oversize,M,1,29.9,0,29.9
18155,2026-08-20,C0114,Boutique,Chaussures,Bottines,43,1,109.9,0,109.9
18155,2026-08-20,C0114,Boutique,Accessoires,Casquette,Unique,1,19.9,0,19.9
18156,2026-08-20,C0014,Boutique,T-shirts,T-shirt imprimé,XL,1,24.9,0,24.9
18157,2026-08-21,C0705,En ligne,Pulls & sweats,Sweat à capuche,M,1,49.9,0,49.9
18158,2026-08-21,C0703,En ligne,Pantalons,Pantalon cargo,M,1,49.9,0,49.9
18159,2026-08-21,C0529,Boutique,T-shirts,T-shirt oversize,S,1,29.9,0,29.9
18160,2026-08-21,C0017,Boutique,Accessoires,Casquette,Unique,1,19.9,0,19.9
18161,2026-08-21,C0015,Boutique,T-shirts,T-shirt basique,XS,1,19.9,0,19.9
18161,2026-08-21,C0015,Boutique,Pantalons,Pantalon cargo,L,2,49.9,0,99.8
18162,2026-08-21,C0118,En ligne,Chaussures,Baskets blanches,39,1,89.9,0,89.9
18162,2026-08-21,C0118,En ligne,Accessoires,Sac banane,Unique,1,34.9,0,34.9
18163,2026-08-21,C0631,En ligne,Pantalons,Pantalon cargo,M,1,49.9,0,49.9
18163,2026-08-21,C0631,En ligne,Chaussures,Bottines,42,1,109.9,0,109.9
18164,2026-08-21,C0684,Boutique,T-shirts,T-shirt oversize,L,1,29.9,0,29.9
18164,2026-08-21,C0684,Boutique,Pulls & sweats,Sweat col rond,M,1,39.9,0,39.9
18165,2026-08-21,C0222,En ligne,Chaussures,Sneakers running,43,1,99.9,0,99.9
18166,2026-08-21,C0057,Boutique,Accessoires,Ceinture,Unique,1,29.9,0,29.9
18166,2026-08-21,C0057,Boutique,Accessoires,Écharpe,Unique,1,24.9,0,24.9
18167,2026-08-21,C0519,Boutique,Pantalons,Jean droit,M,2,59.9,0,119.8
18168,2026-08-21,C0101,En ligne,Accessoires,Écharpe,Unique,1,24.9,0,24.9
18168,2026-08-21,C0101,En ligne,T-shirts,T-shirt imprimé,L,2,24.9,0,49.8
18169,2026-08-21,C0549,En ligne,Accessoires,Bonnet,Unique,1,17.9,0,17.9
18170,2026-08-21,C0316,Boutique,Accessoires,Casquette,Unique,2,19.9,0,39.8
18170,2026-08-21,C0316,Boutique,T-shirts,T-shirt basique,M,2,19.9,0,39.8
18171,2026-08-22,C0096,Boutique,T-shirts,T-shirt basique,XL,2,19.9,0,39.8
18171,2026-08-22,C0096,Boutique,Chaussures,Sneakers running,40,1,99.9,0,99.9
18172,2026-08-22,C0096,Boutique,Chaussures,Sneakers running,44,1,99.9,0,99.9
18172,2026-08-22,C0096,Boutique,Pantalons,Jean droit,M,1,59.9,0,59.9
18173,2026-08-22,C0315,Boutique,T-shirts,T-shirt oversize,XL,1,29.9,0,29.9
18174,2026-08-22,C0323,Boutique,Chaussures,Baskets blanches,39,2,89.9,0,179.8
18175,2026-08-22,C0095,Boutique,Chaussures,Bottines,41,1,109.9,0,109.9
18175,2026-08-22,C0095,Boutique,Accessoires,Ceinture,Unique,1,29.9,0,29.9
18176,2026-08-22,C0095,En ligne,Accessoires,Sac banane,Unique,1,34.9,0,34.9
18176,2026-08-22,C0095,En ligne,T-shirts,T-shirt oversize,XS,1,29.9,0,29.9
18176,2026-08-22,C0095,En ligne,Accessoires,Bonnet,Unique,1,17.9,0,17.9
18177,2026-08-22,C0056,En ligne,T-shirts,T-shirt imprimé,XS,1,24.9,0,24.9
18177,2026-08-22,C0056,En ligne,Chaussures,Bottines,44,1,109.9,0,109.9
18178,2026-08-22,C0057,Boutique,T-shirts,T-shirt basique,M,1,19.9,0,19.9
18179,2026-08-22,C0360,Boutique,Accessoires,Sac banane,Unique,1,34.9,0,34.9
18180,2026-08-22,C0028,En ligne,T-shirts,T-shirt oversize,M,1,29.9,0,29.9
18181,2026-08-22,C0080,En ligne,T-shirts,T-shirt oversize,S,1,29.9,0,29.9
18182,2026-08-22,C0701,Boutique,Accessoires,Ceinture,Unique,1,29.9,0,29.9
18183,2026-08-22,C0078,En ligne,Pantalons,Jogging,S,1,34.9,0,34.9
18183,2026-08-22,C0078,En ligne,Accessoires,Casquette,Unique,1,19.9,0,19.9
18184,2026-08-22,C0390,Boutique,Vestes,Veste en jean,L,2,79.9,0,159.8
18184,2026-08-22,C0390,Boutique,Chaussures,Bottines,43,1,109.9,0,109.9
18185,2026-08-22,C0351,Boutique,T-shirts,T-shirt oversize,M,1,29.9,0,29.9
18186,2026-08-22,C0055,En ligne,Chaussures,Bottines,40,1,109.9,0,109.9
18186,2026-08-22,C0055,En ligne,Accessoires,Casquette,Unique,1,19.9,0,19.9
18187,2026-08-22,C0118,Boutique,T-shirts,T-shirt oversize,XL,1,29.9,0,29.9
18187,2026-08-22,C0118,Boutique,Pantalons,Jean slim,L,1,54.9,0,54.9
18187,2026-08-22,C0118,Boutique,Pantalons,Jean slim,S,2,54.9,0,109.8
18188,2026-08-22,C0029,Boutique,T-shirts,T-shirt basique,XL,1,19.9,0,19.9
18189,2026-08-22,C0101,Boutique,Chaussures,Sneakers running,43,1,99.9,0,99.9
18189,2026-08-22,C0101,Boutique,Pantalons,Jogging,M,1,34.9,0,34.9
18190,2026-08-22,C0159,Boutique,T-shirts,T-shirt oversize,L,1,29.9,0,29.9
18191,2026-08-24,C0096,Boutique,T-shirts,T-shirt basique,M,1,19.9,0,19.9
18192,2026-08-24,C0216,Boutique,Pantalons,Jean droit,XS,1,59.9,0,59.9
18192,2026-08-24,C0216,Boutique,T-shirts,T-shirt imprimé,S,1,24.9,0,24.9
18193,2026-08-24,C0607,Boutique,Accessoires,Écharpe,Unique,1,24.9,0,24.9
18193,2026-08-24,C0607,Boutique,Accessoires,Casquette,Unique,2,19.9,0,39.8
18194,2026-08-24,C0012,Boutique,T-shirts,T-shirt imprimé,M,2,24.9,0,49.8
18194,2026-08-24,C0012,Boutique,Accessoires,Bonnet,Unique,1,17.9,0,17.9
18194,2026-08-24,C0012,Boutique,T-shirts,T-shirt oversize,S,1,29.9,0,29.9
18195,2026-08-24,C0455,En ligne,Pantalons,Jean slim,XS,1,54.9,0,54.9
18196,2026-08-24,C0856,Boutique,Chaussures,Baskets blanches,39,1,89.9,0,89.9
18197,2026-08-24,C0003,Boutique,T-shirts,T-shirt imprimé,M,1,24.9,0,24.9
18198,2026-08-24,C0022,Boutique,Pantalons,Jean slim,M,2,54.9,0,109.8
18198,2026-08-24,C0022,Boutique,Chaussures,Bottines,42,1,109.9,0,109.9
18199,2026-08-24,C0622,En ligne,T-shirts,T-shirt basique,L,1,19.9,0,19.9
18200,2026-08-24,C0749,Boutique,Chaussures,Baskets blanches,42,1,89.9,0,89.9
18200,2026-08-24,C0749,Boutique,T-shirts,T-shirt imprimé,XL,2,24.9,0,49.8
18201,2026-08-24,C0259,Boutique,Vestes,Coupe-vent,XS,1,64.9,0,64.9
18202,2026-08-24,C0216,Boutique,T-shirts,T-shirt imprimé,M,2,24.9,0,49.8
18202,2026-08-24,C0216,Boutique,Pantalons,Jean slim,L,1,54.9,0,54.9
18203,2026-08-24,C0119,Boutique,T-shirts,T-shirt basique,M,1,19.9,0,19.9
18204,2026-08-24,C0045,Boutique,T-shirts,T-shirt imprimé,XL,1,24.9,0,24.9
18205,2026-08-24,C0098,Boutique,Accessoires,Bonnet,Unique,1,17.9,0,17.9
18206,2026-08-24,C0786,Boutique,T-shirts,T-shirt basique,M,1,19.9,0,19.9
18207,2026-08-24,C0106,En ligne,T-shirts,T-shirt oversize,L,1,29.9,0,29.9
18208,2026-08-25,C0079,En ligne,Chaussures,Sneakers running,44,1,99.9,0,99.9
18209,2026-08-25,C0229,Boutique,Accessoires,Bonnet,Unique,1,17.9,0,17.9
18209,2026-08-25,C0229,Boutique,T-shirts,T-shirt imprimé,S,1,24.9,0,24.9
18209,2026-08-25,C0229,Boutique,Pantalons,Jean droit,M,1,59.9,0,59.9
18210,2026-08-25,C0872,En ligne,Accessoires,Casquette,Unique,1,19.9,0,19.9
18210,2026-08-25,C0872,En ligne,Pantalons,Jean droit,S,2,59.9,0,119.8
18211,2026-08-25,C0499,En ligne,Accessoires,Écharpe,Unique,1,24.9,0,24.9
18212,2026-08-25,C0041,Boutique,Pulls & sweats,Sweat col rond,S,1,39.9,0,39.9
18213,2026-08-25,C0085,Boutique,Pantalons,Jogging,L,1,34.9,0,34.9
18214,2026-08-25,C0128,Boutique,Accessoires,Écharpe,Unique,1,24.9,0,24.9
18215,2026-08-25,C0145,Boutique,T-shirts,T-shirt basique,M,1,19.9,0,19.9
18216,2026-08-25,C0119,Boutique,T-shirts,T-shirt oversize,L,1,29.9,0,29.9
18216,2026-08-25,C0119,Boutique,Pantalons,Pantalon cargo,S,1,49.9,0,49.9
18216,2026-08-25,C0119,Boutique,T-shirts,T-shirt basique,S,2,19.9,0,39.8
18217,2026-08-25,C0106,En ligne,Chaussures,Bottines,44,1,109.9,0,109.9
18217,2026-08-25,C0106,En ligne,Chaussures,Baskets blanches,41,1,89.9,0,89.9
18218,2026-08-25,C0118,Boutique,Vestes,Veste en jean,S,2,79.9,0,159.8
18219,2026-08-25,C0016,Boutique,Pantalons,Jean droit,S,2,59.9,0,119.8
18219,2026-08-25,C0016,Boutique,Accessoires,Casquette,Unique,1,19.9,0,19.9
18219,2026-08-25,C0016,Boutique,T-shirts,T-shirt imprimé,L,1,24.9,0,24.9
18220,2026-08-26,C0676,Boutique,Chaussures,Baskets blanches,42,2,89.9,0,179.8
18221,2026-08-26,C0003,En ligne,Accessoires,Écharpe,Unique,1,24.9,0,24.9
18221,2026-08-26,C0003,En ligne,T-shirts,T-shirt oversize,S,2,29.9,0,59.8
18222,2026-08-26,C0098,En ligne,T-shirts,T-shirt basique,XL,1,19.9,0,19.9
18223,2026-08-26,C0108,Boutique,Pantalons,Jean droit,L,1,59.9,0,59.9
18223,2026-08-26,C0108,Boutique,T-shirts,T-shirt oversize,M,1,29.9,0,29.9
18223,2026-08-26,C0108,Boutique,Pulls & sweats,Pull en laine,XL,1,59.9,0,59.9
18224,2026-08-26,C0325,Boutique,Pantalons,Pantalon cargo,L,2,49.9,0,99.8
18224,2026-08-26,C0325,Boutique,Accessoires,Ceinture,Unique,1,29.9,0,29.9
18225,2026-08-26,C0114,Boutique,T-shirts,T-shirt oversize,M,2,29.9,0,59.8
18225,2026-08-26,C0114,Boutique,Chaussures,Bottines,39,1,109.9,0,109.9
18226,2026-08-26,C0079,Boutique,Chaussures,Sneakers running,40,2,99.9,0,199.8
18226,2026-08-26,C0079,Boutique,T-shirts,T-shirt oversize,XS,1,29.9,0,29.9
18227,2026-08-26,C0515,Boutique,T-shirts,T-shirt oversize,S,1,29.9,0,29.9
18228,2026-08-26,C0023,En ligne,Chaussures,Sneakers running,43,1,99.9,0,99.9
18229,2026-08-26,C0600,Boutique,T-shirts,T-shirt oversize,L,2,29.9,0,59.8
18230,2026-08-26,C0053,Boutique,Accessoires,Sac banane,Unique,1,34.9,0,34.9
18230,2026-08-26,C0053,Boutique,Pulls & sweats,Pull en laine,XL,1,59.9,0,59.9
18231,2026-08-26,C0034,En ligne,T-shirts,T-shirt basique,L,1,19.9,0,19.9
18231,2026-08-26,C0034,En ligne,Vestes,Veste en jean,M,1,79.9,0,79.9
18232,2026-08-26,C0014,Boutique,T-shirts,T-shirt oversize,M,1,29.9,0,29.9
18233,2026-08-26,C0056,En ligne,Accessoires,Bonnet,Unique,2,17.9,0,35.8
18233,2026-08-26,C0056,En ligne,Pantalons,Jean slim,M,1,54.9,0,54.9
18234,2026-08-26,C0056,En ligne,Chaussures,Bottines,44,1,109.9,0,109.9
18235,2026-08-27,C0584,Boutique,Accessoires,Casquette,Unique,1,19.9,0,19.9
18236,2026-08-27,C0150,En ligne,Pulls & sweats,Pull en laine,S,1,59.9,0,59.9
18236,2026-08-27,C0150,En ligne,T-shirts,T-shirt oversize,XL,2,29.9,0,59.8
18237,2026-08-27,C0481,Boutique,Chaussures,Baskets blanches,41,2,89.9,0,179.8
18238,2026-08-27,C0054,En ligne,Accessoires,Écharpe,Unique,1,24.9,0,24.9
18238,2026-08-27,C0054,En ligne,T-shirts,T-shirt imprimé,L,1,24.9,0,24.9
18239,2026-08-27,C0829,En ligne,Accessoires,Casquette,Unique,1,19.9,0,19.9
18240,2026-08-27,C0035,Boutique,Accessoires,Casquette,Unique,1,19.9,0,19.9
18240,2026-08-27,C0035,Boutique,T-shirts,T-shirt imprimé,XL,1,24.9,0,24.9
18240,2026-08-27,C0035,Boutique,Pulls & sweats,Sweat col rond,S,1,39.9,0,39.9
18241,2026-08-27,C0110,Boutique,T-shirts,T-shirt oversize,S,1,29.9,0,29.9
18242,2026-08-27,C0900,Boutique,Accessoires,Casquette,Unique,1,19.9,0,19.9
18243,2026-08-27,C0536,En ligne,Pantalons,Jogging,XL,1,34.9,0,34.9
18243,2026-08-27,C0536,En ligne,Vestes,Coupe-vent,M,1,64.9,0,64.9
18244,2026-08-27,C0189,Boutique,Pulls & sweats,Sweat col rond,M,1,39.9,0,39.9
18245,2026-08-27,C0659,Boutique,T-shirts,T-shirt imprimé,L,1,24.9,0,24.9
18246,2026-08-28,C0416,En ligne,Pantalons,Jogging,L,2,34.9,0,69.8
18247,2026-08-28,C0752,En ligne,T-shirts,T-shirt imprimé,L,1,24.9,0,24.9
18248,2026-08-28,C0122,Boutique,Vestes,Coupe-vent,M,1,64.9,0,64.9
18249,2026-08-28,C0096,En ligne,Accessoires,Sac banane,Unique,1,34.9,0,34.9
18249,2026-08-28,C0096,En ligne,Accessoires,Sac banane,Unique,2,34.9,0,69.8
18249,2026-08-28,C0096,En ligne,T-shirts,T-shirt oversize,M,1,29.9,0,29.9
18250,2026-08-28,C0659,Boutique,T-shirts,T-shirt oversize,M,1,29.9,0,29.9
18250,2026-08-28,C0659,Boutique,T-shirts,T-shirt basique,L,1,19.9,0,19.9
18251,2026-08-28,C0002,En ligne,Chaussures,Bottines,40,1,109.9,0,109.9
18252,2026-08-28,C0088,En ligne,Accessoires,Ceinture,Unique,1,29.9,0,29.9
18252,2026-08-28,C0088,En ligne,Pantalons,Jean droit,L,2,59.9,0,119.8
18253,2026-08-28,C0076,En ligne,Accessoires,Sac banane,Unique,1,34.9,0,34.9
18253,2026-08-28,C0076,En ligne,Chaussures,Baskets blanches,44,1,89.9,0,89.9
18253,2026-08-28,C0076,En ligne,T-shirts,T-shirt oversize,L,1,29.9,0,29.9
18254,2026-08-28,C0794,Boutique,Vestes,Veste en jean,M,1,79.9,0,79.9
18254,2026-08-28,C0794,Boutique,Pantalons,Jean slim,L,1,54.9,0,54.9
18255,2026-08-28,C0508,En ligne,T-shirts,T-shirt imprimé,L,1,24.9,0,24.9
18256,2026-08-28,C0031,Boutique,T-shirts,T-shirt oversize,L,1,29.9,0,29.9
18257,2026-08-28,C0488,Boutique,T-shirts,T-shirt imprimé,S,1,24.9,0,24.9
18258,2026-08-28,C0644,Boutique,T-shirts,T-shirt oversize,L,1,29.9,0,29.9
18258,2026-08-28,C0644,Boutique,Pantalons,Jean droit,L,1,59.9,0,59.9
18259,2026-08-28,C0039,En ligne,Accessoires,Sac banane,Unique,1,34.9,0,34.9
18260,2026-08-28,C0038,Boutique,Chaussures,Bottines,39,1,109.9,0,109.9
18260,2026-08-28,C0038,Boutique,Accessoires,Ceinture,Unique,1,29.9,0,29.9
18261,2026-08-29,C0069,Boutique,T-shirts,T-shirt basique,M,1,19.9,0,19.9
18262,2026-08-29,C0005,Boutique,Chaussures,Sneakers running,41,1,99.9,0,99.9
18263,2026-08-29,C0763,En ligne,T-shirts,T-shirt imprimé,L,1,24.9,0,24.9
18263,2026-08-29,C0763,En ligne,T-shirts,T-shirt basique,XS,2,19.9,0,39.8
18264,2026-08-29,C0717,Boutique,T-shirts,T-shirt basique,M,1,19.9,0,19.9
18265,2026-08-29,C0225,En ligne,T-shirts,T-shirt oversize,M,1,29.9,0,29.9
18266,2026-08-29,C0081,Boutique,T-shirts,T-shirt oversize,L,1,29.9,0,29.9
18267,2026-08-29,C0729,En ligne,Pantalons,Jean slim,M,2,54.9,0,109.8
18268,2026-08-29,C0024,En ligne,T-shirts,T-shirt imprimé,XS,1,24.9,0,24.9
18269,2026-08-29,C0044,Boutique,Accessoires,Sac banane,Unique,1,34.9,0,34.9
18269,2026-08-29,C0044,Boutique,Accessoires,Bonnet,Unique,1,17.9,0,17.9
18270,2026-08-29,C0304,En ligne,Accessoires,Ceinture,Unique,1,29.9,0,29.9
18270,2026-08-29,C0304,En ligne,Pantalons,Jean slim,L,1,54.9,0,54.9
18271,2026-08-29,C0075,Boutique,Chaussures,Sneakers running,39,1,99.9,0,99.9
18272,2026-08-29,C0370,Boutique,T-shirts,T-shirt basique,XS,1,19.9,0,19.9
18273,2026-08-29,C0084,Boutique,T-shirts,T-shirt oversize,S,1,29.9,0,29.9
18274,2026-08-29,C0861,Boutique,Accessoires,Casquette,Unique,1,19.9,0,19.9
18275,2026-08-29,C0887,En ligne,T-shirts,T-shirt basique,S,2,19.9,0,39.8
18276,2026-08-31,C0017,Boutique,Chaussures,Baskets blanches,39,1,89.9,0,89.9
18276,2026-08-31,C0017,Boutique,Pantalons,Pantalon cargo,M,2,49.9,0,99.8
18277,2026-08-31,C0486,En ligne,T-shirts,T-shirt imprimé,XS,1,24.9,0,24.9
18278,2026-08-31,C0460,En ligne,T-shirts,T-shirt imprimé,S,1,24.9,0,24.9
18278,2026-08-31,C0460,En ligne,Pulls & sweats,Pull en laine,XL,1,59.9,0,59.9
18279,2026-08-31,C0640,En ligne,T-shirts,T-shirt oversize,L,1,29.9,0,29.9
18280,2026-08-31,C0153,Boutique,T-shirts,T-shirt oversize,S,1,29.9,0,29.9
18281,2026-08-31,C0878,En ligne,Pantalons,Jean slim,L,1,54.9,0,54.9
18282,2026-08-31,C0720,Boutique,T-shirts,T-shirt oversize,S,1,29.9,0,29.9
18282,2026-08-31,C0720,Boutique,Accessoires,Casquette,Unique,1,19.9,0,19.9
18283,2026-08-31,C0415,Boutique,T-shirts,T-shirt basique,S,1,19.9,0,19.9
18283,2026-08-31,C0415,Boutique,T-shirts,T-shirt oversize,S,1,29.9,0,29.9
18284,2026-08-31,C0054,Boutique,Chaussures,Baskets blanches,41,1,89.9,0,89.9
18285,2026-08-31,C0713,En ligne,Vestes,Coupe-vent,L,1,64.9,0,64.9
18285,2026-08-31,C0713,En ligne,Accessoires,Casquette,Unique,1,19.9,0,19.9
18285,2026-08-31,C0713,En ligne,Accessoires,Ceinture,Unique,2,29.9,0,59.8
18286,2026-08-31,C0096,Boutique,T-shirts,T-shirt basique,M,1,19.9,0,19.9
18287,2026-08-31,C0026,Boutique,Pantalons,Jean slim,XL,1,54.9,0,54.9
18287,2026-08-31,C0026,Boutique,Accessoires,Écharpe,Unique,1,24.9,0,24.9
18288,2026-08-31,C0570,En ligne,Accessoires,Sac banane,Unique,1,34.9,0,34.9
18288,2026-08-31,C0570,En ligne,Pantalons,Jogging,XS,1,34.9,0,34.9
18288,2026-08-31,C0570,En ligne,Pantalons,Jean droit,XL,1,59.9,0,59.9
18289,2026-08-31,C0068,En ligne,Accessoires,Bonnet,Unique,1,17.9,0,17.9
18289,2026-08-31,C0068,En ligne,Accessoires,Bonnet,Unique,1,17.9,0,17.9
18290,2026-08-31,C0539,En ligne,Chaussures,Baskets blanches,40,1,89.9,0,89.9
18291,2026-08-31,C0167,En ligne,Pantalons,Jean slim,XS,1,54.9,0,54.9
18291,2026-08-31,C0167,En ligne,T-shirts,T-shirt oversize,L,2,29.9,0,59.8
18291,2026-08-31,C0167,En ligne,T-shirts,T-shirt basique,XS,1,19.9,0,19.9
18292,2026-09-01,C0593,Boutique,T-shirts,T-shirt basique,L,1,19.9,0,19.9
18293,2026-09-01,C0271,Boutique,Vestes,Veste en jean,XL,1,79.9,0,79.9
18294,2026-09-01,C0220,En ligne,Chaussures,Sneakers running,43,1,99.9,0,99.9
18295,2026-09-01,C0633,Boutique,T-shirts,T-shirt basique,L,1,19.9,0,19.9
18296,2026-09-01,C0547,En ligne,T-shirts,T-shirt basique,M,2,19.9,0,39.8
18296,2026-09-01,C0547,En ligne,T-shirts,T-shirt imprimé,S,1,24.9,0,24.9
18297,2026-09-01,C0335,Boutique,T-shirts,T-shirt basique,L,1,19.9,0,19.9
18298,2026-09-02,C0869,Boutique,T-shirts,T-shirt oversize,M,1,29.9,0,29.9
18299,2026-09-02,C0370,En ligne,T-shirts,T-shirt oversize,M,1,29.9,0,29.9
18300,2026-09-02,C0054,En ligne,Vestes,Doudoune,XL,1,119.9,0,119.9
18301,2026-09-02,C0595,Boutique,Pulls & sweats,Sweat col rond,M,1,39.9,0,39.9
18301,2026-09-02,C0595,Boutique,Accessoires,Sac banane,Unique,2,34.9,0,69.8
18301,2026-09-02,C0595,Boutique,T-shirts,T-shirt oversize,XS,1,29.9,0,29.9
18302,2026-09-02,C0779,Boutique,T-shirts,T-shirt basique,XS,1,19.9,0,19.9
18302,2026-09-02,C0779,Boutique,Accessoires,Ceinture,Unique,1,29.9,0,29.9
18302,2026-09-02,C0779,Boutique,Pantalons,Jean droit,M,1,59.9,0,59.9
18303,2026-09-02,C0119,En ligne,Chaussures,Sneakers running,44,1,99.9,0,99.9
18304,2026-09-02,C0846,Boutique,Pulls & sweats,Sweat col rond,XL,1,39.9,0,39.9
18304,2026-09-02,C0846,Boutique,T-shirts,T-shirt imprimé,L,1,24.9,0,24.9
18304,2026-09-02,C0846,Boutique,Chaussures,Bottines,40,1,109.9,0,109.9
18305,2026-09-02,C0489,En ligne,T-shirts,T-shirt oversize,S,1,29.9,0,29.9
18306,2026-09-02,C0560,Boutique,Chaussures,Baskets blanches,43,2,89.9,0,179.8
18307,2026-09-02,C0042,En ligne,Pulls & sweats,Sweat à capuche,S,1,49.9,0,49.9
18307,2026-09-02,C0042,En ligne,Accessoires,Sac banane,Unique,1,34.9,0,34.9
18308,2026-09-02,C0038,Boutique,Accessoires,Casquette,Unique,1,19.9,0,19.9
18309,2026-09-02,C0356,Boutique,Vestes,Coupe-vent,S,1,64.9,0,64.9
18310,2026-09-02,C0253,Boutique,T-shirts,T-shirt basique,XL,1,19.9,0,19.9
18311,2026-09-02,C0752,Boutique,Pulls & sweats,Sweat à capuche,M,1,49.9,0,49.9
18311,2026-09-02,C0752,Boutique,Chaussures,Bottines,42,1,109.9,0,109.9
18312,2026-09-02,C0232,En ligne,Vestes,Doudoune,L,1,119.9,0,119.9
18313,2026-09-02,C0268,En ligne,Chaussures,Sneakers running,44,1,99.9,0,99.9
18313,2026-09-02,C0268,En ligne,Pulls & sweats,Sweat à capuche,XL,1,49.9,0,49.9
18313,2026-09-02,C0268,En ligne,Vestes,Coupe-vent,XS,1,64.9,0,64.9
18314,2026-09-02,C0048,Boutique,Pulls & sweats,Pull en laine,XS,1,59.9,0,59.9
18314,2026-09-02,C0048,Boutique,Chaussures,Sneakers running,39,1,99.9,0,99.9
18315,2026-09-02,C0155,Boutique,Pantalons,Jogging,XL,1,34.9,0,34.9
18315,2026-09-02,C0155,Boutique,T-shirts,T-shirt basique,M,1,19.9,0,19.9
18316,2026-09-03,C0802,Boutique,Accessoires,Casquette,Unique,1,19.9,0,19.9
18317,2026-09-03,C0112,Boutique,Pantalons,Jean slim,M,1,54.9,0,54.9
18318,2026-09-03,C0801,Boutique,Accessoires,Ceinture,Unique,1,29.9,0,29.9
18319,2026-09-03,C0070,Boutique,T-shirts,T-shirt oversize,S,1,29.9,0,29.9
18320,2026-09-03,C0010,Boutique,Pulls & sweats,Sweat col rond,XL,1,39.9,0,39.9
18321,2026-09-03,C0551,En ligne,Pulls & sweats,Sweat à capuche,M,1,49.9,0,49.9
18322,2026-09-03,C0857,Boutique,Pantalons,Pantalon cargo,S,1,49.9,0,49.9
18323,2026-09-03,C0027,En ligne,Pulls & sweats,Pull en laine,XL,1,59.9,0,59.9
18324,2026-09-03,C0814,En ligne,Accessoires,Écharpe,Unique,1,24.9,0,24.9
18324,2026-09-03,C0814,En ligne,Pantalons,Jogging,L,1,34.9,0,34.9
18324,2026-09-03,C0814,En ligne,Pantalons,Jean droit,S,2,59.9,0,119.8
18325,2026-09-03,C0362,En ligne,T-shirts,T-shirt imprimé,L,1,24.9,0,24.9
18326,2026-09-03,C0701,Boutique,Pulls & sweats,Pull en laine,M,1,59.9,0,59.9
18326,2026-09-03,C0701,Boutique,Vestes,Doudoune,M,1,119.9,0,119.9
18327,2026-09-03,C0142,En ligne,Chaussures,Baskets blanches,44,2,89.9,0,179.8
18328,2026-09-03,C0026,Boutique,Pulls & sweats,Sweat col rond,S,1,39.9,0,39.9
18328,2026-09-03,C0026,Boutique,T-shirts,T-shirt oversize,S,1,29.9,0,29.9
18328,2026-09-03,C0026,Boutique,Accessoires,Bonnet,Unique,2,17.9,0,35.8
18329,2026-09-04,C0512,Boutique,Pantalons,Pantalon cargo,S,1,49.9,0,49.9
18329,2026-09-04,C0512,Boutique,Pulls & sweats,Sweat col rond,M,1,39.9,0,39.9
18330,2026-09-04,C0015,Boutique,Accessoires,Casquette,Unique,1,19.9,0,19.9
18330,2026-09-04,C0015,Boutique,Accessoires,Sac banane,Unique,1,34.9,0,34.9
18330,2026-09-04,C0015,Boutique,Chaussures,Sneakers running,39,1,99.9,0,99.9
18331,2026-09-04,C0015,Boutique,Accessoires,Bonnet,Unique,2,17.9,0,35.8
18331,2026-09-04,C0015,Boutique,Accessoires,Sac banane,Unique,1,34.9,0,34.9
18332,2026-09-04,C0048,Boutique,Pantalons,Pantalon cargo,M,1,49.9,0,49.9
18333,2026-09-04,C0536,En ligne,Pantalons,Jean droit,M,1,59.9,0,59.9
18333,2026-09-04,C0536,En ligne,Pantalons,Jean droit,XL,1,59.9,0,59.9
18334,2026-09-04,C0811,En ligne,T-shirts,T-shirt basique,M,1,19.9,0,19.9
18335,2026-09-04,C0243,En ligne,Vestes,Veste en jean,L,1,79.9,0,79.9
18336,2026-09-04,C0017,Boutique,T-shirts,T-shirt imprimé,M,1,24.9,0,24.9
18336,2026-09-04,C0017,Boutique,Vestes,Coupe-vent,S,1,64.9,0,64.9
18337,2026-09-04,C0149,Boutique,Accessoires,Écharpe,Unique,2,24.9,0,49.8
18337,2026-09-04,C0149,Boutique,T-shirts,T-shirt imprimé,L,1,24.9,0,24.9
18338,2026-09-04,C0096,Boutique,Pulls & sweats,Sweat à capuche,XS,1,49.9,0,49.9
18339,2026-09-04,C0357,Boutique,Pantalons,Pantalon cargo,S,1,49.9,0,49.9
18340,2026-09-04,C0110,Boutique,T-shirts,T-shirt imprimé,S,1,24.9,0,24.9
18341,2026-09-04,C0071,Boutique,Chaussures,Bottines,43,1,109.9,0,109.9
18342,2026-09-04,C0430,Boutique,Pantalons,Jean droit,S,2,59.9,0,119.8
18343,2026-09-04,C0217,Boutique,Accessoires,Casquette,Unique,1,19.9,0,19.9
18343,2026-09-04,C0217,Boutique,Vestes,Coupe-vent,S,1,64.9,0,64.9
18344,2026-09-04,C0252,Boutique,Pulls & sweats,Pull en laine,M,1,59.9,0,59.9
18345,2026-09-04,C0114,En ligne,Accessoires,Bonnet,Unique,1,17.9,0,17.9
18345,2026-09-04,C0114,En ligne,Pantalons,Pantalon cargo,XS,1,49.9,0,49.9
18346,2026-09-05,C0096,En ligne,Chaussures,Sneakers running,41,1,99.9,0,99.9
18346,2026-09-05,C0096,En ligne,Accessoires,Bonnet,Unique,1,17.9,0,17.9
18347,2026-09-05,C0739,Boutique,Chaussures,Baskets blanches,44,2,89.9,0,179.8
18348,2026-09-05,C0025,Boutique,Accessoires,Ceinture,Unique,1,29.9,0,29.9
18348,2026-09-05,C0025,Boutique,T-shirts,T-shirt basique,M,1,19.9,0,19.9
18349,2026-09-05,C0693,Boutique,Accessoires,Casquette,Unique,1,19.9,0,19.9
18349,2026-09-05,C0693,Boutique,Accessoires,Sac banane,Unique,1,34.9,0,34.9
18350,2026-09-05,C0591,En ligne,T-shirts,T-shirt imprimé,L,1,24.9,0,24.9
18350,2026-09-05,C0591,En ligne,Chaussures,Sneakers running,42,2,99.9,0,199.8
18351,2026-09-05,C0020,Boutique,Pantalons,Jean droit,M,1,59.9,0,59.9
18351,2026-09-05,C0020,Boutique,Pulls & sweats,Sweat col rond,L,1,39.9,0,39.9
18352,2026-09-05,C0480,En ligne,Pantalons,Jogging,XL,1,34.9,0,34.9
18353,2026-09-05,C0082,Boutique,Pantalons,Jean droit,M,1,59.9,0,59.9
18354,2026-09-05,C0116,Boutique,Pantalons,Jean slim,M,1,54.9,0,54.9
18355,2026-09-05,C0795,En ligne,Vestes,Veste en jean,XL,1,79.9,0,79.9
18355,2026-09-05,C0795,En ligne,Pantalons,Jean droit,S,1,59.9,0,59.9
18356,2026-09-05,C0348,En ligne,T-shirts,T-shirt imprimé,M,1,24.9,0,24.9
18357,2026-09-05,C0613,Boutique,Chaussures,Bottines,41,1,109.9,0,109.9
18358,2026-09-05,C0019,En ligne,Chaussures,Baskets blanches,39,1,89.9,0,89.9
18359,2026-09-05,C0124,En ligne,Chaussures,Baskets blanches,41,1,89.9,0,89.9
18360,2026-09-05,C0002,Boutique,Pantalons,Jean droit,S,1,59.9,0,59.9
18360,2026-09-05,C0002,Boutique,Accessoires,Écharpe,Unique,1,24.9,0,24.9
18361,2026-09-05,C0008,Boutique,Chaussures,Bottines,44,2,109.9,0,219.8
18362,2026-09-05,C0459,En ligne,Accessoires,Sac banane,Unique,1,34.9,0,34.9
18363,2026-09-05,C0095,En ligne,T-shirts,T-shirt oversize,S,1,29.9,0,29.9
18364,2026-09-05,C0054,Boutique,Pantalons,Jean droit,S,1,59.9,0,59.9
18364,2026-09-05,C0054,Boutique,Accessoires,Bonnet,Unique,2,17.9,0,35.8
18365,2026-09-05,C0117,Boutique,Accessoires,Bonnet,Unique,1,17.9,0,17.9
18366,2026-09-05,C0087,Boutique,Accessoires,Ceinture,Unique,1,29.9,0,29.9
18366,2026-09-05,C0087,Boutique,Vestes,Veste en jean,XS,2,79.9,0,159.8
18367,2026-09-05,C0469,Boutique,T-shirts,T-shirt basique,L,1,19.9,0,19.9
18368,2026-09-05,C0310,Boutique,Pulls & sweats,Sweat à capuche,S,1,49.9,0,49.9
18368,2026-09-05,C0310,Boutique,Pulls & sweats,Sweat col rond,L,1,39.9,0,39.9
18369,2026-09-05,C0856,Boutique,Chaussures,Sneakers running,44,2,99.9,0,199.8
18370,2026-09-05,C0377,En ligne,T-shirts,T-shirt oversize,M,1,29.9,0,29.9
18370,2026-09-05,C0377,En ligne,Accessoires,Ceinture,Unique,2,29.9,0,59.8
18371,2026-09-05,C0570,Boutique,Pantalons,Jogging,S,1,34.9,0,34.9
18372,2026-09-07,C0434,En ligne,Vestes,Coupe-vent,M,1,64.9,0,64.9
18373,2026-09-07,C0015,En ligne,Accessoires,Écharpe,Unique,1,24.9,0,24.9
18373,2026-09-07,C0015,En ligne,Pantalons,Jean slim,M,1,54.9,0,54.9
18374,2026-09-07,C0445,Boutique,T-shirts,T-shirt oversize,S,1,29.9,0,29.9
18374,2026-09-07,C0445,Boutique,T-shirts,T-shirt basique,M,2,19.9,0,39.8
18374,2026-09-07,C0445,Boutique,Pantalons,Pantalon cargo,S,1,49.9,0,49.9
18375,2026-09-07,C0011,Boutique,T-shirts,T-shirt oversize,M,1,29.9,0,29.9
18376,2026-09-07,C0053,Boutique,Accessoires,Ceinture,Unique,1,29.9,0,29.9
18377,2026-09-07,C0027,Boutique,Accessoires,Écharpe,Unique,1,24.9,0,24.9
18378,2026-09-07,C0849,En ligne,Pantalons,Jean slim,M,1,54.9,0,54.9
18378,2026-09-07,C0849,En ligne,T-shirts,T-shirt oversize,S,1,29.9,0,29.9
18379,2026-09-07,C0166,En ligne,Vestes,Doudoune,M,1,119.9,0,119.9
18379,2026-09-07,C0166,En ligne,T-shirts,T-shirt oversize,XL,1,29.9,0,29.9
18379,2026-09-07,C0166,En ligne,T-shirts,T-shirt imprimé,L,1,24.9,0,24.9
18380,2026-09-07,C0628,En ligne,T-shirts,T-shirt basique,XS,1,19.9,0,19.9
18381,2026-09-07,C0103,Boutique,Accessoires,Sac banane,Unique,1,34.9,0,34.9
18382,2026-09-07,C0490,En ligne,Vestes,Veste en jean,XL,1,79.9,0,79.9
18383,2026-09-07,C0791,Boutique,Pulls & sweats,Sweat col rond,L,2,39.9,0,79.8
18384,2026-09-07,C0484,En ligne,Pantalons,Pantalon cargo,M,1,49.9,0,49.9
18385,2026-09-07,C0024,En ligne,Pulls & sweats,Sweat à capuche,M,1,49.9,0,49.9
18386,2026-09-07,C0195,En ligne,Pulls & sweats,Sweat col rond,XL,1,39.9,0,39.9
18387,2026-09-07,C0808,En ligne,Pantalons,Jogging,S,1,34.9,0,34.9
18388,2026-09-07,C0244,Boutique,Pulls & sweats,Sweat col rond,S,1,39.9,0,39.9
18388,2026-09-07,C0244,Boutique,Pulls & sweats,Sweat col rond,L,2,39.9,0,79.8
18389,2026-09-07,C0037,En ligne,Pantalons,Jogging,M,2,34.9,0,69.8
18389,2026-09-07,C0037,En ligne,Pulls & sweats,Pull en laine,XS,1,59.9,0,59.9
18390,2026-09-07,C0095,En ligne,Accessoires,Casquette,Unique,1,19.9,0,19.9
18390,2026-09-07,C0095,En ligne,T-shirts,T-shirt oversize,S,1,29.9,0,29.9
18391,2026-09-08,C0414,Boutique,T-shirts,T-shirt imprimé,M,1,24.9,0,24.9
18392,2026-09-08,C0601,Boutique,Accessoires,Écharpe,Unique,1,24.9,0,24.9
18392,2026-09-08,C0601,Boutique,T-shirts,T-shirt oversize,XS,1,29.9,0,29.9
18393,2026-09-08,C0027,Boutique,Accessoires,Casquette,Unique,1,19.9,0,19.9
18393,2026-09-08,C0027,Boutique,Chaussures,Sneakers running,39,1,99.9,0,99.9
18394,2026-09-08,C0769,En ligne,T-shirts,T-shirt basique,L,1,19.9,0,19.9
18395,2026-09-08,C0239,Boutique,Vestes,Coupe-vent,XL,1,64.9,0,64.9
18396,2026-09-08,C0099,En ligne,Accessoires,Écharpe,Unique,1,24.9,0,24.9
18397,2026-09-08,C0589,En ligne,Pantalons,Jean droit,S,1,59.9,0,59.9
18397,2026-09-08,C0589,En ligne,Pulls & sweats,Pull en laine,L,1,59.9,0,59.9
18397,2026-09-08,C0589,En ligne,Pulls & sweats,Sweat col rond,L,1,39.9,0,39.9
18398,2026-09-08,C0113,Boutique,Pulls & sweats,Sweat col rond,XS,1,39.9,0,39.9
18398,2026-09-08,C0113,Boutique,Accessoires,Ceinture,Unique,2,29.9,0,59.8
18399,2026-09-08,C0032,En ligne,Pulls & sweats,Pull en laine,M,1,59.9,0,59.9
18400,2026-09-08,C0652,En ligne,T-shirts,T-shirt oversize,XL,1,29.9,0,29.9
18401,2026-09-08,C0110,En ligne,Pantalons,Jean slim,XL,1,54.9,0,54.9
18402,2026-09-08,C0010,En ligne,Vestes,Veste en jean,XL,1,79.9,0,79.9
18403,2026-09-08,C0025,Boutique,Pulls & sweats,Sweat à capuche,M,1,49.9,0,49.9
18403,2026-09-08,C0025,Boutique,Vestes,Coupe-vent,M,1,64.9,0,64.9
18403,2026-09-08,C0025,Boutique,T-shirts,T-shirt imprimé,S,1,24.9,0,24.9
18404,2026-09-08,C0115,Boutique,T-shirts,T-shirt oversize,M,1,29.9,0,29.9
18405,2026-09-08,C0480,En ligne,Pantalons,Jogging,XL,1,34.9,0,34.9
18406,2026-09-08,C0136,En ligne,Pantalons,Jogging,M,1,34.9,0,34.9
18407,2026-09-08,C0456,En ligne,Accessoires,Ceinture,Unique,1,29.9,0,29.9
18408,2026-09-08,C0465,En ligne,T-shirts,T-shirt basique,L,1,19.9,0,19.9
18409,2026-09-08,C0044,Boutique,Vestes,Coupe-vent,M,1,64.9,0,64.9
18410,2026-09-08,C0037,En ligne,T-shirts,T-shirt oversize,M,1,29.9,0,29.9
18410,2026-09-08,C0037,En ligne,Pulls & sweats,Pull en laine,M,1,59.9,0,59.9
18411,2026-09-08,C0416,Boutique,T-shirts,T-shirt oversize,S,1,29.9,0,29.9
18411,2026-09-08,C0416,Boutique,Pulls & sweats,Pull en laine,M,1,59.9,0,59.9
18411,2026-09-08,C0416,Boutique,T-shirts,T-shirt basique,M,1,19.9,0,19.9
18412,2026-09-09,C0028,Boutique,Pantalons,Jean slim,M,2,54.9,0,109.8
18412,2026-09-09,C0028,Boutique,Vestes,Veste en jean,M,1,79.9,0,79.9
18413,2026-09-09,C0723,Boutique,Pantalons,Jean droit,M,2,59.9,0,119.8
18413,2026-09-09,C0723,Boutique,Pulls & sweats,Sweat col rond,S,2,39.9,0,79.8
18413,2026-09-09,C0723,Boutique,Pantalons,Pantalon cargo,M,2,49.9,0,99.8
18414,2026-09-09,C0781,Boutique,T-shirts,T-shirt oversize,M,1,29.9,0,29.9
18415,2026-09-09,C0730,Boutique,T-shirts,T-shirt oversize,XL,2,29.9,0,59.8
18416,2026-09-09,C0101,Boutique,Chaussures,Bottines,42,1,109.9,0,109.9
18417,2026-09-09,C0856,En ligne,Vestes,Coupe-vent,L,1,64.9,0,64.9
18418,2026-09-09,C0345,Boutique,T-shirts,T-shirt oversize,L,1,29.9,0,29.9
18418,2026-09-09,C0345,Boutique,Accessoires,Ceinture,Unique,1,29.9,0,29.9
18419,2026-09-09,C0563,En ligne,Chaussures,Bottines,42,1,109.9,0,109.9
18419,2026-09-09,C0563,En ligne,Pantalons,Jogging,XS,1,34.9,0,34.9
18419,2026-09-09,C0563,En ligne,Vestes,Doudoune,L,1,119.9,0,119.9
18420,2026-09-09,C0031,Boutique,T-shirts,T-shirt basique,L,1,19.9,0,19.9
18421,2026-09-09,C0010,Boutique,Pulls & sweats,Pull en laine,M,1,59.9,0,59.9
18422,2026-09-09,C0028,Boutique,T-shirts,T-shirt basique,S,1,19.9,0,19.9
18423,2026-09-09,C0039,En ligne,Accessoires,Ceinture,Unique,2,29.9,0,59.8
18424,2026-09-10,C0021,En ligne,Vestes,Doudoune,XS,2,119.9,0,239.8
18425,2026-09-10,C0617,En ligne,Pantalons,Pantalon cargo,M,2,49.9,0,99.8
18426,2026-09-10,C0023,En ligne,Accessoires,Sac banane,Unique,1,34.9,0,34.9
18427,2026-09-10,C0828,En ligne,Chaussures,Baskets blanches,39,1,89.9,0,89.9
18427,2026-09-10,C0828,En ligne,Accessoires,Casquette,Unique,1,19.9,0,19.9
18428,2026-09-10,C0287,Boutique,Accessoires,Sac banane,Unique,1,34.9,0,34.9
18429,2026-09-10,C0012,Boutique,Pantalons,Jean droit,M,2,59.9,0,119.8
18430,2026-09-10,C0071,Boutique,T-shirts,T-shirt oversize,S,1,29.9,0,29.9
18430,2026-09-10,C0071,Boutique,Pantalons,Pantalon cargo,M,1,49.9,0,49.9
18431,2026-09-10,C0010,En ligne,Vestes,Doudoune,M,1,119.9,0,119.9
18432,2026-09-10,C0195,Boutique,Pantalons,Jean slim,S,1,54.9,0,54.9
18433,2026-09-10,C0641,En ligne,Pantalons,Jean slim,XL,1,54.9,0,54.9
18434,2026-09-10,C0025,Boutique,Vestes,Coupe-vent,M,1,64.9,0,64.9
18434,2026-09-10,C0025,Boutique,Chaussures,Baskets blanches,43,1,89.9,0,89.9
18435,2026-09-10,C0510,Boutique,T-shirts,T-shirt basique,XL,1,19.9,0,19.9
18436,2026-09-10,C0751,Boutique,T-shirts,T-shirt imprimé,M,1,24.9,0,24.9
18437,2026-09-10,C0733,En ligne,Vestes,Veste en jean,S,1,79.9,0,79.9
18437,2026-09-10,C0733,En ligne,T-shirts,T-shirt imprimé,M,1,24.9,0,24.9
18438,2026-09-10,C0856,Boutique,Accessoires,Casquette,Unique,1,19.9,0,19.9
18438,2026-09-10,C0856,Boutique,Pulls & sweats,Pull en laine,M,1,59.9,0,59.9
18438,2026-09-10,C0856,Boutique,Pantalons,Pantalon cargo,M,1,49.9,0,49.9
18439,2026-09-10,C0055,En ligne,Accessoires,Ceinture,Unique,2,29.9,0,59.8
18440,2026-09-10,C0089,Boutique,Pantalons,Pantalon cargo,L,1,49.9,0,49.9
18440,2026-09-10,C0089,Boutique,Chaussures,Sneakers running,42,1,99.9,0,99.9
18441,2026-09-10,C0073,Boutique,Pantalons,Jogging,XL,2,34.9,0,69.8
18442,2026-09-10,C0171,En ligne,Chaussures,Sneakers running,40,2,99.9,0,199.8
18443,2026-09-10,C0565,En ligne,Chaussures,Sneakers running,40,1,99.9,0,99.9
18443,2026-09-10,C0565,En ligne,Pantalons,Pantalon cargo,XS,1,49.9,0,49.9
18443,2026-09-10,C0565,En ligne,Chaussures,Sneakers running,39,1,99.9,0,99.9
18444,2026-09-10,C0674,En ligne,T-shirts,T-shirt oversize,S,1,29.9,0,29.9
18444,2026-09-10,C0674,En ligne,T-shirts,T-shirt imprimé,L,1,24.9,0,24.9
18444,2026-09-10,C0674,En ligne,Pulls & sweats,Pull en laine,S,1,59.9,0,59.9
18445,2026-09-10,C0085,En ligne,Pulls & sweats,Pull en laine,S,1,59.9,0,59.9
18445,2026-09-10,C0085,En ligne,Pulls & sweats,Sweat col rond,M,1,39.9,0,39.9
18446,2026-09-10,C0156,Boutique,Pulls & sweats,Sweat col rond,L,1,39.9,0,39.9
18447,2026-09-10,C0444,Boutique,Pantalons,Pantalon cargo,L,1,49.9,0,49.9
18447,2026-09-10,C0444,Boutique,Chaussures,Sneakers running,44,1,99.9,0,99.9
18448,2026-09-11,C0170,En ligne,Vestes,Doudoune,M,1,119.9,0,119.9
18449,2026-09-11,C0084,Boutique,Pulls & sweats,Sweat col rond,M,1,39.9,0,39.9
18449,2026-09-11,C0084,Boutique,T-shirts,T-shirt imprimé,L,1,24.9,0,24.9
18450,2026-09-11,C0093,Boutique,Chaussures,Baskets blanches,44,1,89.9,0,89.9
18450,2026-09-11,C0093,Boutique,T-shirts,T-shirt imprimé,M,1,24.9,0,24.9
18451,2026-09-11,C0098,Boutique,Accessoires,Casquette,Unique,1,19.9,0,19.9
18452,2026-09-11,C0069,Boutique,Chaussures,Sneakers running,43,2,99.9,0,199.8
18452,2026-09-11,C0069,Boutique,T-shirts,T-shirt oversize,M,1,29.9,0,29.9
18453,2026-09-11,C0288,En ligne,Vestes,Doudoune,L,1,119.9,0,119.9
18454,2026-09-11,C0672,Boutique,Pantalons,Jogging,L,1,34.9,0,34.9
18454,2026-09-11,C0672,Boutique,T-shirts,T-shirt imprimé,S,1,24.9,0,24.9
18455,2026-09-11,C0112,Boutique,T-shirts,T-shirt basique,L,1,19.9,0,19.9
18456,2026-09-11,C0493,Boutique,Pulls & sweats,Pull en laine,XS,1,59.9,0,59.9
18456,2026-09-11,C0493,Boutique,Pantalons,Jean droit,XL,1,59.9,0,59.9
18456,2026-09-11,C0493,Boutique,Vestes,Veste en jean,S,1,79.9,0,79.9
18457,2026-09-11,C0117,En ligne,Accessoires,Casquette,Unique,1,19.9,0,19.9
18457,2026-09-11,C0117,En ligne,Pantalons,Pantalon cargo,M,1,49.9,0,49.9
18457,2026-09-11,C0117,En ligne,Vestes,Doudoune,S,1,119.9,0,119.9
18458,2026-09-11,C0001,En ligne,Pulls & sweats,Sweat à capuche,XL,1,49.9,0,49.9
18458,2026-09-11,C0001,En ligne,Pulls & sweats,Pull en laine,S,1,59.9,0,59.9
18458,2026-09-11,C0001,En ligne,Pantalons,Jean slim,S,1,54.9,0,54.9
18459,2026-09-11,C0840,En ligne,Accessoires,Casquette,Unique,2,19.9,0,39.8
18460,2026-09-11,C0865,Boutique,Vestes,Doudoune,XS,1,119.9,0,119.9
18461,2026-09-11,C0701,Boutique,Chaussures,Baskets blanches,44,2,89.9,0,179.8
18462,2026-09-11,C0055,Boutique,Vestes,Veste en jean,M,1,79.9,0,79.9
18463,2026-09-11,C0008,Boutique,Vestes,Doudoune,XL,1,119.9,0,119.9
18464,2026-09-11,C0043,Boutique,Pulls & sweats,Pull en laine,S,1,59.9,0,59.9
18465,2026-09-11,C0071,En ligne,Accessoires,Casquette,Unique,1,19.9,0,19.9
18466,2026-09-11,C0318,Boutique,T-shirts,T-shirt oversize,M,1,29.9,0,29.9
18467,2026-09-11,C0025,En ligne,T-shirts,T-shirt imprimé,XL,1,24.9,0,24.9
18468,2026-09-11,C0864,Boutique,Pantalons,Jogging,S,2,34.9,0,69.8
18468,2026-09-11,C0864,Boutique,Accessoires,Écharpe,Unique,1,24.9,0,24.9
18468,2026-09-11,C0864,Boutique,Pantalons,Pantalon cargo,XL,1,49.9,0,49.9
18469,2026-09-11,C0597,Boutique,Pantalons,Jogging,XS,1,34.9,0,34.9
18470,2026-09-11,C0343,En ligne,Pantalons,Jean droit,M,1,59.9,0,59.9
18471,2026-09-12,C0176,En ligne,T-shirts,T-shirt oversize,L,1,29.9,0,29.9
18472,2026-09-12,C0429,En ligne,Chaussures,Bottines,44,1,109.9,0,109.9
18472,2026-09-12,C0429,En ligne,Accessoires,Bonnet,Unique,1,17.9,0,17.9
18472,2026-09-12,C0429,En ligne,Pulls & sweats,Sweat col rond,L,1,39.9,0,39.9
18473,2026-09-12,C0178,Boutique,Chaussures,Baskets blanches,44,1,89.9,0,89.9
18474,2026-09-12,C0470,Boutique,Accessoires,Bonnet,Unique,1,17.9,0,17.9
18474,2026-09-12,C0470,Boutique,Pantalons,Pantalon cargo,L,1,49.9,0,49.9
18475,2026-09-12,C0014,Boutique,Vestes,Coupe-vent,M,1,64.9,0,64.9
18475,2026-09-12,C0014,Boutique,Pulls & sweats,Pull en laine,L,1,59.9,0,59.9
18476,2026-09-12,C0113,En ligne,Pulls & sweats,Sweat col rond,M,2,39.9,0,79.8
18476,2026-09-12,C0113,En ligne,T-shirts,T-shirt imprimé,XL,1,24.9,0,24.9
18476,2026-09-12,C0113,En ligne,T-shirts,T-shirt basique,M,1,19.9,0,19.9
18477,2026-09-12,C0150,Boutique,Pulls & sweats,Sweat col rond,M,1,39.9,0,39.9
18477,2026-09-12,C0150,Boutique,Pulls & sweats,Sweat à capuche,M,1,49.9,0,49.9
18478,2026-09-12,C0546,Boutique,T-shirts,T-shirt basique,M,1,19.9,0,19.9
18479,2026-09-12,C0231,Boutique,T-shirts,T-shirt basique,M,1,19.9,0,19.9
18479,2026-09-12,C0231,Boutique,Accessoires,Bonnet,Unique,1,17.9,0,17.9
18479,2026-09-12,C0231,Boutique,Vestes,Doudoune,L,1,119.9,0,119.9
18480,2026-09-12,C0036,En ligne,Vestes,Coupe-vent,M,1,64.9,0,64.9
18481,2026-09-12,C0007,Boutique,Accessoires,Casquette,Unique,1,19.9,0,19.9
18482,2026-09-12,C0799,En ligne,Accessoires,Sac banane,Unique,1,34.9,0,34.9
18483,2026-09-12,C0674,Boutique,Accessoires,Ceinture,Unique,1,29.9,0,29.9
18483,2026-09-12,C0674,Boutique,Vestes,Veste en jean,M,1,79.9,0,79.9
18484,2026-09-12,C0601,Boutique,Pulls & sweats,Sweat à capuche,S,2,49.9,0,99.8
18485,2026-09-12,C0024,Boutique,Pulls & sweats,Pull en laine,M,1,59.9,0,59.9
18486,2026-09-12,C0094,En ligne,T-shirts,T-shirt oversize,L,1,29.9,0,29.9
18487,2026-09-12,C0200,En ligne,T-shirts,T-shirt oversize,M,1,29.9,0,29.9
18488,2026-09-12,C0428,Boutique,Pulls & sweats,Sweat à capuche,XS,1,49.9,0,49.9
18488,2026-09-12,C0428,Boutique,Chaussures,Baskets blanches,42,1,89.9,0,89.9
18489,2026-09-12,C0080,Boutique,T-shirts,T-shirt basique,XS,1,19.9,0,19.9
18490,2026-09-12,C0670,En ligne,T-shirts,T-shirt oversize,L,1,29.9,0,29.9
18491,2026-09-12,C0103,En ligne,Accessoires,Casquette,Unique,1,19.9,0,19.9
18492,2026-09-12,C0368,En ligne,Pantalons,Jean slim,L,2,54.9,0,109.8
18492,2026-09-12,C0368,En ligne,Chaussures,Sneakers running,39,1,99.9,0,99.9
18493,2026-09-12,C0098,Boutique,Pantalons,Jean droit,L,1,59.9,0,59.9
18493,2026-09-12,C0098,Boutique,T-shirts,T-shirt oversize,L,1,29.9,0,29.9
18494,2026-09-12,C0223,Boutique,Accessoires,Ceinture,Unique,1,29.9,0,29.9
18495,2026-09-12,C0383,Boutique,Accessoires,Bonnet,Unique,1,17.9,0,17.9
18496,2026-09-12,C0335,Boutique,T-shirts,T-shirt oversize,XS,2,29.9,0,59.8
18496,2026-09-12,C0335,Boutique,Vestes,Veste en jean,M,1,79.9,0,79.9
18496,2026-09-12,C0335,Boutique,Chaussures,Bottines,39,1,109.9,0,109.9
18497,2026-09-12,C0793,En ligne,Accessoires,Sac banane,Unique,2,34.9,0,69.8
18497,2026-09-12,C0793,En ligne,Pantalons,Pantalon cargo,M,2,49.9,0,99.8
18498,2026-09-12,C0074,Boutique,Pantalons,Pantalon cargo,XL,1,49.9,0,49.9
18498,2026-09-12,C0074,Boutique,Pulls & sweats,Pull en laine,XL,1,59.9,0,59.9
18499,2026-09-12,C0024,En ligne,Vestes,Veste en jean,L,1,79.9,0,79.9
18500,2026-09-12,C0347,En ligne,T-shirts,T-shirt oversize,S,1,29.9,0,29.9
18501,2026-09-12,C0757,Boutique,T-shirts,T-shirt basique,L,2,19.9,0,39.8
18501,2026-09-12,C0757,Boutique,Pulls & sweats,Sweat à capuche,M,1,49.9,0,49.9
18502,2026-09-12,C0089,Boutique,T-shirts,T-shirt basique,XL,1,19.9,0,19.9
18502,2026-09-12,C0089,Boutique,Pantalons,Pantalon cargo,L,1,49.9,0,49.9
18502,2026-09-12,C0089,Boutique,T-shirts,T-shirt oversize,XS,2,29.9,0,59.8
18503,2026-09-12,C0086,Boutique,Vestes,Doudoune,L,1,119.9,0,119.9
18503,2026-09-12,C0086,Boutique,Accessoires,Bonnet,Unique,1,17.9,0,17.9
18504,2026-09-12,C0059,Boutique,T-shirts,T-shirt imprimé,S,1,24.9,0,24.9
18505,2026-09-12,C0620,Boutique,T-shirts,T-shirt imprimé,M,1,24.9,0,24.9
18506,2026-09-12,C0264,En ligne,T-shirts,T-shirt basique,M,1,19.9,0,19.9
18506,2026-09-12,C0264,En ligne,Chaussures,Baskets blanches,43,2,89.9,0,179.8
18507,2026-09-14,C0577,Boutique,Pantalons,Jogging,S,1,34.9,0,34.9
18508,2026-09-14,C0370,Boutique,Pulls & sweats,Sweat col rond,L,2,39.9,0,79.8
18509,2026-09-14,C0026,En ligne,Accessoires,Casquette,Unique,1,19.9,0,19.9
18509,2026-09-14,C0026,En ligne,Pulls & sweats,Pull en laine,L,1,59.9,0,59.9
18510,2026-09-14,C0511,En ligne,Pantalons,Jogging,XL,1,34.9,0,34.9
18510,2026-09-14,C0511,En ligne,Accessoires,Sac banane,Unique,2,34.9,0,69.8
18511,2026-09-14,C0279,En ligne,Pulls & sweats,Sweat à capuche,XL,1,49.9,0,49.9
18512,2026-09-14,C0874,Boutique,Pantalons,Jogging,XL,1,34.9,0,34.9
18513,2026-09-14,C0507,Boutique,Accessoires,Sac banane,Unique,2,34.9,0,69.8
18514,2026-09-14,C0299,Boutique,Pulls & sweats,Sweat col rond,XL,1,39.9,0,39.9
18515,2026-09-14,C0040,Boutique,Accessoires,Ceinture,Unique,2,29.9,0,59.8
18516,2026-09-14,C0063,En ligne,Vestes,Veste en jean,M,1,79.9,0,79.9
18516,2026-09-14,C0063,En ligne,Pantalons,Jean slim,XL,2,54.9,0,109.8
18517,2026-09-14,C0596,Boutique,Accessoires,Ceinture,Unique,1,29.9,0,29.9
18518,2026-09-14,C0128,En ligne,T-shirts,T-shirt basique,M,1,19.9,0,19.9
18518,2026-09-14,C0128,En ligne,Chaussures,Sneakers running,42,1,99.9,0,99.9
18519,2026-09-14,C0470,Boutique,Pantalons,Jean slim,L,1,54.9,0,54.9
18519,2026-09-14,C0470,Boutique,Chaussures,Baskets blanches,40,1,89.9,0,89.9
18519,2026-09-14,C0470,Boutique,Accessoires,Casquette,Unique,1,19.9,0,19.9
18520,2026-09-15,C0010,Boutique,Pulls & sweats,Pull en laine,M,1,59.9,0,59.9
18520,2026-09-15,C0010,Boutique,Accessoires,Bonnet,Unique,1,17.9,0,17.9
18520,2026-09-15,C0010,Boutique,Accessoires,Casquette,Unique,1,19.9,0,19.9
18521,2026-09-15,C0124,Boutique,T-shirts,T-shirt imprimé,L,1,24.9,0,24.9
18521,2026-09-15,C0124,Boutique,Vestes,Veste en jean,M,1,79.9,0,79.9
18521,2026-09-15,C0124,Boutique,Pulls & sweats,Pull en laine,M,1,59.9,0,59.9
18522,2026-09-15,C0167,Boutique,Accessoires,Écharpe,Unique,1,24.9,0,24.9
18522,2026-09-15,C0167,Boutique,T-shirts,T-shirt basique,S,1,19.9,0,19.9
18522,2026-09-15,C0167,Boutique,Vestes,Coupe-vent,XL,1,64.9,0,64.9
18523,2026-09-15,C0095,En ligne,Chaussures,Sneakers running,42,1,99.9,0,99.9
18524,2026-09-15,C0004,Boutique,Vestes,Veste en jean,S,1,79.9,0,79.9
18525,2026-09-15,C0758,En ligne,Vestes,Veste en jean,M,2,79.9,0,159.8
18526,2026-09-15,C0537,Boutique,T-shirts,T-shirt oversize,XL,1,29.9,0,29.9
18527,2026-09-15,C0026,En ligne,Pulls & sweats,Sweat à capuche,XL,1,49.9,0,49.9
18528,2026-09-15,C0692,Boutique,Chaussures,Sneakers running,39,2,99.9,0,199.8
18528,2026-09-15,C0692,Boutique,Pantalons,Jean droit,XL,1,59.9,0,59.9
18528,2026-09-15,C0692,Boutique,T-shirts,T-shirt oversize,L,2,29.9,0,59.8
18529,2026-09-15,C0091,Boutique,Pulls & sweats,Sweat à capuche,M,1,49.9,0,49.9
18529,2026-09-15,C0091,Boutique,Pulls & sweats,Sweat à capuche,L,1,49.9,0,49.9
18530,2026-09-15,C0048,Boutique,Chaussures,Sneakers running,41,1,99.9,0,99.9
18530,2026-09-15,C0048,Boutique,Chaussures,Sneakers running,44,1,99.9,0,99.9
18531,2026-09-15,C0667,Boutique,T-shirts,T-shirt imprimé,M,1,24.9,0,24.9
18531,2026-09-15,C0667,Boutique,Chaussures,Sneakers running,42,1,99.9,0,99.9
18532,2026-09-15,C0477,Boutique,Chaussures,Sneakers running,40,1,99.9,0,99.9
18533,2026-09-15,C0255,En ligne,Accessoires,Casquette,Unique,1,19.9,0,19.9
18533,2026-09-15,C0255,En ligne,Pantalons,Jean slim,M,2,54.9,0,109.8
18533,2026-09-15,C0255,En ligne,T-shirts,T-shirt oversize,XS,1,29.9,0,29.9
18534,2026-09-15,C0445,En ligne,Pantalons,Pantalon cargo,M,1,49.9,0,49.9
18534,2026-09-15,C0445,En ligne,Pantalons,Jean droit,M,1,59.9,0,59.9
18534,2026-09-15,C0445,En ligne,Pulls & sweats,Pull en laine,M,2,59.9,0,119.8
18535,2026-09-15,C0021,En ligne,Pantalons,Jogging,L,1,34.9,0,34.9
18536,2026-09-15,C0029,En ligne,Chaussures,Baskets blanches,40,1,89.9,0,89.9
18537,2026-09-15,C0850,Boutique,Accessoires,Écharpe,Unique,1,24.9,0,24.9
18538,2026-09-15,C0656,En ligne,Vestes,Doudoune,L,1,119.9,0,119.9
18538,2026-09-15,C0656,En ligne,Chaussures,Baskets blanches,44,1,89.9,0,89.9
18538,2026-09-15,C0656,En ligne,Pulls & sweats,Sweat à capuche,L,1,49.9,0,49.9
18539,2026-09-15,C0067,Boutique,Chaussures,Sneakers running,43,2,99.9,0,199.8
18540,2026-09-16,C0085,Boutique,Accessoires,Casquette,Unique,1,19.9,0,19.9
18540,2026-09-16,C0085,Boutique,Accessoires,Écharpe,Unique,1,24.9,0,24.9
18541,2026-09-16,C0147,Boutique,Chaussures,Bottines,39,1,109.9,0,109.9
18541,2026-09-16,C0147,Boutique,Accessoires,Ceinture,Unique,1,29.9,0,29.9
18541,2026-09-16,C0147,Boutique,Pulls & sweats,Pull en laine,S,2,59.9,0,119.8
18542,2026-09-16,C0068,Boutique,T-shirts,T-shirt oversize,M,1,29.9,0,29.9
18543,2026-09-16,C0544,Boutique,Vestes,Doudoune,S,1,119.9,0,119.9
18544,2026-09-16,C0318,Boutique,Accessoires,Ceinture,Unique,1,29.9,0,29.9
18544,2026-09-16,C0318,Boutique,Accessoires,Bonnet,Unique,1,17.9,0,17.9
18544,2026-09-16,C0318,Boutique,Chaussures,Bottines,42,1,109.9,0,109.9
18545,2026-09-16,C0085,Boutique,Chaussures,Bottines,41,1,109.9,0,109.9
18545,2026-09-16,C0085,Boutique,Chaussures,Baskets blanches,44,1,89.9,0,89.9
18545,2026-09-16,C0085,Boutique,Accessoires,Casquette,Unique,1,19.9,0,19.9
18546,2026-09-16,C0064,En ligne,Pulls & sweats,Sweat à capuche,L,1,49.9,0,49.9
18547,2026-09-16,C0467,Boutique,Accessoires,Sac banane,Unique,1,34.9,0,34.9
18548,2026-09-16,C0026,En ligne,Accessoires,Ceinture,Unique,1,29.9,0,29.9
18548,2026-09-16,C0026,En ligne,Accessoires,Écharpe,Unique,1,24.9,0,24.9
18549,2026-09-16,C0821,Boutique,T-shirts,T-shirt imprimé,L,1,24.9,0,24.9
18550,2026-09-16,C0088,Boutique,Vestes,Coupe-vent,XL,1,64.9,0,64.9
18551,2026-09-16,C0232,Boutique,T-shirts,T-shirt imprimé,XL,2,24.9,0,49.8
18552,2026-09-16,C0859,Boutique,Accessoires,Sac banane,Unique,1,34.9,0,34.9
18553,2026-09-16,C0226,En ligne,Accessoires,Sac banane,Unique,1,34.9,0,34.9
18554,2026-09-16,C0033,En ligne,Accessoires,Ceinture,Unique,1,29.9,0,29.9
18555,2026-09-16,C0392,Boutique,Pulls & sweats,Sweat col rond,M,1,39.9,0,39.9
18555,2026-09-16,C0392,Boutique,Pantalons,Jogging,L,1,34.9,0,34.9
18556,2026-09-16,C0005,Boutique,Pantalons,Jean droit,L,1,59.9,0,59.9
18557,2026-09-16,C0568,Boutique,Accessoires,Bonnet,Unique,1,17.9,0,17.9
18557,2026-09-16,C0568,Boutique,Chaussures,Bottines,41,1,109.9,0,109.9
18558,2026-09-16,C0365,Boutique,Pantalons,Jogging,M,1,34.9,0,34.9
18558,2026-09-16,C0365,Boutique,Pulls & sweats,Sweat col rond,M,1,39.9,0,39.9
18559,2026-09-16,C0073,Boutique,Chaussures,Baskets blanches,40,1,89.9,0,89.9
18560,2026-09-16,C0444,Boutique,Vestes,Veste en jean,M,1,79.9,0,79.9
18560,2026-09-16,C0444,Boutique,T-shirts,T-shirt imprimé,S,1,24.9,0,24.9
18561,2026-09-17,C0031,En ligne,Chaussures,Baskets blanches,43,1,89.9,0,89.9
18561,2026-09-17,C0031,En ligne,Chaussures,Sneakers running,44,1,99.9,0,99.9
18562,2026-09-17,C0134,Boutique,Chaussures,Baskets blanches,40,1,89.9,0,89.9
18562,2026-09-17,C0134,Boutique,Pantalons,Pantalon cargo,L,1,49.9,0,49.9
18562,2026-09-17,C0134,Boutique,Accessoires,Écharpe,Unique,1,24.9,0,24.9
18563,2026-09-17,C0611,Boutique,Pulls & sweats,Sweat à capuche,S,1,49.9,0,49.9
18564,2026-09-17,C0425,Boutique,T-shirts,T-shirt imprimé,L,1,24.9,0,24.9
18564,2026-09-17,C0425,Boutique,Pantalons,Jean droit,M,1,59.9,0,59.9
18565,2026-09-17,C0382,Boutique,Accessoires,Casquette,Unique,1,19.9,0,19.9
18565,2026-09-17,C0382,Boutique,Chaussures,Sneakers running,42,1,99.9,0,99.9
18566,2026-09-17,C0362,En ligne,Chaussures,Sneakers running,42,1,99.9,0,99.9
18566,2026-09-17,C0362,En ligne,Pulls & sweats,Pull en laine,M,1,59.9,0,59.9
18567,2026-09-17,C0442,En ligne,T-shirts,T-shirt imprimé,XS,1,24.9,0,24.9
18568,2026-09-17,C0796,En ligne,T-shirts,T-shirt basique,S,2,19.9,0,39.8
18569,2026-09-17,C0085,En ligne,Chaussures,Baskets blanches,42,2,89.9,0,179.8
18570,2026-09-17,C0137,En ligne,Accessoires,Sac banane,Unique,1,34.9,0,34.9
18571,2026-09-17,C0094,Boutique,T-shirts,T-shirt imprimé,M,1,24.9,0,24.9
18572,2026-09-18,C0114,En ligne,Accessoires,Sac banane,Unique,1,34.9,0,34.9
18572,2026-09-18,C0114,En ligne,T-shirts,T-shirt basique,S,1,19.9,0,19.9
18573,2026-09-18,C0140,Boutique,Chaussures,Sneakers running,43,2,99.9,0,199.8
18574,2026-09-18,C0490,Boutique,Chaussures,Baskets blanches,41,2,89.9,0,179.8
18574,2026-09-18,C0490,Boutique,Vestes,Coupe-vent,M,1,64.9,0,64.9
18575,2026-09-18,C0001,En ligne,Accessoires,Bonnet,Unique,1,17.9,0,17.9
18575,2026-09-18,C0001,En ligne,T-shirts,T-shirt imprimé,S,2,24.9,0,49.8
18576,2026-09-18,C0059,Boutique,Accessoires,Bonnet,Unique,1,17.9,0,17.9
18577,2026-09-18,C0006,Boutique,Pantalons,Jean slim,M,1,54.9,0,54.9
18578,2026-09-18,C0056,Boutique,Accessoires,Casquette,Unique,1,19.9,0,19.9
18578,2026-09-18,C0056,Boutique,Pantalons,Jean slim,S,1,54.9,0,54.9
18579,2026-09-18,C0002,Boutique,Vestes,Veste en jean,M,1,79.9,0,79.9
18580,2026-09-18,C0273,En ligne,Chaussures,Bottines,42,2,109.9,0,219.8
18581,2026-09-18,C0599,En ligne,Accessoires,Ceinture,Unique,1,29.9,0,29.9
18581,2026-09-18,C0599,En ligne,Accessoires,Bonnet,Unique,1,17.9,0,17.9
18582,2026-09-18,C0703,En ligne,Accessoires,Ceinture,Unique,1,29.9,0,29.9
18583,2026-09-18,C0601,Boutique,T-shirts,T-shirt oversize,XL,1,29.9,0,29.9
18583,2026-09-18,C0601,Boutique,Pulls & sweats,Pull en laine,S,2,59.9,0,119.8
18584,2026-09-18,C0086,En ligne,Accessoires,Sac banane,Unique,1,34.9,0,34.9
18585,2026-09-18,C0093,En ligne,T-shirts,T-shirt basique,L,1,19.9,0,19.9
18585,2026-09-18,C0093,En ligne,T-shirts,T-shirt oversize,M,1,29.9,0,29.9
18586,2026-09-18,C0039,Boutique,T-shirts,T-shirt imprimé,S,1,24.9,0,24.9
18587,2026-09-18,C0092,Boutique,Accessoires,Sac banane,Unique,1,34.9,0,34.9
18587,2026-09-18,C0092,Boutique,Accessoires,Casquette,Unique,1,19.9,0,19.9
18587,2026-09-18,C0092,Boutique,Pantalons,Jean droit,XS,1,59.9,0,59.9
18588,2026-09-18,C0113,Boutique,T-shirts,T-shirt imprimé,S,1,24.9,0,24.9
18588,2026-09-18,C0113,Boutique,Pulls & sweats,Pull en laine,L,1,59.9,0,59.9
18588,2026-09-18,C0113,Boutique,T-shirts,T-shirt basique,M,1,19.9,0,19.9
18589,2026-09-18,C0005,En ligne,Pantalons,Jean droit,S,1,59.9,0,59.9
18589,2026-09-18,C0005,En ligne,Vestes,Doudoune,XL,1,119.9,0,119.9
18590,2026-09-18,C0606,Boutique,Chaussures,Sneakers running,44,2,99.9,0,199.8
18590,2026-09-18,C0606,Boutique,T-shirts,T-shirt oversize,S,1,29.9,0,29.9
18590,2026-09-18,C0606,Boutique,Accessoires,Écharpe,Unique,1,24.9,0,24.9
18591,2026-09-18,C0176,En ligne,T-shirts,T-shirt imprimé,M,1,24.9,0,24.9
18591,2026-09-18,C0176,En ligne,Accessoires,Bonnet,Unique,2,17.9,0,35.8
18592,2026-09-18,C0014,Boutique,Accessoires,Ceinture,Unique,1,29.9,0,29.9
18592,2026-09-18,C0014,Boutique,Chaussures,Bottines,43,2,109.9,0,219.8
18592,2026-09-18,C0014,Boutique,Pulls & sweats,Sweat col rond,M,1,39.9,0,39.9
18593,2026-09-18,C0533,Boutique,Accessoires,Écharpe,Unique,1,24.9,0,24.9
18594,2026-09-18,C0032,En ligne,Pantalons,Jean droit,XL,1,59.9,0,59.9
18595,2026-09-18,C0240,En ligne,Pantalons,Jean droit,S,1,59.9,0,59.9
18596,2026-09-18,C0887,Boutique,Chaussures,Bottines,39,1,109.9,0,109.9
18597,2026-09-18,C0739,En ligne,Pulls & sweats,Sweat col rond,M,1,39.9,0,39.9
18597,2026-09-18,C0739,En ligne,Pantalons,Jogging,L,1,34.9,0,34.9
18598,2026-09-19,C0668,Boutique,Accessoires,Casquette,Unique,1,19.9,0,19.9
18598,2026-09-19,C0668,Boutique,Pantalons,Jogging,M,1,34.9,0,34.9
18599,2026-09-19,C0025,Boutique,Chaussures,Baskets blanches,39,1,89.9,0,89.9
18600,2026-09-19,C0585,Boutique,T-shirts,T-shirt oversize,XL,1,29.9,0,29.9
18601,2026-09-19,C0086,Boutique,Pantalons,Jean droit,L,2,59.9,0,119.8
18602,2026-09-19,C0044,Boutique,Accessoires,Casquette,Unique,1,19.9,0,19.9
18603,2026-09-19,C0052,En ligne,Pulls & sweats,Pull en laine,M,1,59.9,0,59.9
18603,2026-09-19,C0052,En ligne,Pantalons,Jean slim,XL,1,54.9,0,54.9
18604,2026-09-19,C0412,Boutique,Vestes,Doudoune,S,2,119.9,0,239.8
18604,2026-09-19,C0412,Boutique,Pulls & sweats,Sweat col rond,S,1,39.9,0,39.9
18604,2026-09-19,C0412,Boutique,Accessoires,Écharpe,Unique,1,24.9,0,24.9
18605,2026-09-19,C0112,Boutique,Vestes,Veste en jean,M,1,79.9,0,79.9
18606,2026-09-19,C0101,Boutique,T-shirts,T-shirt imprimé,S,2,24.9,0,49.8
18607,2026-09-19,C0115,Boutique,Accessoires,Casquette,Unique,1,19.9,0,19.9
18607,2026-09-19,C0115,Boutique,T-shirts,T-shirt oversize,XS,2,29.9,0,59.8
18607,2026-09-19,C0115,Boutique,Pantalons,Jogging,M,1,34.9,0,34.9
18608,2026-09-19,C0114,Boutique,Pantalons,Jean slim,L,1,54.9,0,54.9
18609,2026-09-19,C0183,En ligne,Accessoires,Bonnet,Unique,1,17.9,0,17.9
18609,2026-09-19,C0183,En ligne,T-shirts,T-shirt imprimé,S,1,24.9,0,24.9
18610,2026-09-19,C0101,Boutique,Vestes,Veste en jean,S,2,79.9,0,159.8
18611,2026-09-19,C0079,Boutique,Chaussures,Sneakers running,43,1,99.9,0,99.9
18611,2026-09-19,C0079,Boutique,Accessoires,Casquette,Unique,1,19.9,0,19.9
18612,2026-09-19,C0808,Boutique,T-shirts,T-shirt imprimé,M,1,24.9,0,24.9
18612,2026-09-19,C0808,Boutique,Pulls & sweats,Sweat col rond,XL,1,39.9,0,39.9
18613,2026-09-19,C0477,En ligne,Accessoires,Sac banane,Unique,1,34.9,0,34.9
18614,2026-09-19,C0089,Boutique,Pulls & sweats,Sweat col rond,XL,1,39.9,0,39.9
18615,2026-09-19,C0274,Boutique,Pulls & sweats,Pull en laine,M,1,59.9,0,59.9
18615,2026-09-19,C0274,Boutique,T-shirts,T-shirt oversize,M,1,29.9,0,29.9
18616,2026-09-19,C0047,En ligne,Accessoires,Bonnet,Unique,1,17.9,0,17.9
18617,2026-09-19,C0467,Boutique,Accessoires,Casquette,Unique,1,19.9,0,19.9
18618,2026-09-19,C0395,En ligne,Chaussures,Baskets blanches,42,1,89.9,0,89.9
18618,2026-09-19,C0395,En ligne,T-shirts,T-shirt basique,M,1,19.9,0,19.9
18619,2026-09-19,C0119,En ligne,Accessoires,Sac banane,Unique,1,34.9,0,34.9
18619,2026-09-19,C0119,En ligne,Accessoires,Écharpe,Unique,1,24.9,0,24.9
18620,2026-09-19,C0177,Boutique,Pulls & sweats,Sweat col rond,M,1,39.9,0,39.9
18621,2026-09-19,C0058,En ligne,T-shirts,T-shirt oversize,XS,1,29.9,0,29.9
18622,2026-09-21,C0290,En ligne,Accessoires,Écharpe,Unique,1,24.9,0,24.9
18623,2026-09-21,C0484,En ligne,Chaussures,Sneakers running,43,1,99.9,0,99.9
18624,2026-09-21,C0342,Boutique,Pantalons,Jean droit,M,1,59.9,0,59.9
18625,2026-09-21,C0158,Boutique,Accessoires,Bonnet,Unique,1,17.9,0,17.9
18626,2026-09-21,C0079,En ligne,Pulls & sweats,Pull en laine,S,1,59.9,0,59.9
18627,2026-09-21,C0066,En ligne,Accessoires,Sac banane,Unique,1,34.9,0,34.9
18627,2026-09-21,C0066,En ligne,Vestes,Coupe-vent,M,1,64.9,0,64.9
18627,2026-09-21,C0066,En ligne,Pulls & sweats,Pull en laine,L,1,59.9,0,59.9
18628,2026-09-21,C0557,Boutique,Pantalons,Jean droit,L,1,59.9,0,59.9
18629,2026-09-21,C0015,Boutique,Accessoires,Bonnet,Unique,1,17.9,0,17.9
18630,2026-09-21,C0082,Boutique,Accessoires,Écharpe,Unique,1,24.9,0,24.9
18631,2026-09-21,C0616,Boutique,Pantalons,Jogging,XL,1,34.9,0,34.9
18632,2026-09-21,C0299,En ligne,T-shirts,T-shirt imprimé,S,1,24.9,0,24.9
18632,2026-09-21,C0299,En ligne,T-shirts,T-shirt basique,L,1,19.9,0,19.9
18633,2026-09-21,C0022,En ligne,Accessoires,Sac banane,Unique,1,34.9,0,34.9
18633,2026-09-21,C0022,En ligne,T-shirts,T-shirt basique,S,1,19.9,0,19.9
18634,2026-09-21,C0632,Boutique,T-shirts,T-shirt oversize,XL,1,29.9,0,29.9
18634,2026-09-21,C0632,Boutique,T-shirts,T-shirt basique,L,1,19.9,0,19.9
18634,2026-09-21,C0632,Boutique,Vestes,Veste en jean,M,1,79.9,0,79.9
18635,2026-09-21,C0495,En ligne,Chaussures,Baskets blanches,43,1,89.9,0,89.9
18636,2026-09-21,C0067,Boutique,Accessoires,Casquette,Unique,1,19.9,0,19.9
18636,2026-09-21,C0067,Boutique,T-shirts,T-shirt oversize,S,1,29.9,0,29.9
18637,2026-09-21,C0089,Boutique,Accessoires,Écharpe,Unique,1,24.9,0,24.9
18638,2026-09-21,C0023,Boutique,Accessoires,Écharpe,Unique,1,24.9,0,24.9
18639,2026-09-21,C0018,Boutique,Pantalons,Pantalon cargo,M,1,49.9,0,49.9
18640,2026-09-21,C0114,Boutique,Pantalons,Pantalon cargo,M,1,49.9,0,49.9
18640,2026-09-21,C0114,Boutique,Accessoires,Casquette,Unique,2,19.9,0,39.8
18641,2026-09-21,C0784,Boutique,Pantalons,Jogging,L,1,34.9,0,34.9
18641,2026-09-21,C0784,Boutique,Pulls & sweats,Sweat à capuche,S,1,49.9,0,49.9
18641,2026-09-21,C0784,Boutique,Vestes,Coupe-vent,L,1,64.9,0,64.9
18642,2026-09-21,C0201,Boutique,Pantalons,Jean droit,S,1,59.9,0,59.9
18642,2026-09-21,C0201,Boutique,T-shirts,T-shirt imprimé,S,1,24.9,0,24.9
18643,2026-09-21,C0035,Boutique,Pulls & sweats,Pull en laine,S,1,59.9,0,59.9
18644,2026-09-22,C0272,En ligne,Pantalons,Jean droit,L,1,59.9,0,59.9
18645,2026-09-22,C0502,En ligne,Pantalons,Pantalon cargo,L,1,49.9,0,49.9
18645,2026-09-22,C0502,En ligne,T-shirts,T-shirt basique,S,2,19.9,0,39.8
18646,2026-09-22,C0101,En ligne,Pantalons,Pantalon cargo,XL,1,49.9,0,49.9
18646,2026-09-22,C0101,En ligne,T-shirts,T-shirt oversize,L,1,29.9,0,29.9
18647,2026-09-22,C0031,Boutique,Pulls & sweats,Sweat à capuche,S,1,49.9,0,49.9
18648,2026-09-22,C0671,Boutique,T-shirts,T-shirt imprimé,M,1,24.9,0,24.9
18649,2026-09-22,C0606,En ligne,Pantalons,Jean droit,L,1,59.9,0,59.9
18650,2026-09-22,C0602,En ligne,Pantalons,Jean droit,L,2,59.9,0,119.8
18651,2026-09-22,C0112,Boutique,Pulls & sweats,Pull en laine,M,2,59.9,0,119.8
18651,2026-09-22,C0112,Boutique,Vestes,Doudoune,XL,1,119.9,0,119.9
18651,2026-09-22,C0112,Boutique,Vestes,Doudoune,L,1,119.9,0,119.9
18652,2026-09-22,C0656,Boutique,Chaussures,Bottines,44,1,109.9,0,109.9
18653,2026-09-22,C0141,Boutique,Vestes,Veste en jean,L,1,79.9,0,79.9
18654,2026-09-22,C0115,Boutique,Accessoires,Sac banane,Unique,1,34.9,0,34.9
18654,2026-09-22,C0115,Boutique,Pulls & sweats,Sweat à capuche,L,2,49.9,0,99.8
18654,2026-09-22,C0115,Boutique,Pantalons,Jean slim,M,1,54.9,0,54.9
18655,2026-09-22,C0027,En ligne,T-shirts,T-shirt oversize,S,2,29.9,0,59.8
18656,2026-09-22,C0076,Boutique,Chaussures,Sneakers running,39,1,99.9,0,99.9
18657,2026-09-22,C0065,En ligne,T-shirts,T-shirt oversize,M,1,29.9,0,29.9
18657,2026-09-22,C0065,En ligne,T-shirts,T-shirt basique,L,1,19.9,0,19.9
18658,2026-09-22,C0084,En ligne,Pantalons,Jean slim,S,1,54.9,0,54.9
18659,2026-09-22,C0206,Boutique,T-shirts,T-shirt oversize,M,1,29.9,0,29.9
18659,2026-09-22,C0206,Boutique,Accessoires,Bonnet,Unique,2,17.9,0,35.8
18660,2026-09-22,C0134,En ligne,Pantalons,Jean droit,S,2,59.9,0,119.8
18661,2026-09-22,C0505,Boutique,Pulls & sweats,Sweat à capuche,L,2,49.9,0,99.8
18662,2026-09-22,C0852,Boutique,Chaussures,Baskets blanches,44,1,89.9,0,89.9
18663,2026-09-22,C0565,Boutique,Pantalons,Pantalon cargo,XS,1,49.9,0,49.9
18664,2026-09-22,C0353,Boutique,Accessoires,Ceinture,Unique,1,29.9,0,29.9
18664,2026-09-22,C0353,Boutique,Pulls & sweats,Sweat à capuche,L,1,49.9,0,49.9
18664,2026-09-22,C0353,Boutique,Chaussures,Sneakers running,40,1,99.9,0,99.9
18665,2026-09-22,C0105,Boutique,T-shirts,T-shirt basique,S,1,19.9,0,19.9
18665,2026-09-22,C0105,Boutique,Accessoires,Bonnet,Unique,1,17.9,0,17.9
18666,2026-09-23,C0051,Boutique,Accessoires,Écharpe,Unique,1,24.9,0,24.9
18666,2026-09-23,C0051,Boutique,T-shirts,T-shirt imprimé,M,1,24.9,0,24.9
18667,2026-09-23,C0641,Boutique,T-shirts,T-shirt imprimé,S,1,24.9,0,24.9
18668,2026-09-23,C0473,Boutique,Pantalons,Jean slim,XL,1,54.9,0,54.9
18669,2026-09-23,C0022,Boutique,Chaussures,Baskets blanches,42,1,89.9,0,89.9
18669,2026-09-23,C0022,Boutique,Accessoires,Bonnet,Unique,1,17.9,0,17.9
18670,2026-09-23,C0218,En ligne,Accessoires,Ceinture,Unique,1,29.9,0,29.9
18671,2026-09-23,C0103,Boutique,T-shirts,T-shirt basique,S,1,19.9,0,19.9
18672,2026-09-23,C0099,Boutique,Pantalons,Pantalon cargo,L,1,49.9,0,49.9
18673,2026-09-23,C0115,En ligne,Pantalons,Jean slim,XS,1,54.9,0,54.9
18673,2026-09-23,C0115,En ligne,Pantalons,Jogging,S,1,34.9,0,34.9
18674,2026-09-23,C0674,Boutique,T-shirts,T-shirt oversize,S,1,29.9,0,29.9
18674,2026-09-23,C0674,Boutique,Pantalons,Jogging,L,1,34.9,0,34.9
18674,2026-09-23,C0674,Boutique,Pulls & sweats,Sweat col rond,L,1,39.9,0,39.9
18675,2026-09-23,C0056,Boutique,Vestes,Doudoune,M,2,119.9,0,239.8
18676,2026-09-23,C0565,En ligne,Pulls & sweats,Sweat à capuche,S,1,49.9,0,49.9
18677,2026-09-24,C0529,Boutique,Accessoires,Casquette,Unique,1,19.9,0,19.9
18678,2026-09-24,C0786,En ligne,T-shirts,T-shirt oversize,L,1,29.9,0,29.9
18678,2026-09-24,C0786,En ligne,T-shirts,T-shirt basique,M,1,19.9,0,19.9
18678,2026-09-24,C0786,En ligne,Accessoires,Écharpe,Unique,2,24.9,0,49.8
18679,2026-09-24,C0512,Boutique,T-shirts,T-shirt basique,L,1,19.9,0,19.9
18680,2026-09-24,C0341,Boutique,T-shirts,T-shirt basique,XS,2,19.9,0,39.8
18680,2026-09-24,C0341,Boutique,Pulls & sweats,Pull en laine,S,2,59.9,0,119.8
18680,2026-09-24,C0341,Boutique,T-shirts,T-shirt oversize,M,1,29.9,0,29.9
18681,2026-09-24,C0825,En ligne,T-shirts,T-shirt oversize,L,1,29.9,0,29.9
18682,2026-09-24,C0041,En ligne,Vestes,Doudoune,L,1,119.9,0,119.9
18683,2026-09-24,C0737,En ligne,Pulls & sweats,Sweat col rond,XL,1,39.9,0,39.9
18684,2026-09-24,C0192,Boutique,Pantalons,Jean droit,M,1,59.9,0,59.9
18685,2026-09-24,C0544,En ligne,Pantalons,Jogging,S,1,34.9,0,34.9
18686,2026-09-24,C0673,En ligne,Vestes,Coupe-vent,L,1,64.9,0,64.9
18687,2026-09-24,C0002,Boutique,T-shirts,T-shirt imprimé,M,1,24.9,0,24.9
18688,2026-09-24,C0123,En ligne,Chaussures,Sneakers running,43,1,99.9,0,99.9
18689,2026-09-24,C0034,Boutique,Pulls & sweats,Sweat col rond,M,1,39.9,0,39.9
18690,2026-09-24,C0208,En ligne,Pulls & sweats,Pull en laine,L,1,59.9,0,59.9
18691,2026-09-24,C0326,En ligne,Pulls & sweats,Pull en laine,XL,1,59.9,0,59.9
18692,2026-09-24,C0038,Boutique,T-shirts,T-shirt basique,L,1,19.9,0,19.9
18693,2026-09-24,C0494,Boutique,Accessoires,Sac banane,Unique,1,34.9,0,34.9
18694,2026-09-25,C0374,Boutique,Accessoires,Ceinture,Unique,1,29.9,0,29.9
18695,2026-09-25,C0086,Boutique,Chaussures,Baskets blanches,41,1,89.9,0,89.9
18696,2026-09-25,C0627,Boutique,Accessoires,Bonnet,Unique,1,17.9,0,17.9
18697,2026-09-25,C0113,Boutique,Vestes,Veste en jean,M,1,79.9,0,79.9
18697,2026-09-25,C0113,Boutique,Accessoires,Casquette,Unique,1,19.9,0,19.9
18698,2026-09-25,C0037,Boutique,T-shirts,T-shirt imprimé,M,2,24.9,0,49.8
18698,2026-09-25,C0037,Boutique,Pulls & sweats,Pull en laine,M,2,59.9,0,119.8
18699,2026-09-25,C0242,Boutique,Pulls & sweats,Sweat à capuche,M,1,49.9,0,49.9
18700,2026-09-25,C0086,En ligne,T-shirts,T-shirt imprimé,S,1,24.9,0,24.9
18701,2026-09-25,C0708,Boutique,Chaussures,Bottines,41,1,109.9,0,109.9
18701,2026-09-25,C0708,Boutique,Chaussures,Sneakers running,40,1,99.9,0,99.9
18702,2026-09-25,C0214,En ligne,Accessoires,Casquette,Unique,1,19.9,0,19.9
18702,2026-09-25,C0214,En ligne,Chaussures,Bottines,42,2,109.9,0,219.8
18702,2026-09-25,C0214,En ligne,Pantalons,Jean slim,L,1,54.9,0,54.9
18703,2026-09-25,C0724,En ligne,Pulls & sweats,Sweat à capuche,S,2,49.9,0,99.8
18703,2026-09-25,C0724,En ligne,Pantalons,Jean droit,L,1,59.9,0,59.9
18704,2026-09-25,C0467,Boutique,Pantalons,Jogging,XL,1,34.9,0,34.9
18705,2026-09-25,C0049,Boutique,Pantalons,Jean slim,S,1,54.9,0,54.9
18706,2026-09-25,C0191,En ligne,Pantalons,Jean droit,L,1,59.9,0,59.9
18706,2026-09-25,C0191,En ligne,Pantalons,Jogging,L,1,34.9,0,34.9
18707,2026-09-25,C0039,En ligne,Accessoires,Casquette,Unique,1,19.9,0,19.9
18708,2026-09-25,C0186,En ligne,Pulls & sweats,Sweat col rond,M,1,39.9,0,39.9
18708,2026-09-25,C0186,En ligne,Pulls & sweats,Sweat col rond,M,1,39.9,0,39.9
18709,2026-09-25,C0565,Boutique,T-shirts,T-shirt imprimé,M,1,24.9,0,24.9
18710,2026-09-25,C0544,En ligne,T-shirts,T-shirt imprimé,XS,2,24.9,0,49.8
18711,2026-09-25,C0150,En ligne,Pulls & sweats,Sweat à capuche,XL,1,49.9,0,49.9
18712,2026-09-25,C0080,Boutique,Accessoires,Bonnet,Unique,2,17.9,0,35.8
18713,2026-09-25,C0358,En ligne,Accessoires,Sac banane,Unique,1,34.9,0,34.9
18714,2026-09-25,C0010,Boutique,Vestes,Veste en jean,M,1,79.9,0,79.9
18715,2026-09-25,C0649,En ligne,Pantalons,Jogging,XL,1,34.9,0,34.9
18716,2026-09-25,C0100,En ligne,Pantalons,Jean slim,XL,1,54.9,0,54.9
18717,2026-09-25,C0348,En ligne,Pantalons,Pantalon cargo,XS,1,49.9,0,49.9
18718,2026-09-26,C0076,En ligne,Pantalons,Jean slim,L,2,54.9,0,109.8
18718,2026-09-26,C0076,En ligne,Accessoires,Casquette,Unique,2,19.9,0,39.8
18719,2026-09-26,C0319,Boutique,T-shirts,T-shirt oversize,S,1,29.9,0,29.9
18719,2026-09-26,C0319,Boutique,Chaussures,Sneakers running,43,1,99.9,0,99.9
18720,2026-09-26,C0034,Boutique,Pantalons,Jean droit,L,1,59.9,0,59.9
18721,2026-09-26,C0130,Boutique,Pulls & sweats,Sweat à capuche,M,1,49.9,0,49.9
18722,2026-09-26,C0800,Boutique,Accessoires,Sac banane,Unique,1,34.9,0,34.9
18722,2026-09-26,C0800,Boutique,Vestes,Veste en jean,S,2,79.9,0,159.8
18723,2026-09-26,C0606,En ligne,Vestes,Veste en jean,XL,1,79.9,0,79.9
18724,2026-09-26,C0328,Boutique,T-shirts,T-shirt imprimé,M,1,24.9,0,24.9
18725,2026-09-26,C0391,En ligne,T-shirts,T-shirt basique,L,1,19.9,0,19.9
18726,2026-09-26,C0044,Boutique,Pantalons,Jean droit,M,1,59.9,0,59.9
18726,2026-09-26,C0044,Boutique,Chaussures,Bottines,43,1,109.9,0,109.9
18727,2026-09-26,C0512,Boutique,Pantalons,Jean slim,XL,1,54.9,0,54.9
18727,2026-09-26,C0512,Boutique,Pulls & sweats,Pull en laine,L,1,59.9,0,59.9
18727,2026-09-26,C0512,Boutique,Chaussures,Baskets blanches,40,1,89.9,0,89.9
18728,2026-09-26,C0008,Boutique,Chaussures,Sneakers running,44,2,99.9,0,199.8
18728,2026-09-26,C0008,Boutique,Vestes,Coupe-vent,M,1,64.9,0,64.9
18728,2026-09-26,C0008,Boutique,Pantalons,Jean slim,L,1,54.9,0,54.9
18729,2026-09-26,C0534,Boutique,Pulls & sweats,Sweat col rond,S,1,39.9,0,39.9
18730,2026-09-26,C0602,Boutique,T-shirts,T-shirt imprimé,S,1,24.9,0,24.9
18731,2026-09-26,C0040,En ligne,Accessoires,Ceinture,Unique,2,29.9,0,59.8
18731,2026-09-26,C0040,En ligne,Vestes,Coupe-vent,M,1,64.9,0,64.9
18732,2026-09-26,C0074,En ligne,Accessoires,Bonnet,Unique,1,17.9,0,17.9
18733,2026-09-26,C0003,En ligne,Accessoires,Bonnet,Unique,1,17.9,0,17.9
18733,2026-09-26,C0003,En ligne,Chaussures,Sneakers running,41,1,99.9,0,99.9
18734,2026-09-26,C0016,Boutique,T-shirts,T-shirt imprimé,S,1,24.9,0,24.9
18735,2026-09-26,C0091,Boutique,T-shirts,T-shirt basique,L,1,19.9,0,19.9
18736,2026-09-26,C0059,En ligne,T-shirts,T-shirt oversize,S,1,29.9,0,29.9
18737,2026-09-26,C0265,En ligne,Pantalons,Jean droit,L,1,59.9,0,59.9
18738,2026-09-26,C0334,En ligne,Chaussures,Sneakers running,44,1,99.9,0,99.9
18738,2026-09-26,C0334,En ligne,Accessoires,Sac banane,Unique,1,34.9,0,34.9
18738,2026-09-26,C0334,En ligne,T-shirts,T-shirt imprimé,M,1,24.9,0,24.9
18739,2026-09-26,C0540,Boutique,Pantalons,Jogging,L,1,34.9,0,34.9
18740,2026-09-26,C0595,Boutique,T-shirts,T-shirt imprimé,M,1,24.9,0,24.9
18740,2026-09-26,C0595,Boutique,Pantalons,Pantalon cargo,L,1,49.9,0,49.9
18741,2026-09-26,C0122,En ligne,Accessoires,Ceinture,Unique,1,29.9,0,29.9
18742,2026-09-26,C0266,Boutique,Pantalons,Jean slim,S,1,54.9,0,54.9
18743,2026-09-28,C0090,Boutique,Accessoires,Bonnet,Unique,2,17.9,0,35.8
18744,2026-09-28,C0104,En ligne,Accessoires,Écharpe,Unique,1,24.9,0,24.9
18744,2026-09-28,C0104,En ligne,Chaussures,Bottines,40,1,109.9,0,109.9
18745,2026-09-28,C0604,En ligne,T-shirts,T-shirt imprimé,XL,1,24.9,0,24.9
18746,2026-09-28,C0420,Boutique,Pulls & sweats,Pull en laine,XL,1,59.9,0,59.9
18746,2026-09-28,C0420,Boutique,Pantalons,Jogging,S,1,34.9,0,34.9
18747,2026-09-28,C0062,Boutique,T-shirts,T-shirt oversize,M,2,29.9,0,59.8
18748,2026-09-28,C0167,En ligne,T-shirts,T-shirt oversize,XL,1,29.9,0,29.9
18749,2026-09-28,C0061,En ligne,T-shirts,T-shirt oversize,S,1,29.9,0,29.9
18749,2026-09-28,C0061,En ligne,T-shirts,T-shirt imprimé,S,1,24.9,0,24.9
18750,2026-09-28,C0067,En ligne,Vestes,Doudoune,XL,1,119.9,0,119.9
18750,2026-09-28,C0067,En ligne,Chaussures,Sneakers running,40,1,99.9,0,99.9
18750,2026-09-28,C0067,En ligne,Accessoires,Écharpe,Unique,1,24.9,0,24.9
18751,2026-09-28,C0451,Boutique,T-shirts,T-shirt imprimé,M,1,24.9,0,24.9
18752,2026-09-29,C0101,Boutique,Accessoires,Sac banane,Unique,1,34.9,0,34.9
18752,2026-09-29,C0101,Boutique,Pantalons,Jean slim,XS,1,54.9,0,54.9
18753,2026-09-29,C0185,Boutique,T-shirts,T-shirt basique,M,1,19.9,0,19.9
18753,2026-09-29,C0185,Boutique,Pulls & sweats,Sweat col rond,L,1,39.9,0,39.9
18753,2026-09-29,C0185,Boutique,T-shirts,T-shirt oversize,S,1,29.9,0,29.9
18754,2026-09-29,C0074,Boutique,T-shirts,T-shirt imprimé,M,1,24.9,0,24.9
18755,2026-09-29,C0678,En ligne,Pulls & sweats,Sweat à capuche,S,1,49.9,0,49.9
18755,2026-09-29,C0678,En ligne,Pantalons,Jogging,S,1,34.9,0,34.9
18756,2026-09-29,C0107,Boutique,Accessoires,Bonnet,Unique,1,17.9,0,17.9
18757,2026-09-29,C0561,Boutique,Pulls & sweats,Sweat à capuche,S,1,49.9,0,49.9
18758,2026-09-29,C0811,Boutique,Vestes,Doudoune,XS,1,119.9,0,119.9
18758,2026-09-29,C0811,Boutique,Accessoires,Ceinture,Unique,1,29.9,0,29.9
18758,2026-09-29,C0811,Boutique,Pantalons,Jean droit,L,1,59.9,0,59.9
18759,2026-09-29,C0056,En ligne,T-shirts,T-shirt oversize,L,2,29.9,0,59.8
18760,2026-09-29,C0258,Boutique,Accessoires,Bonnet,Unique,1,17.9,0,17.9
18760,2026-09-29,C0258,Boutique,T-shirts,T-shirt imprimé,M,1,24.9,0,24.9
18761,2026-09-29,C0090,En ligne,T-shirts,T-shirt oversize,M,1,29.9,0,29.9
18762,2026-09-29,C0256,Boutique,Pulls & sweats,Sweat à capuche,XL,1,49.9,0,49.9
18763,2026-09-29,C0029,En ligne,T-shirts,T-shirt imprimé,M,1,24.9,0,24.9
18763,2026-09-29,C0029,En ligne,Chaussures,Baskets blanches,40,1,89.9,0,89.9
18763,2026-09-29,C0029,En ligne,Pulls & sweats,Sweat à capuche,L,2,49.9,0,99.8
18764,2026-09-29,C0392,Boutique,T-shirts,T-shirt imprimé,XL,1,24.9,0,24.9
18764,2026-09-29,C0392,Boutique,Accessoires,Sac banane,Unique,1,34.9,0,34.9
18764,2026-09-29,C0392,Boutique,Accessoires,Ceinture,Unique,2,29.9,0,59.8
18765,2026-09-29,C0063,En ligne,Pulls & sweats,Sweat col rond,M,2,39.9,0,79.8
18765,2026-09-29,C0063,En ligne,Vestes,Coupe-vent,M,1,64.9,0,64.9
18766,2026-09-29,C0030,En ligne,Pulls & sweats,Sweat col rond,XS,1,39.9,0,39.9
18767,2026-09-29,C0059,Boutique,Pantalons,Jean droit,M,1,59.9,0,59.9
18767,2026-09-29,C0059,Boutique,Vestes,Coupe-vent,S,1,64.9,0,64.9
18768,2026-09-29,C0116,En ligne,Accessoires,Écharpe,Unique,1,24.9,0,24.9
18769,2026-09-29,C0100,Boutique,Accessoires,Bonnet,Unique,1,17.9,0,17.9
18770,2026-09-29,C0741,Boutique,T-shirts,T-shirt oversize,XL,1,29.9,0,29.9
18771,2026-09-29,C0261,Boutique,Pantalons,Jogging,M,1,34.9,0,34.9
18772,2026-09-29,C0051,En ligne,Accessoires,Ceinture,Unique,1,29.9,0,29.9
18773,2026-09-29,C0520,Boutique,Chaussures,Baskets blanches,40,1,89.9,0,89.9
18774,2026-09-29,C0385,En ligne,Accessoires,Casquette,Unique,1,19.9,0,19.9
18774,2026-09-29,C0385,En ligne,T-shirts,T-shirt oversize,S,1,29.9,0,29.9
18775,2026-09-29,C0073,Boutique,Vestes,Veste en jean,S,1,79.9,0,79.9
18776,2026-09-30,C0010,En ligne,Vestes,Coupe-vent,S,1,64.9,0,64.9
18777,2026-09-30,C0088,En ligne,Chaussures,Sneakers running,40,2,99.9,0,199.8
18778,2026-09-30,C0008,Boutique,Vestes,Coupe-vent,XL,1,64.9,0,64.9
18778,2026-09-30,C0008,Boutique,Pulls & sweats,Sweat col rond,L,1,39.9,0,39.9
18779,2026-09-30,C0783,En ligne,Chaussures,Baskets blanches,44,1,89.9,0,89.9
18780,2026-09-30,C0036,Boutique,Accessoires,Écharpe,Unique,1,24.9,0,24.9
18780,2026-09-30,C0036,Boutique,Pantalons,Jean droit,M,1,59.9,0,59.9
18781,2026-09-30,C0190,Boutique,T-shirts,T-shirt basique,XL,2,19.9,0,39.8
18782,2026-09-30,C0050,Boutique,Chaussures,Baskets blanches,43,1,89.9,0,89.9
18783,2026-09-30,C0606,En ligne,Pulls & sweats,Sweat à capuche,M,1,49.9,0,49.9
18784,2026-09-30,C0053,En ligne,T-shirts,T-shirt oversize,M,1,29.9,0,29.9
18784,2026-09-30,C0053,En ligne,Pantalons,Jean slim,M,1,54.9,0,54.9
18784,2026-09-30,C0053,En ligne,Chaussures,Sneakers running,39,1,99.9,0,99.9
18785,2026-09-30,C0480,Boutique,T-shirts,T-shirt basique,XL,1,19.9,0,19.9
18785,2026-09-30,C0480,Boutique,Pantalons,Jean slim,XL,1,54.9,0,54.9
18786,2026-09-30,C0053,Boutique,T-shirts,T-shirt imprimé,L,1,24.9,0,24.9
18787,2026-09-30,C0635,Boutique,Pulls & sweats,Pull en laine,M,1,59.9,0,59.9
18788,2026-09-30,C0688,En ligne,Accessoires,Bonnet,Unique,1,17.9,0,17.9
18789,2026-09-30,C0890,Boutique,Vestes,Veste en jean,XS,1,79.9,0,79.9
18789,2026-09-30,C0890,Boutique,Pantalons,Jogging,XS,2,34.9,0,69.8
18790,2026-09-30,C0072,En ligne,Pantalons,Jean slim,M,1,54.9,0,54.9
18791,2026-09-30,C0119,En ligne,Accessoires,Écharpe,Unique,1,24.9,0,24.9
18792,2026-09-30,C0023,En ligne,Accessoires,Sac banane,Unique,1,34.9,0,34.9
18793,2026-09-30,C0686,Boutique,Chaussures,Baskets blanches,40,1,89.9,0,89.9
18793,2026-09-30,C0686,Boutique,T-shirts,T-shirt basique,XS,1,19.9,0,19.9
18793,2026-09-30,C0686,Boutique,Pantalons,Jean slim,M,1,54.9,0,54.9
18794,2026-09-30,C0033,Boutique,Accessoires,Bonnet,Unique,1,17.9,0,17.9
18794,2026-09-30,C0033,Boutique,T-shirts,T-shirt oversize,L,1,29.9,0,29.9
18795,2026-09-30,C0006,Boutique,Accessoires,Écharpe,Unique,2,24.9,0,49.8
18795,2026-09-30,C0006,Boutique,T-shirts,T-shirt basique,XS,2,19.9,0,39.8
18796,2026-09-30,C0590,En ligne,Pantalons,Jean slim,XS,1,54.9,0,54.9
18797,2026-09-30,C0586,Boutique,Vestes,Doudoune,XL,2,119.9,0,239.8
18797,2026-09-30,C0586,Boutique,Vestes,Doudoune,S,2,119.9,0,239.8
18798,2026-09-30,C0681,Boutique,Accessoires,Écharpe,Unique,1,24.9,0,24.9
18798,2026-09-30,C0681,Boutique,Pulls & sweats,Sweat à capuche,XL,1,49.9,0,49.9
18798,2026-09-30,C0681,Boutique,T-shirts,T-shirt oversize,L,1,29.9,0,29.9
18799,2026-09-30,C0276,Boutique,T-shirts,T-shirt basique,L,1,19.9,0,19.9
18800,2026-09-30,C0023,Boutique,T-shirts,T-shirt imprimé,M,1,24.9,0,24.9
